編號,總價元
1,15261541.00
2,20111920.00
3,38741744.00
4,12175716.00
5,9483006.00
6,22131560.00
7,24318180.00
8,17248918.00
9,22207120.00
10,26549928.00
11,12885686.00
12,8130275.00
13,28775560.00
14,42568684.00
15,6345266.00
16,16734332.00
17,10271642.00
18,25146192.00
19,11509590.00
20,21980340.00
21,26267188.00
22,13695064.00
23,12126877.00
24,13142915.00
25,12316965.00
26,16964074.00
27,19925326.00
28,32211852.00
29,35782876.00
30,26305122.00
31,6124837.00
32,30712116.00
33,10834036.00
34,4518277.00
35,26320216.00
36,13654292.00
37,34462988.00
38,17531576.00
39,34171860.00
40,5213196.00
41,12042299.00
42,7889272.50
43,13447868.00
44,18887024.00
45,4072979.00
46,23477478.00
47,23182552.00
48,21883118.00
49,13410956.00
50,13355636.00
51,17801332.00
52,15854775.00
53,12121330.00
54,12615784.00
55,44182972.00
56,27793876.00
57,15906740.00
58,13925327.00
59,16347291.00
60,19938416.00
61,15408831.00
62,16176342.00
63,12020338.00
64,10213238.00
65,68451120.00
66,16379850.00
67,27636916.00
68,12376323.00
69,7563962.00
70,12968788.00
71,9581126.00
72,15661917.00
73,38011596.00
74,14535405.00
75,13153107.00
76,4954606.00
77,24178992.00
78,33220948.00
79,52081284.00
80,7997394.50
81,18072018.00
82,10533240.00
83,11632791.00
84,9840260.00
85,8421542.00
86,18663204.00
87,14227892.00
88,16257170.00
89,20066248.00
90,10279838.00
91,7804858.00
92,9920039.00
93,14474524.00
94,19874076.00
95,34703140.00
96,8426448.00
97,12331247.00
98,13764558.00
99,27384442.00
100,43221864.00
101,19903756.00
102,10927208.00
103,11216109.00
104,11447516.00
105,32198440.00
106,11118422.00
107,33486416.00
108,12524040.00
109,16023729.00
110,13769508.00
111,11852850.00
112,12093332.00
113,16295501.00
114,7931634.50
115,15804970.00
116,6566266.00
117,15927964.00
118,15856417.00
119,11136027.00
120,21135186.00
121,13358703.00
122,6023436.00
123,11885492.00
124,8893958.00
125,27681236.00
126,56954684.00
127,15671738.00
128,17979232.00
129,28829816.00
130,10423194.00
131,12348438.00
132,31135642.00
133,8755731.00
134,16672581.00
135,7492330.00
136,19952068.00
137,9354340.00
138,27631430.00
139,69952232.00
140,19098908.00
141,15814688.00
142,10353370.00
143,12867928.00
144,3494947.00
145,17773462.00
146,12195206.00
147,25603240.00
148,23889406.00
149,71396296.00
150,13229116.00
151,18490682.00
152,20559562.00
153,10320701.00
154,9109462.00
155,29068712.00
156,34977004.00
157,20808372.00
158,19401598.00
159,11438484.00
160,14377439.00
161,31442328.00
162,7614022.50
163,15610856.00
164,13931860.00
165,8995284.00
166,18742650.00
167,13464572.00
168,13138546.00
169,21891238.00
170,14758420.00
171,27662692.00
172,8129005.50
173,65049972.00
174,16512444.00
175,26761960.00
176,11687100.00
177,11055058.00
178,7459027.00
179,27973032.00
180,24385402.00
181,12579672.00
182,24567248.00
183,12082506.00
184,13252253.00
185,14515534.00
186,11821164.00
187,33250810.00
188,19197708.00
189,18561032.00
190,41127908.00
191,6670950.00
192,16197966.00
193,13080463.00
194,32906864.00
195,19508886.00
196,11051377.00
197,9679049.00
198,28954724.00
199,11097761.00
200,20265316.00
201,10974746.00
202,8887703.00
203,21864728.00
204,19756538.00
205,12405600.00
206,19823804.00
207,11119473.00
208,5428139.00
209,29096504.00
210,25186260.00
211,33888920.00
212,27592794.00
213,30453608.00
214,25567768.00
215,10796640.00
216,12320102.00
217,13527348.00
218,10153879.00
219,6078164.00
220,21559656.00
221,13963802.00
222,14058196.00
223,6306157.00
224,17901636.00
225,11959836.00
226,9000442.00
227,14304434.00
228,8221110.00
229,9222831.00
230,28095460.00
231,10286862.00
232,25258416.00
233,40926272.00
234,15679834.00
235,14856512.00
236,24872988.00
237,18597530.00
238,44649020.00
239,11355889.00
240,36816468.00
241,25224628.00
242,7405174.50
243,18120664.00
244,23929356.00
245,20560904.00
246,31374110.00
247,5737107.00
248,16561178.00
249,10133139.00
250,23614086.00
251,9428763.00
252,17369210.00
253,28341284.00
254,23573156.00
255,31525328.00
256,15951900.00
257,15974431.00
258,17750068.00
259,21048224.00
260,93211808.00
261,19724828.00
262,6568682.00
263,34972424.00
264,15040424.00
265,10441161.00
266,11294662.00
267,17418884.00
268,13325472.00
269,9828586.00
270,8794374.00
271,24545420.00
272,15039281.00
273,12520102.00
274,16942674.00
275,16157425.00
276,8408212.00
277,15684820.00
278,13127834.00
279,9031418.00
280,15305747.00
281,10403077.00
282,15680169.00
283,18154556.00
284,15052655.00
285,4465344.00
286,14653917.00
287,29164830.00
288,21613352.00
289,16598644.00
290,47282016.00
291,25513922.00
292,32969124.00
293,8755008.00
294,9106896.00
295,4386730.00
296,14429728.00
297,9413032.00
298,36844860.00
299,4817870.00
300,27192970.00
301,11768397.00
302,24238124.00
303,17374242.00
304,14314721.00
305,12705806.00
306,18639866.00
307,11284810.00
308,16788482.00
309,16995912.00
310,6363932.00
311,21224620.00
312,17021354.00
313,26120570.00
314,11743672.00
315,5406363.00
316,9370275.00
317,9411332.00
318,15505829.00
319,6972879.50
320,51172752.00
321,10722263.00
322,32390028.00
323,16873696.00
324,39136460.00
325,13453373.00
326,12660049.00
327,16787376.00
328,9509406.00
329,6364119.00
330,97569328.00
331,6399612.00
332,52247008.00
333,23177420.00
334,14685231.00
335,15038875.00
336,9781996.00
337,9870212.00
338,18528570.00
339,21320726.00
340,19329616.00
341,9353088.00
342,16702899.00
343,20089700.00
344,21152314.00
345,5948691.00
346,15259274.00
347,10479508.00
348,17408600.00
349,10666094.00
350,8933402.00
351,12168893.00
352,38626004.00
353,30335640.00
354,10361395.00
355,16495910.00
356,18367428.00
357,20560168.00
358,6776906.00
359,11822212.00
360,10897732.00
361,15363764.00
362,132169648.00
363,20214912.00
364,12375411.00
365,33321374.00
366,8672242.00
367,9090224.00
368,20299574.00
369,11951494.00
370,14937187.00
371,24262686.00
372,12583375.00
373,25361096.00
374,10441161.00
375,18322782.00
376,18288044.00
377,25522188.00
378,18190962.00
379,137168144.00
380,14288352.00
381,13289571.00
382,45501544.00
383,12405055.00
384,44546976.00
385,8148637.00
386,20463864.00
387,25333400.00
388,10560106.00
389,16665363.00
390,9122866.00
391,11409760.00
392,13152325.00
393,7615939.00
394,12072402.00
395,14029541.00
396,16994936.00
397,14372396.00
398,14748877.00
399,18649694.00
400,16052436.00
401,21608634.00
402,25869752.00
403,22743900.00
404,67692736.00
405,19850980.00
406,24929036.00
407,19847948.00
408,38696116.00
409,18145750.00
410,9309610.00
411,20462144.00
412,38187040.00
413,13622305.00
414,11387116.00
415,17084462.00
416,18214182.00
417,7744330.00
418,13610682.00
419,12685774.00
420,7458773.00
421,8343138.00
422,30308638.00
423,30441300.00
424,18771556.00
425,74424984.00
426,41182088.00
427,18925324.00
428,11663077.00
429,11875825.00
430,7563595.50
431,13227821.00
432,35432516.00
433,16552753.00
434,10261598.00
435,10526559.00
436,40655212.00
437,13057974.00
438,8197407.50
439,11488534.00
440,11327460.00
441,8717398.00
442,27316190.00
443,13184716.00
444,16912486.00
445,20572012.00
446,7160207.50
447,16752372.00
448,11343985.00
449,16484175.00
450,28389992.00
451,18847308.00
452,5484003.00
453,20820128.00
454,21685242.00
455,12794452.00
456,15754349.00
457,15201797.00
458,8022994.00
459,13897174.00
460,24144244.00
461,15465076.00
462,12534424.00
463,9243079.00
464,10939599.00
465,34289960.00
466,11109780.00
467,11485373.00
468,16448549.00
469,9628908.00
470,20696208.00
471,8785198.00
472,19150266.00
473,28250238.00
474,102766048.00
475,5438840.50
476,18872132.00
477,9901500.00
478,12298321.00
479,11539848.00
480,105500184.00
481,9937679.00
482,21565424.00
483,16220632.00
484,15369431.00
485,25221192.00
486,12797260.00
487,15050132.00
488,10485684.00
489,15100204.00
490,7550108.00
491,10126948.00
492,8407693.00
493,7406022.00
494,16856302.00
495,14555775.00
496,15724826.00
497,14211546.00
498,21708656.00
499,16564570.00
500,11806056.00
501,22869672.00
502,18893858.00
503,9117400.00
504,20586254.00
505,10386378.00
506,12675112.00
507,24844168.00
508,29808788.00
509,7336137.50
510,10076729.00
511,15834401.00
512,22430558.00
513,15431722.00
514,7002438.00
515,7841405.00
516,34850132.00
517,10832520.00
518,19832862.00
519,10570473.00
520,19976090.00
521,50327384.00
522,9981446.00
523,14741306.00
524,7929230.50
525,8006697.00
526,40180252.00
527,8622214.00
528,15134729.00
529,11908310.00
530,13157786.00
531,22598968.00
532,34747500.00
533,21558424.00
534,11490778.00
535,9142532.00
536,13342170.00
537,19622184.00
538,21322542.00
539,14228232.00
540,14053915.00
541,11510505.00
542,6825968.50
543,45586840.00
544,15912317.00
545,14748433.00
546,8214365.00
547,13058924.00
548,15847503.00
549,11460827.00
550,15858239.00
551,9768982.00
552,9425469.00
553,10534140.00
554,19596844.00
555,7411038.50
556,44367280.00
557,14592800.00
558,10019274.00
559,20229780.00
560,6312725.00
561,15008832.00
562,28711900.00
563,17707920.00
564,21740464.00
565,20475644.00
566,20428260.00
567,15653535.00
568,15246179.00
569,9544304.00
570,3572138.00
571,3344162.00
572,10509258.00
573,22367476.00
574,10811078.00
575,20946218.00
576,21094970.00
577,19218834.00
578,11093787.00
579,8253331.00
580,53493584.00
581,13410854.00
582,12038044.00
583,31514682.00
584,19305348.00
585,10353370.00
586,9066383.00
587,14858467.00
588,6838176.50
589,13799421.00
590,22151942.00
591,12785376.00
592,25876072.00
593,28153210.00
594,11695421.00
595,15418959.00
596,25774326.00
597,16569766.00
598,10179673.00
599,5382667.00
600,8853737.00
601,14018463.00
602,12409060.00
603,11364951.00
604,12304023.00
605,8469899.00
606,29211550.00
607,17015462.00
608,11240236.00
609,8791716.00
610,28048432.00
611,21418162.00
612,12734360.00
613,12746168.00
614,24861384.00
615,4853526.00
616,16744512.00
617,5019318.00
618,26198164.00
619,21571944.00
620,25156442.00
621,11755615.00
622,18073146.00
623,50110020.00
624,12857821.00
625,5759687.00
626,9617908.00
627,35486916.00
628,11901420.00
629,11006048.00
630,10024330.00
631,10000888.00
632,16223476.00
633,18129200.00
634,11165235.00
635,15729245.00
636,18212560.00
637,18781134.00
638,37463016.00
639,9510998.00
640,8997537.00
641,7416070.00
642,21802868.00
643,47317300.00
644,10720456.00
645,37243344.00
646,17263200.00
647,11324865.00
648,11262220.00
649,19796484.00
650,20195452.00
651,14414687.00
652,16100396.00
653,10125148.00
654,10721287.00
655,21189164.00
656,18268324.00
657,29033664.00
658,12058214.00
659,12105083.00
660,11160659.00
661,23891184.00
662,31361828.00
663,37653564.00
664,19669404.00
665,12103188.00
666,27137308.00
667,10719541.00
668,26671046.00
669,19632810.00
670,10727596.00
671,11510008.00
672,16307219.00
673,32013000.00
674,13468846.00
675,19566948.00
676,16440280.00
677,15322738.00
678,10272286.00
679,14820419.00
680,14384344.00
681,10507242.00
682,7449133.50
683,12500945.00
684,41146240.00
685,8430765.00
686,34536588.00
687,9537147.00
688,25458248.00
689,18873982.00
690,23368360.00
691,15729912.00
692,20428104.00
693,28787092.00
694,10524365.00
695,10335608.00
696,36928388.00
697,10717090.00
698,17944744.00
699,13820196.00
700,14797686.00
701,17810010.00
702,10127053.00
703,7184296.50
704,22940600.00
705,22260436.00
706,27014088.00
707,11723732.00
708,5969991.00
709,20402188.00
710,9638585.00
711,8690592.00
712,7471761.50
713,10564461.00
714,41104148.00
715,10769576.00
716,19738720.00
717,35543560.00
718,21172962.00
719,10348874.00
720,13654173.00
721,31642956.00
722,18282456.00
723,7207310.50
724,4344120.00
725,22276308.00
726,8586528.00
727,39536636.00
728,16823482.00
729,15963247.00
730,11509236.00
731,33102932.00
732,15331919.00
733,19501262.00
734,14548154.00
735,28023454.00
736,26468670.00
737,16502156.00
738,8427940.00
739,43249340.00
740,16435476.00
741,11556366.00
742,29206040.00
743,67082208.00
744,21793054.00
745,21193516.00
746,14112532.00
747,18828184.00
748,25228716.00
749,8296275.00
750,8921322.00
751,17813772.00
752,161215264.00
753,11923604.00
754,13943894.00
755,14895014.00
756,10970291.00
757,31885304.00
758,11685096.00
759,10467730.00
760,9731026.00
761,12058918.00
762,13489546.00
763,17561832.00
764,14331338.00
765,12593311.00
766,7404182.00
767,16893622.00
768,45545888.00
769,8382160.00
770,15244465.00
771,19110346.00
772,6761195.50
773,24211892.00
774,15214816.00
775,7984307.00
776,13186912.00
777,19761942.00
778,10629652.00
779,265646608.00
780,20288470.00
781,16557024.00
782,17830090.00
783,21815384.00
784,29211880.00
785,5924714.00
786,18049906.00
787,26436864.00
788,20229224.00
789,17358986.00
790,18942400.00
791,33323408.00
792,6569592.50
793,16956982.00
794,8543410.00
795,36223896.00
796,19286254.00
797,13251395.00
798,17365266.00
799,14528672.00
800,12292236.00
801,17335942.00
802,10536314.00
803,6967016.50
804,11464704.00
805,12170573.00
806,6823268.00
807,14431025.00
808,13816716.00
809,14987788.00
810,17370654.00
811,7999038.50
812,12423155.00
813,23843462.00
814,8329282.00
815,14813874.00
816,12476137.00
817,10526089.00
818,14980997.00
819,16716502.00
820,9505913.00
821,12498874.00
822,19624724.00
823,27782380.00
824,12749920.00
825,8477968.00
826,15281304.00
827,19747012.00
828,12744084.00
829,13226063.00
830,18595620.00
831,5809678.00
832,17388064.00
833,36931280.00
834,9842946.00
835,24312628.00
836,7980699.00
837,56535924.00
838,7309128.50
839,10434060.00
840,16632925.00
841,9801439.00
842,24324910.00
843,14255841.00
844,18926100.00
845,7414527.50
846,22542544.00
847,18074558.00
848,22319348.00
849,18491956.00
850,14445048.00
851,15529216.00
852,19000718.00
853,33456312.00
854,17350400.00
855,38699772.00
856,25741992.00
857,10867108.00
858,26016696.00
859,18426906.00
860,10041558.00
861,12521050.00
862,16278472.00
863,7999702.00
864,17596128.00
865,30673566.00
866,4415539.00
867,25888778.00
868,26344440.00
869,31198016.00
870,41172352.00
871,20993502.00
872,16340230.00
873,19335106.00
874,12790438.00
875,27227920.00
876,8622182.00
877,16544795.00
878,21140060.00
879,9650601.00
880,15968568.00
881,19476984.00
882,39603436.00
883,41744748.00
884,17131476.00
885,9942208.00
886,8827112.00
887,38786532.00
888,21144474.00
889,9601444.00
890,12468140.00
891,9780930.00
892,9690724.00
893,12070444.00
894,22566808.00
895,10870415.00
896,17704154.00
897,12759921.00
898,17953800.00
899,65506280.00
900,28792578.00
901,34947480.00
902,20693090.00
903,14294479.00
904,9887508.00
905,13966580.00
906,29515522.00
907,11352480.00
908,13342787.00
909,28970276.00
910,34198492.00
911,11029283.00
912,14928218.00
913,23454256.00
914,11946447.00
915,17270176.00
916,9902047.00
917,23623652.00
918,30923496.00
919,24808842.00
920,15769016.00
921,9030431.00
922,19299592.00
923,15160594.00
924,9156424.00
925,10434203.00
926,11302182.00
927,11377795.00
928,16125713.00
929,10838218.00
930,12369106.00
931,12821526.00
932,7934370.50
933,11119213.00
934,5957612.00
935,7887382.00
936,18497832.00
937,31754224.00
938,17276912.00
939,19326274.00
940,21362130.00
941,11803630.00
942,9668070.00
943,15738081.00
944,6472802.00
945,11777542.00
946,9574779.00
947,14536141.00
948,19728312.00
949,19433340.00
950,16434499.00
951,6866989.50
952,13582656.00
953,12376632.00
954,8763419.00
955,7100453.00
956,6814998.50
957,28472540.00
958,34054432.00
959,13101027.00
960,11613924.00
961,16685219.00
962,9510506.00
963,7138542.50
964,7055133.00
965,9993222.00
966,55472436.00
967,36268940.00
968,22479724.00
969,6291968.00
970,19904842.00
971,18840210.00
972,10863218.00
973,5181604.00
974,11723018.00
975,12338862.00
976,19552832.00
977,15193828.00
978,42721304.00
979,13605944.00
980,14190700.00
981,31334974.00
982,24236820.00
983,24537088.00
984,11393498.00
985,11683410.00
986,12522956.00
987,14026816.00
988,16494833.00
989,7742543.50
990,10416214.00
991,21628506.00
992,7871721.00
993,7517526.00
994,7375676.00
995,30660212.00
996,9021989.00
997,7452694.50
998,15707178.00
999,11918093.00
1000,32622648.00
1001,20760988.00
1002,21287178.00
1003,13259615.00
1004,15946115.00
1005,34950984.00
1006,16103235.00
1007,4701691.00
1008,14941681.00
1009,27734686.00
1010,22328038.00
1011,11185898.00
1012,13194734.00
1013,27018246.00
1014,15464069.00
1015,9422848.00
1016,18611938.00
1017,37422960.00
1018,34921656.00
1019,26944326.00
1020,11758180.00
1021,10012883.00
1022,15782212.00
1023,12136678.00
1024,7744854.50
1025,18205694.00
1026,17878724.00
1027,17680734.00
1028,11506747.00
1029,6079036.00
1030,7244184.50
1031,13550117.00
1032,17441232.00
1033,15101885.00
1034,12243932.00
1035,17149186.00
1036,31947084.00
1037,25356104.00
1038,210701376.00
1039,21286806.00
1040,19710690.00
1041,13153304.00
1042,17753202.00
1043,10764756.00
1044,33844588.00
1045,22044828.00
1046,26970398.00
1047,16800932.00
1048,13246556.00
1049,15853503.00
1050,16037170.00
1051,15049801.00
1052,5202724.00
1053,9778788.00
1054,19714406.00
1055,17422204.00
1056,13821414.00
1057,11501356.00
1058,12567203.00
1059,16398203.00
1060,8767757.00
1061,18800010.00
1062,24361612.00
1063,9910642.00
1064,11243244.00
1065,21327460.00
1066,18685854.00
1067,24645086.00
1068,7973453.00
1069,14537591.00
1070,21178826.00
1071,23217782.00
1072,5448545.50
1073,19820146.00
1074,13154266.00
1075,13171555.00
1076,11149056.00
1077,24644834.00
1078,28158348.00
1079,13611278.00
1080,30453608.00
1081,9412334.00
1082,31555254.00
1083,16717219.00
1084,19580480.00
1085,11705277.00
1086,6183031.00
1087,9884368.00
1088,27495128.00
1089,35731768.00
1090,9221126.00
1091,36689900.00
1092,4036215.00
1093,19839096.00
1094,15712689.00
1095,10561387.00
1096,22776850.00
1097,44081560.00
1098,8694778.00
1099,10039406.00
1100,21915330.00
1101,6621665.50
1102,25907700.00
1103,30460232.00
1104,11038058.00
1105,10698402.00
1106,9121372.00
1107,14511756.00
1108,8046941.00
1109,16114305.00
1110,6656119.50
1111,15066218.00
1112,12330358.00
1113,12691050.00
1114,12373942.00
1115,8158259.00
1116,20808372.00
1117,15959570.00
1118,11314609.00
1119,13794858.00
1120,16759132.00
1121,8983568.00
1122,38925348.00
1123,11011990.00
1124,51509380.00
1125,13941123.00
1126,9760628.00
1127,3901254.00
1128,16294712.00
1129,11668977.00
1130,11342669.00
1131,33389172.00
1132,9166516.00
1133,14833656.00
1134,30040776.00
1135,6531366.00
1136,8927451.00
1137,19043254.00
1138,7974461.00
1139,5388033.50
1140,9603761.00
1141,15428614.00
1142,13384204.00
1143,12393582.00
1144,14943530.00
1145,22420440.00
1146,15675891.00
1147,42993048.00
1148,23418332.00
1149,5052044.00
1150,10162014.00
1151,30580744.00
1152,13592445.00
1153,6985725.00
1154,20750336.00
1155,42128372.00
1156,7286614.00
1157,15615069.00
1158,30180456.00
1159,16154689.00
1160,18942292.00
1161,21795290.00
1162,16574986.00
1163,13492154.00
1164,7871998.50
1165,32544976.00
1166,20155186.00
1167,11123622.00
1168,26624692.00
1169,11204024.00
1170,13896978.00
1171,7113537.50
1172,21772870.00
1173,14010629.00
1174,31109714.00
1175,27335614.00
1176,16240780.00
1177,10975066.00
1178,13295999.00
1179,12920004.00
1180,1920177.88
1181,15612870.00
1182,17072368.00
1183,63612648.00
1184,18318888.00
1185,27839736.00
1186,21572470.00
1187,30304272.00
1188,9694652.00
1189,8737314.00
1190,24734178.00
1191,11899404.00
1192,23908352.00
1193,19389262.00
1194,26462214.00
1195,22261750.00
1196,21096026.00
1197,14454152.00
1198,10470707.00
1199,26252584.00
1200,17271966.00
1201,11454403.00
1202,9619591.00
1203,12017519.00
1204,11006316.00
1205,27271586.00
1206,26453016.00
1207,11559779.00
1208,21662400.00
1209,32647906.00
1210,11572109.00
1211,37303736.00
1212,7748570.00
1213,16026668.00
1214,10554896.00
1215,13635177.00
1216,39770488.00
1217,15416339.00
1218,24144454.00
1219,10480677.00
1220,14164285.00
1221,15776142.00
1222,16003370.00
1223,17357066.00
1224,30417904.00
1225,12752874.00
1226,9735234.00
1227,8552696.00
1228,8465136.00
1229,12791206.00
1230,15125402.00
1231,26196424.00
1232,23102074.00
1233,15404669.00
1234,21095982.00
1235,10368005.00
1236,36306412.00
1237,21474480.00
1238,18828972.00
1239,24624336.00
1240,16787310.00
1241,28581274.00
1242,48406888.00
1243,6262003.00
1244,20309732.00
1245,6853447.50
1246,25155486.00
1247,22051928.00
1248,11266833.00
1249,105535840.00
1250,14312058.00
1251,24541136.00
1252,26630420.00
1253,6634259.00
1254,17376972.00
1255,10359058.00
1256,21186672.00
1257,24088812.00
1258,8571995.00
1259,9642572.00
1260,5575774.50
1261,11248965.00
1262,7259998.50
1263,15418301.00
1264,12101786.00
1265,28420632.00
1266,15725380.00
1267,12911543.00
1268,19377992.00
1269,22685996.00
1270,31272692.00
1271,10960093.00
1272,19901492.00
1273,10248328.00
1274,16222156.00
1275,10800719.00
1276,10121846.00
1277,24835184.00
1278,63778180.00
1279,7796238.50
1280,8972794.00
1281,12500888.00
1282,43247356.00
1283,10277592.00
1284,38085576.00
1285,11239432.00
1286,29601304.00
1287,7038418.00
1288,10806705.00
1289,11505064.00
1290,16577842.00
1291,10724272.00
1292,14659412.00
1293,21523200.00
1294,10389192.00
1295,67199632.00
1296,12586565.00
1297,8970180.00
1298,21485976.00
1299,11108800.00
1300,10550934.00
1301,14751886.00
1302,11536497.00
1303,5928166.00
1304,34432112.00
1305,6960714.00
1306,13735107.00
1307,17989228.00
1308,17010158.00
1309,14291429.00
1310,23777054.00
1311,9609910.00
1312,20654968.00
1313,19732570.00
1314,14567021.00
1315,15565084.00
1316,20936888.00
1317,6018630.00
1318,14593862.00
1319,20712456.00
1320,33684320.00
1321,21595962.00
1322,12102548.00
1323,27009364.00
1324,11621477.00
1325,5114173.00
1326,46440828.00
1327,21708020.00
1328,46866024.00
1329,11554609.00
1330,14121057.00
1331,31180288.00
1332,16421249.00
1333,18773738.00
1334,12881230.00
1335,30603258.00
1336,11974460.00
1337,20573256.00
1338,9646450.00
1339,10122380.00
1340,19339706.00
1341,20812580.00
1342,17326848.00
1343,11130049.00
1344,13450555.00
1345,11195748.00
1346,10441264.00
1347,26896740.00
1348,7581156.50
1349,15324197.00
1350,29048268.00
1351,6875164.00
1352,14739652.00
1353,13364070.00
1354,11055602.00
1355,14532645.00
1356,15510541.00
1357,19074104.00
1358,46169752.00
1359,24503966.00
1360,10346549.00
1361,12095145.00
1362,8182029.00
1363,25157656.00
1364,16959228.00
1365,19576642.00
1366,8308446.00
1367,27832138.00
1368,8102403.00
1369,9907168.00
1370,17551718.00
1371,33073850.00
1372,38862044.00
1373,6966759.50
1374,22193280.00
1375,22474490.00
1376,16239533.00
1377,8274160.50
1378,7567835.00
1379,18667510.00
1380,13142934.00
1381,33658772.00
1382,13343212.00
1383,11719622.00
1384,9869286.00
1385,8088938.00
1386,33057972.00
1387,15874716.00
1388,36951496.00
1389,5295875.00
1390,24287820.00
1391,39483832.00
1392,19324176.00
1393,11110104.00
1394,17340940.00
1395,24572798.00
1396,17704962.00
1397,28309658.00
1398,22052816.00
1399,39074100.00
1400,12238122.00
1401,22358302.00
1402,13298719.00
1403,12841670.00
1404,43741032.00
1405,6847024.50
1406,10063320.00
1407,7217857.50
1408,31842424.00
1409,21681876.00
1410,19010810.00
1411,31955956.00
1412,10457734.00
1413,20015240.00
1414,34179920.00
1415,10446209.00
1416,9822344.00
1417,18150780.00
1418,20683480.00
1419,12038618.00
1420,10254928.00
1421,16790624.00
1422,7971247.50
1423,5245846.00
1424,24862572.00
1425,9589520.00
1426,19555436.00
1427,37173740.00
1428,34558924.00
1429,10121860.00
1430,6071691.00
1431,14954746.00
1432,16094838.00
1433,12296088.00
1434,18057524.00
1435,16824722.00
1436,25357304.00
1437,23249050.00
1438,6006305.50
1439,21612912.00
1440,13718305.00
1441,9957986.00
1442,11987007.00
1443,9163659.00
1444,22199754.00
1445,16035075.00
1446,11995172.00
1447,9634326.00
1448,19923966.00
1449,11210801.00
1450,18583676.00
1451,31414372.00
1452,10061160.00
1453,18980164.00
1454,17557440.00
1455,21199308.00
1456,14688988.00
1457,149423648.00
1458,24702538.00
1459,6395475.00
1460,6015473.50
1461,12616061.00
1462,9479418.00
1463,17461350.00
1464,9458571.00
1465,23118056.00
1466,49808072.00
1467,26130612.00
1468,9990678.00
1469,15826054.00
1470,77902440.00
1471,21281660.00
1472,7237185.50
1473,22720744.00
1474,8245790.50
1475,73179752.00
1476,17970128.00
1477,35347632.00
1478,7164138.00
1479,16937126.00
1480,24339684.00
1481,378047776.00
1482,32048926.00
1483,15243759.00
1484,11425807.00
1485,24313144.00
1486,4422380.00
1487,7814297.50
1488,39834716.00
1489,21009302.00
1490,22836962.00
1491,10702370.00
1492,16864786.00
1493,12969125.00
1494,15182479.00
1495,15587700.00
1496,15849681.00
1497,19554776.00
1498,8477622.00
1499,16322126.00
1500,14811825.00
1501,9306845.00
1502,11013123.00
1503,36514900.00
1504,10771679.00
1505,8429548.00
1506,43221864.00
1507,9036571.00
1508,10065844.00
1509,17817380.00
1510,13309640.00
1511,13336539.00
1512,26887308.00
1513,8277437.00
1514,14619843.00
1515,18163890.00
1516,15183780.00
1517,11658870.00
1518,34812740.00
1519,8237603.00
1520,20432514.00
1521,10037763.00
1522,40753188.00
1523,14933202.00
1524,25629368.00
1525,11637768.00
1526,7260429.50
1527,9309930.00
1528,12160243.00
1529,14807977.00
1530,18856666.00
1531,37545944.00
1532,13010089.00
1533,10527967.00
1534,5299412.00
1535,24517292.00
1536,22803270.00
1537,34160804.00
1538,7190509.50
1539,16069932.00
1540,18801970.00
1541,22163072.00
1542,17258668.00
1543,13203881.00
1544,31083892.00
1545,13058606.00
1546,7947456.00
1547,22232198.00
1548,20824652.00
1549,25263526.00
1550,14467588.00
1551,8082130.50
1552,15764498.00
1553,12718688.00
1554,14602970.00
1555,15548918.00
1556,21071582.00
1557,15574810.00
1558,8783402.00
1559,13906153.00
1560,54455492.00
1561,10275928.00
1562,15853347.00
1563,16908636.00
1564,7929858.50
1565,23102074.00
1566,9977623.00
1567,31004826.00
1568,25878932.00
1569,18481144.00
1570,7521580.00
1571,6671686.00
1572,18235570.00
1573,10457734.00
1574,14430801.00
1575,12326834.00
1576,6514597.00
1577,16215779.00
1578,8613688.00
1579,11578015.00
1580,25689938.00
1581,17062662.00
1582,8090720.00
1583,4250564.00
1584,47098064.00
1585,10032131.00
1586,9352826.00
1587,28228480.00
1588,10960234.00
1589,10395222.00
1590,11057900.00
1591,8836390.00
1592,16248951.00
1593,10460544.00
1594,11920095.00
1595,42969584.00
1596,8214365.00
1597,6356641.50
1598,12843398.00
1599,14789167.00
1600,13614147.00
1601,23054628.00
1602,11049422.00
1603,10284356.00
1604,18425262.00
1605,19558152.00
1606,8568764.00
1607,10867864.00
1608,36217508.00
1609,16548461.00
1610,19297772.00
1611,38990200.00
1612,7115354.00
1613,11610478.00
1614,30203258.00
1615,19979632.00
1616,21308616.00
1617,11446104.00
1618,11342002.00
1619,12139427.00
1620,33559160.00
1621,10241638.00
1622,31043724.00
1623,23870648.00
1624,20751350.00
1625,15370016.00
1626,11379529.00
1627,18143690.00
1628,7652231.00
1629,18195194.00
1630,12586796.00
1631,18018332.00
1632,5930235.00
1633,16351579.00
1634,5190862.00
1635,13098721.00
1636,17169146.00
1637,10813992.00
1638,15107011.00
1639,35596552.00
1640,12930034.00
1641,28380426.00
1642,27255628.00
1643,32112016.00
1644,18711322.00
1645,27167686.00
1646,35424832.00
1647,19124130.00
1648,20983060.00
1649,27424908.00
1650,9190900.00
1651,12045274.00
1652,6962301.00
1653,44179544.00
1654,15654691.00
1655,35362236.00
1656,9721222.00
1657,12785958.00
1658,23401944.00
1659,37102052.00
1660,15447651.00
1661,17575086.00
1662,18525672.00
1663,21549026.00
1664,12340972.00
1665,17493088.00
1666,8922808.00
1667,30819220.00
1668,21587760.00
1669,5280180.00
1670,6624218.00
1671,18045800.00
1672,16271236.00
1673,48258796.00
1674,14863965.00
1675,52984664.00
1676,15300060.00
1677,28717102.00
1678,7645609.50
1679,12997715.00
1680,12502060.00
1681,40806692.00
1682,38474272.00
1683,21279910.00
1684,10162410.00
1685,17164672.00
1686,26810974.00
1687,19325838.00
1688,26468352.00
1689,6731710.50
1690,17649716.00
1691,35784716.00
1692,22071802.00
1693,23297492.00
1694,6748856.50
1695,6040732.00
1696,9559898.00
1697,16833914.00
1698,13309734.00
1699,24985040.00
1700,53200420.00
1701,14611011.00
1702,32755130.00
1703,35192040.00
1704,21779322.00
1705,6654624.50
1706,23890476.00
1707,12958639.00
1708,25453224.00
1709,32029068.00
1710,12354314.00
1711,10871825.00
1712,11825912.00
1713,10867296.00
1714,21128072.00
1715,26935956.00
1716,15833414.00
1717,14374446.00
1718,18105748.00
1719,30024360.00
1720,13377884.00
1721,11138308.00
1722,10226034.00
1723,13919180.00
1724,24820408.00
1725,19317928.00
1726,45293312.00
1727,22263760.00
1728,18376398.00
1729,7255395.00
1730,9855728.00
1731,45723252.00
1732,27187450.00
1733,19750492.00
1734,11673654.00
1735,8029177.50
1736,12396337.00
1737,9619199.00
1738,19676136.00
1739,12686932.00
1740,11812922.00
1741,20293834.00
1742,34181196.00
1743,12148198.00
1744,14043590.00
1745,9937055.00
1746,9434366.00
1747,10065198.00
1748,10754624.00
1749,10174832.00
1750,23291092.00
1751,21043400.00
1752,11762862.00
1753,18123368.00
1754,16883818.00
1755,20021134.00
1756,14575142.00
1757,16017056.00
1758,7576365.00
1759,9884344.00
1760,5804050.00
1761,35649692.00
1762,6591611.00
1763,15565420.00
1764,14874639.00
1765,11696554.00
1766,8901595.00
1767,9198654.00
1768,28754408.00
1769,7485974.00
1770,20532944.00
1771,21247376.00
1772,12599021.00
1773,8627452.00
1774,6924960.50
1775,7469882.00
1776,17182012.00
1777,48581228.00
1778,119418296.00
1779,17166814.00
1780,15253324.00
1781,5948669.00
1782,19233340.00
1783,10850275.00
1784,38119816.00
1785,8429298.00
1786,30793958.00
1787,9614888.00
1788,8167214.50
1789,7481601.50
1790,5560756.00
1791,10157830.00
1792,9611714.00
1793,14834516.00
1794,24062116.00
1795,23124396.00
1796,22459252.00
1797,35312852.00
1798,10089205.00
1799,14271133.00
1800,9961235.00
1801,12462675.00
1802,8126263.50
1803,30797944.00
1804,199532672.00
1805,17685040.00
1806,15213628.00
1807,11529315.00
1808,14128141.00
1809,35445264.00
1810,12348175.00
1811,35904512.00
1812,22241798.00
1813,22114206.00
1814,23987962.00
1815,26482596.00
1816,13401859.00
1817,23862224.00
1818,16778460.00
1819,31329832.00
1820,6229490.00
1821,8390620.00
1822,34734472.00
1823,8296384.00
1824,11873548.00
1825,10447458.00
1826,8662774.00
1827,21794780.00
1828,9017364.00
1829,20052564.00
1830,33055296.00
1831,22160232.00
1832,17139972.00
1833,22560140.00
1834,16155155.00
1835,19123264.00
1836,10423121.00
1837,10288747.00
1838,11984474.00
1839,20748620.00
1840,23189604.00
1841,10848451.00
1842,10226856.00
1843,32330316.00
1844,12714232.00
1845,33280926.00
1846,9105241.00
1847,6905104.50
1848,4183689.00
1849,17858810.00
1850,28642368.00
1851,21183666.00
1852,4745727.00
1853,16860226.00
1854,9912724.00
1855,11964884.00
1856,18636066.00
1857,11078252.00
1858,18418266.00
1859,33341484.00
1860,10030083.00
1861,13238650.00
1862,13787926.00
1863,15356157.00
1864,49650784.00
1865,3568787.00
1866,13220096.00
1867,11197066.00
1868,22272774.00
1869,36501792.00
1870,15278170.00
1871,12859500.00
1872,15975857.00
1873,13955136.00
1874,11321870.00
1875,15056673.00
1876,20578900.00
1877,12074106.00
1878,16480471.00
1879,11169947.00
1880,6434862.00
1881,16877604.00
1882,16819428.00
1883,23581384.00
1884,8092639.50
1885,21690268.00
1886,24572900.00
1887,9402411.00
1888,13925061.00
1889,17408316.00
1890,10976520.00
1891,6890574.50
1892,25033016.00
1893,14179419.00
1894,7326026.00
1895,9031748.00
1896,22175624.00
1897,26020624.00
1898,18006582.00
1899,12026812.00
1900,24032000.00
1901,16906524.00
1902,29437424.00
1903,12427011.00
1904,21956234.00
1905,10613870.00
1906,34306836.00
1907,39319000.00
1908,4300503.00
1909,9881785.00
1910,11087462.00
1911,8396855.00
1912,21587136.00
1913,16574607.00
1914,6002067.00
1915,23731638.00
1916,19062532.00
1917,9663218.00
1918,4081021.00
1919,24336784.00
1920,9067926.00
1921,24672616.00
1922,11588001.00
1923,9411970.00
1924,10466691.00
1925,6962541.50
1926,66172016.00
1927,28079400.00
1928,37101124.00
1929,19046902.00
1930,16399675.00
1931,8593281.00
1932,8701907.00
1933,17442580.00
1934,11781455.00
1935,11769460.00
1936,8510364.00
1937,8184946.00
1938,15830269.00
1939,41357600.00
1940,10167504.00
1941,9039869.00
1942,17590128.00
1943,33118044.00
1944,8167282.50
1945,10035690.00
1946,18914190.00
1947,12796014.00
1948,8742923.00
1949,12088945.00
1950,36345496.00
1951,6926663.50
1952,21653328.00
1953,40606452.00
1954,29251682.00
1955,8807487.00
1956,9336819.00
1957,11423466.00
1958,10574444.00
1959,40831864.00
1960,188956864.00
1961,22094398.00
1962,18275340.00
1963,21607334.00
1964,23081594.00
1965,22308976.00
1966,23591064.00
1967,10385294.00
1968,46408632.00
1969,13216918.00
1970,12969952.00
1971,21729634.00
1972,15279515.00
1973,16669888.00
1974,20777552.00
1975,63678104.00
1976,24110196.00
1977,8447544.00
1978,13742506.00
1979,12934804.00
1980,10072580.00
1981,21346298.00
1982,9893711.00
1983,17148628.00
1984,6549985.50
1985,11594644.00
1986,27691572.00
1987,32909112.00
1988,15753663.00
1989,14331104.00
1990,9919912.00
1991,11731822.00
1992,32360412.00
1993,18497498.00
1994,28917340.00
1995,27557640.00
1996,7910354.50
1997,21106242.00
1998,13815739.00
1999,8508274.00
2000,33363052.00
2001,20171586.00
2002,23550434.00
2003,22365556.00
2004,24465310.00
2005,10958958.00
2006,25898470.00
2007,13886694.00
2008,10690576.00
2009,17465028.00
2010,17461772.00
2011,17626170.00
2012,7816771.00
2013,7983307.50
2014,18226016.00
2015,6928542.00
2016,11581265.00
2017,19566156.00
2018,21796376.00
2019,9205204.00
2020,11237820.00
2021,16566211.00
2022,36995508.00
2023,6162332.00
2024,13654173.00
2025,16004744.00
2026,17282560.00
2027,12262872.00
2028,16916576.00
2029,16747571.00
2030,40059416.00
2031,20098190.00
2032,9574541.00
2033,21177498.00
2034,18206224.00
2035,12216820.00
2036,23318022.00
2037,30260962.00
2038,10817702.00
2039,6656064.00
2040,15938726.00
2041,12137857.00
2042,28699084.00
2043,21573742.00
2044,18393510.00
2045,16205932.00
2046,21693288.00
2047,17212208.00
2048,6282246.00
2049,14173101.00
2050,12987263.00
2051,13910272.00
2052,10700368.00
2053,15845898.00
2054,12099375.00
2055,14949445.00
2056,13258248.00
2057,19500264.00
2058,9984480.00
2059,20051248.00
2060,16788108.00
2061,37640860.00
2062,8153526.00
2063,19893838.00
2064,22837114.00
2065,12421469.00
2066,26257744.00
2067,21262832.00
2068,13766472.00
2069,34839512.00
2070,13981085.00
2071,26726064.00
2072,46383228.00
2073,41741072.00
2074,26770660.00
2075,24206316.00
2076,9098924.00
2077,6417764.00
2078,11652667.00
2079,48438480.00
2080,12327334.00
2081,11814185.00
2082,8998027.00
2083,7769213.00
2084,19347056.00
2085,18757382.00
2086,10846945.00
2087,9236010.00
2088,17150140.00
2089,29208176.00
2090,8182299.50
2091,14764379.00
2092,20565644.00
2093,21148164.00
2094,17565788.00
2095,11375364.00
2096,17848504.00
2097,8613974.00
2098,10125148.00
2099,53490600.00
2100,10739547.00
2101,18028698.00
2102,40222680.00
2103,9802042.00
2104,11696257.00
2105,10283834.00
2106,8861023.00
2107,6610820.00
2108,8079888.00
2109,26654248.00
2110,25071046.00
2111,10985580.00
2112,22930890.00
2113,50910708.00
2114,26471874.00
2115,12560906.00
2116,11036339.00
2117,31439700.00
2118,49507816.00
2119,11303359.00
2120,14838698.00
2121,8540626.00
2122,3797496.00
2123,22452440.00
2124,9239206.00
2125,8068037.00
2126,3829873.00
2127,5209357.00
2128,17497946.00
2129,47994612.00
2130,23537862.00
2131,19998788.00
2132,13766927.00
2133,14546785.00
2134,7433172.50
2135,18438308.00
2136,19015136.00
2137,14212753.00
2138,21998278.00
2139,27848440.00
2140,30252654.00
2141,23131174.00
2142,13011069.00
2143,11333829.00
2144,12389373.00
2145,28559380.00
2146,32401378.00
2147,12869998.00
2148,12846190.00
2149,13464572.00
2150,122497576.00
2151,23159040.00
2152,19295604.00
2153,48541392.00
2154,17217044.00
2155,14533908.00
2156,14018348.00
2157,39295148.00
2158,20997734.00
2159,11930226.00
2160,4711908.00
2161,16173588.00
2162,12375186.00
2163,8694982.00
2164,16837194.00
2165,17396952.00
2166,10399628.00
2167,19143812.00
2168,11571402.00
2169,29418252.00
2170,22222766.00
2171,10452086.00
2172,6193267.00
2173,2013207.00
2174,19407216.00
2175,10931677.00
2176,23862968.00
2177,8877826.00
2178,6385259.00
2179,21716654.00
2180,20971212.00
2181,8448166.00
2182,32991508.00
2183,9191092.00
2184,9048814.00
2185,18527606.00
2186,11915734.00
2187,24048852.00
2188,10103522.00
2189,7515942.00
2190,6961246.50
2191,11826122.00
2192,17854636.00
2193,13012905.00
2194,13634874.00
2195,15525505.00
2196,3768368.00
2197,69636032.00
2198,24223092.00
2199,27472616.00
2200,10799862.00
2201,18871244.00
2202,20224368.00
2203,18155644.00
2204,21568018.00
2205,33672604.00
2206,14283468.00
2207,25553364.00
2208,32919768.00
2209,20121506.00
2210,14457300.00
2211,16705458.00
2212,35574536.00
2213,17037088.00
2214,37548644.00
2215,9465703.00
2216,14585082.00
2217,13275564.00
2218,20795310.00
2219,21930828.00
2220,10512656.00
2221,42719076.00
2222,16715432.00
2223,36716044.00
2224,12020422.00
2225,21413390.00
2226,7780726.50
2227,5422595.00
2228,20120400.00
2229,20048132.00
2230,19425904.00
2231,25493208.00
2232,10695230.00
2233,6981902.50
2234,36049392.00
2235,17721476.00
2236,17625880.00
2237,9627958.00
2238,18087698.00
2239,20319814.00
2240,19359672.00
2241,11785535.00
2242,13270456.00
2243,16642924.00
2244,18916224.00
2245,11648436.00
2246,57911100.00
2247,8978151.00
2248,26125946.00
2249,12525795.00
2250,16604046.00
2251,9089262.00
2252,10288820.00
2253,10421320.00
2254,12887909.00
2255,20166634.00
2256,22808862.00
2257,26001530.00
2258,11806906.00
2259,6120924.00
2260,26928492.00
2261,42285692.00
2262,70947736.00
2263,20155738.00
2264,15370029.00
2265,24397456.00
2266,19370786.00
2267,5672795.00
2268,6681521.50
2269,23750680.00
2270,9358764.00
2271,13232068.00
2272,36909700.00
2273,34306340.00
2274,14642130.00
2275,24425100.00
2276,12466804.00
2277,20833858.00
2278,17911568.00
2279,9600659.00
2280,18864978.00
2281,4448947.00
2282,14853926.00
2283,21302408.00
2284,14997957.00
2285,26615280.00
2286,28682212.00
2287,7096226.50
2288,17911406.00
2289,32805190.00
2290,19780518.00
2291,25814924.00
2292,13248344.00
2293,8694982.00
2294,28073940.00
2295,28782036.00
2296,17467268.00
2297,7885257.50
2298,14080527.00
2299,13695594.00
2300,18046412.00
2301,14044678.00
2302,9933320.00
2303,9770384.00
2304,12702956.00
2305,11786995.00
2306,7107678.50
2307,29537912.00
2308,19713224.00
2309,23374016.00
2310,34378020.00
2311,31806488.00
2312,46944848.00
2313,37053052.00
2314,30960368.00
2315,24634376.00
2316,18378924.00
2317,28681618.00
2318,11953130.00
2319,6951640.50
2320,47200372.00
2321,14458732.00
2322,14403958.00
2323,21373414.00
2324,13876804.00
2325,11816250.00
2326,14363622.00
2327,19462652.00
2328,11899571.00
2329,17314428.00
2330,25068836.00
2331,39475820.00
2332,9563798.00
2333,11087352.00
2334,5264004.00
2335,11311738.00
2336,18472524.00
2337,17393226.00
2338,15082693.00
2339,14270627.00
2340,42322848.00
2341,11049019.00
2342,14307246.00
2343,13179340.00
2344,14735060.00
2345,29674836.00
2346,13550952.00
2347,22537296.00
2348,21564830.00
2349,11533527.00
2350,23910812.00
2351,13232365.00
2352,16258404.00
2353,40809228.00
2354,13502979.00
2355,6808237.00
2356,9204717.00
2357,48003892.00
2358,11901252.00
2359,11150723.00
2360,7836500.00
2361,9995612.00
2362,11083194.00
2363,20215862.00
2364,7948542.00
2365,20461646.00
2366,24247564.00
2367,9958354.00
2368,27640330.00
2369,6427556.00
2370,21791744.00
2371,12582282.00
2372,13793021.00
2373,10457734.00
2374,14773498.00
2375,12870098.00
2376,22721780.00
2377,37683920.00
2378,9573478.00
2379,17224504.00
2380,16845068.00
2381,24076648.00
2382,26571450.00
2383,23229228.00
2384,73410544.00
2385,26178696.00
2386,11412401.00
2387,6225372.00
2388,8775902.00
2389,16251622.00
2390,22376604.00
2391,7775655.00
2392,7680534.50
2393,28211048.00
2394,17396952.00
2395,12667887.00
2396,4861234.00
2397,37456716.00
2398,21315220.00
2399,11396849.00
2400,22241196.00
2401,6724637.00
2402,9345539.00
2403,17025076.00
2404,9676715.00
2405,37000464.00
2406,26858828.00
2407,11320452.00
2408,23039160.00
2409,32816912.00
2410,36797392.00
2411,20737586.00
2412,144796192.00
2413,13828320.00
2414,10172088.00
2415,8241114.00
2416,35990336.00
2417,9003882.00
2418,30033172.00
2419,32671860.00
2420,39149120.00
2421,13345277.00
2422,14319316.00
2423,33925708.00
2424,20028644.00
2425,19030928.00
2426,35716444.00
2427,39673168.00
2428,32545508.00
2429,27703976.00
2430,16487583.00
2431,22103908.00
2432,12243323.00
2433,12205874.00
2434,14676989.00
2435,19246454.00
2436,12745286.00
2437,9031183.00
2438,9906804.00
2439,18406072.00
2440,15822374.00
2441,15777236.00
2442,13985697.00
2443,9893292.00
2444,21959244.00
2445,93714896.00
2446,13337683.00
2447,7483675.00
2448,28542900.00
2449,15382917.00
2450,7311344.00
2451,11474324.00
2452,34142028.00
2453,23140056.00
2454,8473914.00
2455,19306646.00
2456,3486083.75
2457,29856456.00
2458,9215459.00
2459,6855947.00
2460,10953426.00
2461,13820108.00
2462,11973030.00
2463,12264781.00
2464,8486756.00
2465,51248324.00
2466,8389882.00
2467,9660599.00
2468,14685590.00
2469,59273144.00
2470,57137204.00
2471,16681558.00
2472,10469739.00
2473,7173624.50
2474,14026492.00
2475,12478740.00
2476,11943574.00
2477,13474749.00
2478,6660599.50
2479,11182149.00
2480,28018780.00
2481,22084050.00
2482,9934950.00
2483,18030330.00
2484,6402052.00
2485,32099228.00
2486,20075632.00
2487,7747986.00
2488,38594544.00
2489,35109132.00
2490,16469542.00
2491,17123536.00
2492,11288388.00
2493,23957548.00
2494,27688880.00
2495,32572026.00
2496,10875718.00
2497,16541962.00
2498,17488892.00
2499,36476332.00
2500,43739276.00
2501,19132040.00
2502,15674157.00
2503,10350242.00
2504,10343713.00
2505,21806584.00
2506,16004122.00
2507,21158082.00
2508,10179564.00
2509,7585581.00
2510,44563928.00
2511,19709170.00
2512,12794049.00
2513,17476546.00
2514,20125246.00
2515,13622538.00
2516,23343248.00
2517,21992396.00
2518,37631004.00
2519,33301460.00
2520,13394467.00
2521,11199589.00
2522,8455276.00
2523,9724292.00
2524,19967062.00
2525,15602189.00
2526,23848610.00
2527,19879136.00
2528,15798684.00
2529,11823452.00
2530,7466834.50
2531,18422964.00
2532,7140405.00
2533,35054388.00
2534,26880396.00
2535,9098334.00
2536,9492998.00
2537,17295108.00
2538,25408020.00
2539,13591396.00
2540,15119249.00
2541,8211169.50
2542,10467730.00
2543,8251506.00
2544,34183208.00
2545,22543132.00
2546,17587766.00
2547,37690328.00
2548,10258896.00
2549,28703490.00
2550,13314497.00
2551,25425432.00
2552,27889812.00
2553,10573886.00
2554,21329308.00
2555,13355377.00
2556,30135814.00
2557,12324316.00
2558,25551472.00
2559,24604436.00
2560,9504925.00
2561,15969987.00
2562,4117451.00
2563,33893056.00
2564,15887718.00
2565,48850720.00
2566,32417528.00
2567,8881052.00
2568,4930422.00
2569,18503438.00
2570,13660214.00
2571,43298464.00
2572,10611076.00
2573,9629790.00
2574,13490628.00
2575,6612775.00
2576,9712034.00
2577,13111763.00
2578,23454236.00
2579,7780901.00
2580,4856544.00
2581,4416574.00
2582,69571896.00
2583,5356765.00
2584,47731332.00
2585,26486068.00
2586,40227988.00
2587,21832630.00
2588,12600338.00
2589,18096446.00
2590,15460113.00
2591,28297076.00
2592,12263688.00
2593,14670491.00
2594,13784769.00
2595,23358956.00
2596,26270136.00
2597,19449898.00
2598,16556040.00
2599,16582260.00
2600,20593980.00
2601,4145618.00
2602,11447919.00
2603,17351024.00
2604,9334040.00
2605,26622056.00
2606,15222601.00
2607,9439220.00
2608,8908527.00
2609,13792394.00
2610,29683834.00
2611,9377384.00
2612,8467360.00
2613,11658920.00
2614,22084724.00
2615,22821160.00
2616,13424076.00
2617,16143025.00
2618,21372218.00
2619,16523282.00
2620,14475644.00
2621,11551983.00
2622,25241798.00
2623,21266238.00
2624,10559110.00
2625,12935661.00
2626,30047514.00
2627,14270502.00
2628,9151612.00
2629,16746255.00
2630,23328606.00
2631,10729371.00
2632,53799172.00
2633,9138986.00
2634,47556152.00
2635,7368878.50
2636,11560123.00
2637,6084438.00
2638,17796020.00
2639,5525694.50
2640,17825692.00
2641,42756664.00
2642,17080250.00
2643,35970312.00
2644,16078021.00
2645,14161076.00
2646,5074402.00
2647,13779144.00
2648,13366904.00
2649,7157683.00
2650,29543052.00
2651,12472193.00
2652,17491296.00
2653,22881368.00
2654,16168184.00
2655,18403126.00
2656,10701494.00
2657,21786618.00
2658,11690181.00
2659,7915698.50
2660,20181868.00
2661,11622436.00
2662,22199378.00
2663,20098276.00
2664,21729996.00
2665,27311002.00
2666,37465356.00
2667,35870984.00
2668,8415266.00
2669,21741672.00
2670,18081712.00
2671,17403794.00
2672,24247498.00
2673,24892762.00
2674,35729540.00
2675,19336204.00
2676,28403288.00
2677,10508644.00
2678,20293940.00
2679,8919086.00
2680,17676132.00
2681,9661196.00
2682,15728700.00
2683,8154538.00
2684,16510872.00
2685,7019245.50
2686,19161110.00
2687,12276635.00
2688,12032940.00
2689,15921626.00
2690,43501168.00
2691,13670058.00
2692,25333996.00
2693,13743116.00
2694,60845912.00
2695,8604128.00
2696,23676752.00
2697,36211768.00
2698,9254545.00
2699,10662937.00
2700,28599924.00
2701,12256554.00
2702,25366374.00
2703,16702502.00
2704,24040914.00
2705,10034600.00
2706,9898182.00
2707,13600265.00
2708,11051928.00
2709,15660539.00
2710,37975936.00
2711,16607709.00
2712,8594272.00
2713,17146778.00
2714,17600376.00
2715,18372706.00
2716,16055619.00
2717,10118592.00
2718,14915762.00
2719,9361960.00
2720,8948668.00
2721,14176113.00
2722,38449192.00
2723,47977400.00
2724,23792192.00
2725,13711284.00
2726,12831404.00
2727,26617610.00
2728,13239404.00
2729,23861328.00
2730,15865839.00
2731,10380448.00
2732,13631756.00
2733,14093061.00
2734,7237427.00
2735,19315300.00
2736,10765010.00
2737,13419482.00
2738,15416931.00
2739,19326016.00
2740,9614150.00
2741,6989818.00
2742,52278808.00
2743,7469479.00
2744,9916066.00
2745,11795485.00
2746,20284038.00
2747,11814972.00
2748,20990242.00
2749,16353774.00
2750,18120680.00
2751,17318322.00
2752,26713600.00
2753,20177382.00
2754,26476664.00
2755,26303598.00
2756,6659922.50
2757,15681646.00
2758,28675694.00
2759,12730881.00
2760,10147826.00
2761,7183369.50
2762,9537289.00
2763,24690714.00
2764,10522893.00
2765,17503420.00
2766,11856794.00
2767,17522254.00
2768,10250864.00
2769,32411852.00
2770,9989854.00
2771,9939509.00
2772,21898292.00
2773,24386680.00
2774,22078476.00
2775,16341348.00
2776,30549460.00
2777,6805035.50
2778,22338944.00
2779,21384798.00
2780,12583355.00
2781,10320394.00
2782,14711256.00
2783,54677376.00
2784,16036234.00
2785,23054632.00
2786,17175940.00
2787,25088698.00
2788,17691376.00
2789,16620370.00
2790,15468145.00
2791,45885604.00
2792,15660524.00
2793,25213696.00
2794,8922696.00
2795,33389172.00
2796,9962196.00
2797,11962926.00
2798,6748787.00
2799,33160568.00
2800,14722915.00
2801,10965064.00
2802,8369998.00
2803,8184946.00
2804,10508338.00
2805,21372396.00
2806,6080373.00
2807,26597916.00
2808,8867511.00
2809,11039695.00
2810,16086638.00
2811,10641310.00
2812,9726984.00
2813,12618662.00
2814,17562550.00
2815,21116568.00
2816,21704556.00
2817,12432172.00
2818,11231124.00
2819,10330957.00
2820,18205740.00
2821,9124192.00
2822,5300850.00
2823,12663812.00
2824,17112764.00
2825,25856112.00
2826,28286720.00
2827,40903828.00
2828,10365880.00
2829,18174248.00
2830,13911840.00
2831,10731947.00
2832,13394310.00
2833,8306033.50
2834,27072840.00
2835,8044315.00
2836,9555348.00
2837,12719064.00
2838,26290020.00
2839,24454110.00
2840,38403784.00
2841,28188892.00
2842,8309845.00
2843,9033856.00
2844,25295360.00
2845,13281324.00
2846,9777008.00
2847,4842874.00
2848,10796044.00
2849,8362445.50
2850,4396102.00
2851,76166280.00
2852,11077108.00
2853,22481886.00
2854,11825194.00
2855,6052042.00
2856,6703446.00
2857,20222196.00
2858,10441557.00
2859,27922886.00
2860,37488576.00
2861,17345930.00
2862,24635066.00
2863,13038817.00
2864,8306817.50
2865,15445210.00
2866,28157616.00
2867,9254256.00
2868,14263892.00
2869,23665428.00
2870,22138112.00
2871,19708052.00
2872,9457638.00
2873,22188072.00
2874,7768734.50
2875,11841562.00
2876,12269580.00
2877,14051348.00
2878,12044955.00
2879,39082612.00
2880,22181616.00
2881,13410097.00
2882,13047492.00
2883,29285848.00
2884,12029216.00
2885,15018877.00
2886,4589176.00
2887,32395456.00
2888,10346549.00
2889,19141442.00
2890,12902449.00
2891,20033124.00
2892,5923757.00
2893,17782972.00
2894,18025856.00
2895,10593924.00
2896,11706949.00
2897,6342947.00
2898,18507126.00
2899,8608637.00
2900,18389550.00
2901,17719570.00
2902,11167707.00
2903,8306033.50
2904,28556958.00
2905,21590720.00
2906,6292706.00
2907,29600328.00
2908,9027856.00
2909,19368158.00
2910,7051495.50
2911,17453620.00
2912,22474404.00
2913,8218543.50
2914,11396195.00
2915,14541778.00
2916,11958176.00
2917,10124072.00
2918,14306022.00
2919,15121245.00
2920,5357964.00
2921,11152019.00
2922,25284282.00
2923,13107020.00
2924,43760276.00
2925,15034618.00
2926,5308052.00
2927,10929830.00
2928,25642532.00
2929,32048620.00
2930,9571648.00
2931,11698674.00
2932,11309311.00
2933,16114925.00
2934,18621732.00
2935,12008692.00
2936,31400884.00
2937,8257784.50
2938,25585712.00
2939,16068671.00
2940,12575037.00
2941,9616785.00
2942,28395208.00
2943,13488305.00
2944,30650840.00
2945,14480353.00
2946,35197492.00
2947,22628172.00
2948,15945187.00
2949,18782596.00
2950,21044900.00
2951,22259532.00
2952,13550461.00
2953,13447535.00
2954,17385800.00
2955,36665608.00
2956,6462650.00
2957,13536509.00
2958,5623600.00
2959,30151174.00
2960,8144058.00
2961,14931572.00
2962,11591398.00
2963,9092402.00
2964,18778826.00
2965,10471018.00
2966,16895380.00
2967,10136024.00
2968,15904803.00
2969,16536301.00
2970,12526149.00
2971,31687798.00
2972,22362280.00
2973,12775610.00
2974,8089122.50
2975,37644288.00
2976,11634328.00
2977,6527730.00
2978,9752995.00
2979,22292836.00
2980,15054636.00
2981,25316992.00
2982,27768628.00
2983,10038870.00
2984,25925200.00
2985,27291518.00
2986,15814815.00
2987,6040284.00
2988,49223884.00
2989,17166376.00
2990,15722760.00
2991,23447738.00
2992,9749450.00
2993,8691182.00
2994,13651872.00
2995,11306797.00
2996,52245400.00
2997,5498355.00
2998,24214108.00
2999,13166008.00
3000,28350316.00
3001,20447842.00
3002,50698208.00
3003,18448600.00
3004,24561216.00
3005,12874068.00
3006,7017175.50
3007,18936118.00
3008,25141276.00
3009,36606608.00
3010,11893733.00
3011,7560075.00
3012,23283028.00
3013,14849891.00
3014,26510832.00
3015,27393920.00
3016,7556203.50
3017,12545117.00
3018,15224246.00
3019,11696791.00
3020,12476611.00
3021,17031332.00
3022,10778478.00
3023,13807304.00
3024,8546727.00
3025,17297604.00
3026,22756282.00
3027,20686444.00
3028,11445537.00
3029,9226155.00
3030,18816748.00
3031,18973728.00
3032,18581752.00
3033,14485797.00
3034,11954866.00
3035,11406958.00
3036,6990377.50
3037,5764378.00
3038,17972948.00
3039,15844433.00
3040,42805044.00
3041,7199101.50
3042,9537732.00
3043,10785866.00
3044,88678208.00
3045,10941958.00
3046,9566366.00
3047,35587184.00
3048,21537100.00
3049,9535086.00
3050,29351966.00
3051,147058864.00
3052,18785008.00
3053,9836818.00
3054,29958054.00
3055,6292354.00
3056,6885248.00
3057,6095328.00
3058,22412332.00
3059,78690656.00
3060,11644442.00
3061,8025419.50
3062,24273530.00
3063,12643548.00
3064,10668164.00
3065,44085820.00
3066,32627776.00
3067,22904612.00
3068,13544451.00
3069,25783288.00
3070,22123252.00
3071,23756794.00
3072,16368878.00
3073,22339528.00
3074,37191916.00
3075,20498868.00
3076,21413390.00
3077,13865123.00
3078,14759980.00
3079,19668616.00
3080,10801341.00
3081,15415716.00
3082,5879310.50
3083,11779228.00
3084,11899571.00
3085,25183808.00
3086,18519170.00
3087,4693608.00
3088,25590554.00
3089,17840588.00
3090,14889340.00
3091,22158072.00
3092,9378073.00
3093,12316516.00
3094,9126117.00
3095,14784846.00
3096,12387382.00
3097,13120166.00
3098,14178353.00
3099,16315866.00
3100,14585082.00
3101,9038954.00
3102,11683306.00
3103,11058084.00
3104,17946412.00
3105,25072230.00
3106,8358620.00
3107,9126508.00
3108,9214366.00
3109,20786266.00
3110,20596758.00
3111,10752420.00
3112,13919092.00
3113,9432313.00
3114,41240292.00
3115,11318376.00
3116,26627170.00
3117,15535578.00
3118,35660888.00
3119,44934888.00
3120,12427715.00
3121,30564706.00
3122,20184762.00
3123,45131468.00
3124,20709934.00
3125,6336391.00
3126,22330636.00
3127,39586848.00
3128,12616061.00
3129,13864175.00
3130,36371328.00
3131,7406999.00
3132,11802996.00
3133,18362828.00
3134,9451573.00
3135,26904476.00
3136,11169043.00
3137,13446237.00
3138,9095890.00
3139,15290985.00
3140,11889960.00
3141,13291220.00
3142,14266895.00
3143,27793254.00
3144,40965356.00
3145,9668519.00
3146,14094093.00
3147,12011796.00
3148,10729392.00
3149,10297990.00
3150,12428420.00
3151,12612722.00
3152,32184868.00
3153,5967099.00
3154,11503983.00
3155,26216472.00
3156,15319813.00
3157,27652952.00
3158,15035055.00
3159,18553186.00
3160,43760276.00
3161,13039482.00
3162,14008701.00
3163,19905446.00
3164,18029058.00
3165,10989910.00
3166,12612989.00
3167,15148494.00
3168,16995068.00
3169,15637472.00
3170,9396139.00
3171,14822346.00
3172,6368999.50
3173,30785956.00
3174,36558020.00
3175,18773424.00
3176,6585019.00
3177,18966478.00
3178,7220488.50
3179,15142472.00
3180,63532148.00
3181,10494779.00
3182,14997865.00
3183,14500120.00
3184,7263335.50
3185,10365630.00
3186,37514588.00
3187,9529692.00
3188,9277492.00
3189,23502508.00
3190,19890672.00
3191,15856918.00
3192,20461826.00
3193,44547364.00
3194,16162220.00
3195,5169268.00
3196,20215134.00
3197,14895148.00
3198,12600983.00
3199,19764008.00
3200,11636838.00
3201,35426544.00
3202,13326641.00
3203,26501818.00
3204,19195532.00
3205,11957559.00
3206,38138800.00
3207,28914890.00
3208,12696614.00
3209,17564788.00
3210,10089962.00
3211,92572768.00
3212,26736628.00
3213,6686957.00
3214,6875209.00
3215,15574296.00
3216,14892119.00
3217,14269844.00
3218,15565373.00
3219,11845074.00
3220,11986420.00
3221,10068969.00
3222,22469688.00
3223,11955023.00
3224,29682160.00
3225,17582686.00
3226,8046142.50
3227,17970114.00
3228,5235090.00
3229,12630168.00
3230,16370280.00
3231,12005673.00
3232,13419508.00
3233,22237458.00
3234,13810534.00
3235,13864653.00
3236,11064509.00
3237,9485098.00
3238,22710164.00
3239,10349666.00
3240,22966132.00
3241,13299608.00
3242,29744336.00
3243,19617988.00
3244,11405292.00
3245,10787439.00
3246,10664680.00
3247,12034383.00
3248,21271078.00
3249,20222566.00
3250,8831720.00
3251,13650685.00
3252,25016152.00
3253,15059171.00
3254,12371020.00
3255,11059053.00
3256,7848472.50
3257,10629512.00
3258,10572494.00
3259,12044529.00
3260,19115330.00
3261,19023868.00
3262,7619542.00
3263,15362088.00
3264,8873818.00
3265,12180259.00
3266,7815153.50
3267,10973463.00
3268,17645994.00
3269,47501024.00
3270,15799172.00
3271,25789850.00
3272,26268426.00
3273,11277905.00
3274,9924429.00
3275,18714464.00
3276,9855962.00
3277,13343523.00
3278,9390502.00
3279,15845990.00
3280,13651005.00
3281,39875240.00
3282,22972718.00
3283,9793242.00
3284,47433020.00
3285,150349312.00
3286,21673118.00
3287,36649048.00
3288,26067486.00
3289,20012044.00
3290,25265416.00
3291,25034468.00
3292,27241840.00
3293,11377300.00
3294,13051500.00
3295,21795290.00
3296,10395584.00
3297,43651056.00
3298,18035812.00
3299,11316488.00
3300,14314473.00
3301,13368364.00
3302,34093632.00
3303,24956972.00
3304,21090744.00
3305,16694845.00
3306,6199965.00
3307,8701141.00
3308,8430383.00
3309,24411746.00
3310,9666278.00
3311,12000636.00
3312,17775228.00
3313,31112136.00
3314,19590784.00
3315,21909026.00
3316,11231578.00
3317,6565929.00
3318,21401642.00
3319,21017772.00
3320,6654434.50
3321,34655304.00
3322,8360136.50
3323,17390572.00
3324,25051902.00
3325,13897315.00
3326,17487760.00
3327,22653726.00
3328,8171655.50
3329,13338068.00
3330,9042166.00
3331,18259646.00
3332,13765119.00
3333,17312994.00
3334,26901534.00
3335,19454576.00
3336,11693060.00
3337,24285278.00
3338,5726597.00
3339,24061150.00
3340,5215066.00
3341,19426722.00
3342,9947031.00
3343,11971052.00
3344,25029868.00
3345,23926904.00
3346,13217277.00
3347,33047070.00
3348,20984320.00
3349,13515722.00
3350,11904564.00
3351,25405086.00
3352,11981083.00
3353,9024332.00
3354,17862304.00
3355,10055890.00
3356,8142723.00
3357,12180259.00
3358,17896752.00
3359,14795192.00
3360,10608901.00
3361,10850353.00
3362,25227066.00
3363,8184323.00
3364,34381732.00
3365,25420572.00
3366,4862846.00
3367,13805708.00
3368,23756364.00
3369,39823532.00
3370,9595919.00
3371,9508946.00
3372,28501370.00
3373,12976640.00
3374,17206886.00
3375,6742635.00
3376,7084384.00
3377,17117172.00
3378,10282950.00
3379,8263920.50
3380,46964424.00
3381,30691912.00
3382,17390024.00
3383,19590304.00
3384,15932639.00
3385,47134616.00
3386,25074964.00
3387,35004428.00
3388,14575276.00
3389,18249282.00
3390,23503000.00
3391,7159294.50
3392,16547848.00
3393,26730640.00
3394,13285469.00
3395,11618958.00
3396,16006744.00
3397,33337656.00
3398,9682388.00
3399,16466550.00
3400,27228416.00
3401,5668460.00
3402,8168141.50
3403,11813315.00
3404,13765146.00
3405,14573545.00
3406,15118223.00
3407,20096110.00
3408,29856980.00
3409,11642572.00
3410,8486998.00
3411,14040314.00
3412,31247508.00
3413,12948593.00
3414,18675108.00
3415,18907108.00
3416,21457076.00
3417,33869020.00
3418,11422478.00
3419,14529249.00
3420,14168975.00
3421,32492410.00
3422,13175217.00
3423,16986504.00
3424,43999348.00
3425,23145978.00
3426,15513249.00
3427,8693762.00
3428,21560756.00
3429,10963464.00
3430,7338408.50
3431,11119553.00
3432,13012003.00
3433,23025932.00
3434,46489908.00
3435,16188372.00
3436,13060422.00
3437,42059156.00
3438,18319774.00
3439,21644456.00
3440,57205448.00
3441,12903747.00
3442,16534052.00
3443,36033772.00
3444,13176726.00
3445,13876804.00
3446,8271441.50
3447,29708748.00
3448,26883850.00
3449,5722579.00
3450,19286378.00
3451,6967421.00
3452,12916410.00
3453,12089073.00
3454,9427785.00
3455,17503250.00
3456,21707292.00
3457,17120550.00
3458,38166784.00
3459,9084952.00
3460,14159293.00
3461,11760018.00
3462,12533554.00
3463,10361395.00
3464,8006802.50
3465,9666113.00
3466,11504152.00
3467,12084993.00
3468,12206156.00
3469,20829062.00
3470,6643939.00
3471,45259276.00
3472,35787436.00
3473,21779322.00
3474,30724318.00
3475,6957909.00
3476,19030464.00
3477,43841848.00
3478,10219745.00
3479,27128386.00
3480,31303168.00
3481,19343180.00
3482,7728022.00
3483,15775296.00
3484,37544588.00
3485,15107475.00
3486,12740410.00
3487,35838656.00
3488,29185204.00
3489,19926308.00
3490,22712496.00
3491,13035392.00
3492,26292776.00
3493,20724976.00
3494,13810996.00
3495,22390252.00
3496,17190068.00
3497,17815296.00
3498,46743864.00
3499,15021210.00
3500,12366758.00
3501,12787328.00
3502,11156879.00
3503,25605368.00
3504,7106526.00
3505,13953386.00
3506,43735884.00
3507,8035094.50
3508,25444724.00
3509,22731686.00
3510,9646734.00
3511,17345846.00
3512,7054951.50
3513,11794867.00
3514,8493150.00
3515,58121880.00
3516,10028622.00
3517,22039102.00
3518,9885236.00
3519,10169337.00
3520,5796807.00
3521,13103768.00
3522,24514712.00
3523,14027786.00
3524,45051480.00
3525,12144419.00
3526,13040339.00
3527,6829027.00
3528,15600815.00
3529,17831304.00
3530,44911712.00
3531,46046128.00
3532,11779168.00
3533,18461404.00
3534,24850188.00
3535,8247444.00
3536,23514398.00
3537,10093436.00
3538,6560078.00
3539,8543109.00
3540,15910979.00
3541,12858516.00
3542,15979766.00
3543,10136320.00
3544,17436548.00
3545,13188154.00
3546,43617924.00
3547,7935127.50
3548,13515153.00
3549,11064340.00
3550,13703427.00
3551,28414456.00
3552,12316662.00
3553,21068780.00
3554,17774520.00
3555,27279590.00
3556,9063190.00
3557,9166956.00
3558,10715060.00
3559,10609950.00
3560,23926284.00
3561,10344981.00
3562,9946936.00
3563,19188512.00
3564,29748004.00
3565,13164454.00
3566,14680980.00
3567,16733663.00
3568,12318461.00
3569,10000312.00
3570,12253779.00
3571,32040948.00
3572,6699719.00
3573,47541152.00
3574,20204750.00
3575,27689292.00
3576,15653949.00
3577,22056064.00
3578,47317760.00
3579,9359210.00
3580,19434292.00
3581,22803544.00
3582,16927560.00
3583,16998272.00
3584,13246689.00
3585,21684436.00
3586,18024174.00
3587,20691924.00
3588,8200570.00
3589,21177388.00
3590,14541660.00
3591,19705424.00
3592,37167440.00
3593,15909376.00
3594,18361950.00
3595,16221076.00
3596,33609408.00
3597,14525489.00
3598,4582586.00
3599,34947588.00
3600,8717216.00
3601,14114126.00
3602,17692452.00
3603,12686374.00
3604,15412250.00
3605,10440750.00
3606,16245541.00
3607,13239836.00
3608,45364804.00
3609,63196184.00
3610,12109873.00
3611,16298648.00
3612,15403389.00
3613,20305950.00
3614,21541702.00
3615,15458964.00
3616,14002354.00
3617,16686054.00
3618,9507248.00
3619,22918558.00
3620,20618392.00
3621,25414684.00
3622,9577544.00
3623,26831500.00
3624,19613566.00
3625,5639360.00
3626,11172878.00
3627,12007754.00
3628,36191172.00
3629,36997324.00
3630,13297979.00
3631,12079228.00
3632,24876672.00
3633,10645616.00
3634,10117654.00
3635,13562149.00
3636,13094353.00
3637,11570240.00
3638,39600568.00
3639,16283112.00
3640,12426511.00
3641,23988556.00
3642,19324684.00
3643,9168716.00
3644,11090525.00
3645,8365657.00
3646,13352503.00
3647,21201354.00
3648,16104230.00
3649,15595776.00
3650,13266660.00
3651,21234280.00
3652,10165374.00
3653,9023856.00
3654,19247700.00
3655,9720960.00
3656,23674566.00
3657,17964864.00
3658,32421446.00
3659,9593249.00
3660,11550569.00
3661,38641908.00
3662,41212132.00
3663,8831748.00
3664,11474534.00
3665,7632062.00
3666,25896656.00
3667,10725602.00
3668,12559971.00
3669,20276054.00
3670,11988515.00
3671,13273541.00
3672,10247652.00
3673,10435990.00
3674,9793600.00
3675,8770020.00
3676,10356768.00
3677,20921208.00
3678,9871067.00
3679,41395648.00
3680,13731354.00
3681,12327692.00
3682,5877193.00
3683,8798352.00
3684,29623048.00
3685,17796166.00
3686,12327334.00
3687,11715026.00
3688,6953698.00
3689,9836387.00
3690,18472446.00
3691,10280758.00
3692,17673502.00
3693,20300958.00
3694,11277219.00
3695,40433316.00
3696,15738323.00
3697,23173958.00
3698,12633219.00
3699,39290920.00
3700,8415266.00
3701,7395274.00
3702,15386034.00
3703,18679630.00
3704,31338224.00
3705,13186429.00
3706,31415896.00
3707,10379984.00
3708,37190472.00
3709,21221788.00
3710,14897860.00
3711,10222906.00
3712,10651598.00
3713,17547194.00
3714,16585617.00
3715,29134178.00
3716,12418309.00
3717,21869402.00
3718,15696273.00
3719,8643292.00
3720,17819084.00
3721,18802408.00
3722,12740410.00
3723,18969320.00
3724,14332108.00
3725,22548268.00
3726,23337100.00
3727,14627214.00
3728,5881742.50
3729,9019816.00
3730,20797188.00
3731,20081088.00
3732,10760484.00
3733,15751197.00
3734,15049201.00
3735,16703898.00
3736,11289802.00
3737,11843008.00
3738,31889146.00
3739,17185776.00
3740,10756730.00
3741,12097005.00
3742,11309476.00
3743,16287647.00
3744,28645514.00
3745,40684328.00
3746,47943028.00
3747,30565484.00
3748,13878926.00
3749,69223984.00
3750,15837828.00
3751,27931978.00
3752,5415730.00
3753,22825442.00
3754,8363790.50
3755,13061524.00
3756,7951242.00
3757,11894802.00
3758,6864082.50
3759,8164889.50
3760,23743266.00
3761,7106526.00
3762,22557306.00
3763,10766382.00
3764,20779512.00
3765,38402892.00
3766,21162646.00
3767,29816328.00
3768,13717404.00
3769,10561693.00
3770,6680839.50
3771,13031246.00
3772,26800158.00
3773,16201743.00
3774,85531912.00
3775,5637333.00
3776,17031888.00
3777,29833556.00
3778,12123416.00
3779,16322906.00
3780,49267296.00
3781,15614362.00
3782,10486530.00
3783,18839112.00
3784,23277808.00
3785,25760878.00
3786,13066834.00
3787,6623715.00
3788,16309193.00
3789,15335238.00
3790,8614104.00
3791,44494116.00
3792,36691804.00
3793,38266840.00
3794,15700157.00
3795,25284188.00
3796,48637628.00
3797,39527552.00
3798,10277155.00
3799,8500730.00
3800,28229592.00
3801,16670043.00
3802,12550589.00
3803,18820064.00
3804,16287640.00
3805,9194178.00
3806,11756527.00
3807,4559465.00
3808,11113604.00
3809,7391460.00
3810,8437996.00
3811,16782898.00
3812,16426106.00
3813,20719242.00
3814,8397132.00
3815,21832630.00
3816,9779847.00
3817,17154016.00
3818,24990128.00
3819,11712608.00
3820,16335688.00
3821,14156019.00
3822,15547145.00
3823,7527222.00
3824,10298603.00
3825,12649516.00
3826,36152228.00
3827,10064040.00
3828,34534692.00
3829,42163732.00
3830,11795452.00
3831,12528618.00
3832,22826880.00
3833,29938908.00
3834,22204596.00
3835,21687930.00
3836,10361638.00
3837,20190454.00
3838,30304272.00
3839,35524692.00
3840,37645924.00
3841,30000244.00
3842,13507003.00
3843,8314146.00
3844,12103073.00
3845,13679885.00
3846,13219058.00
3847,6607082.00
3848,8053905.50
3849,6584225.50
3850,11402636.00
3851,10314626.00
3852,5089428.00
3853,9738151.00
3854,19329778.00
3855,17761432.00
3856,9424718.00
3857,16216722.00
3858,53608800.00
3859,11142372.00
3860,34174680.00
3861,24386498.00
3862,33866172.00
3863,39770560.00
3864,25572232.00
3865,38710524.00
3866,21020312.00
3867,13976413.00
3868,19613566.00
3869,10323478.00
3870,18281276.00
3871,14183852.00
3872,15811875.00
3873,33294690.00
3874,76305584.00
3875,16199423.00
3876,25595676.00
3877,185910912.00
3878,9840250.00
3879,9281180.00
3880,21035038.00
3881,12792731.00
3882,12930469.00
3883,13164129.00
3884,15932134.00
3885,11757590.00
3886,10826934.00
3887,63642628.00
3888,11429494.00
3889,18586602.00
3890,19181332.00
3891,13432580.00
3892,18016884.00
3893,10011184.00
3894,8258597.00
3895,25475420.00
3896,21926522.00
3897,16728998.00
3898,12984334.00
3899,12376323.00
3900,12387005.00
3901,9848980.00
3902,9137452.00
3903,32738374.00
3904,25708724.00
3905,12768163.00
3906,13859942.00
3907,47951384.00
3908,15183279.00
3909,19003244.00
3910,8011534.00
3911,24450548.00
3912,23118056.00
3913,4175549.00
3914,31385278.00
3915,16753868.00
3916,6987456.00
3917,5723991.00
3918,23722104.00
3919,24223074.00
3920,28341284.00
3921,16294712.00
3922,31999948.00
3923,12566551.00
3924,13891825.00
3925,18609522.00
3926,18243110.00
3927,31743104.00
3928,11164714.00
3929,6670558.50
3930,21638104.00
3931,17655714.00
3932,21490156.00
3933,15490860.00
3934,17715542.00
3935,6173433.00
3936,17254326.00
3937,8268092.00
3938,22607112.00
3939,8442640.00
3940,19169034.00
3941,13445491.00
3942,45356144.00
3943,38408524.00
3944,9663810.00
3945,8749020.00
3946,16541969.00
3947,13276133.00
3948,7441223.50
3949,14906922.00
3950,7538351.50
3951,7369392.50
3952,38143120.00
3953,12213339.00
3954,21742528.00
3955,9173904.00
3956,24066998.00
3957,8221927.50
3958,10537718.00
3959,19346036.00
3960,30654288.00
3961,12121988.00
3962,21791744.00
3963,13478566.00
3964,8284749.00
3965,13827956.00
3966,9131000.00
3967,20281016.00
3968,11224275.00
3969,15964613.00
3970,14630636.00
3971,19281482.00
3972,8100768.50
3973,33206776.00
3974,20253340.00
3975,19243148.00
3976,21200872.00
3977,20103724.00
3978,14905368.00
3979,30394512.00
3980,5574764.00
3981,12428372.00
3982,24077224.00
3983,5367488.00
3984,8507615.00
3985,18176280.00
3986,18546876.00
3987,10417892.00
3988,14167980.00
3989,46746456.00
3990,10491184.00
3991,10709936.00
3992,13986195.00
3993,18023234.00
3994,14575071.00
3995,26183878.00
3996,71716488.00
3997,13679571.00
3998,27688504.00
3999,18472582.00
4000,31165864.00
4001,21545460.00
4002,16702236.00
4003,11390080.00
4004,12527428.00
4005,8993694.00
4006,20617020.00
4007,38283576.00
4008,19493966.00
4009,24678046.00
4010,11584735.00
4011,8887408.00
4012,31576346.00
4013,10360000.00
4014,9893446.00
4015,9376577.00
4016,26666014.00
4017,12479885.00
4018,14977265.00
4019,20782518.00
4020,11517962.00
4021,8720836.00
4022,12148182.00
4023,8280254.00
4024,20766522.00
4025,12891709.00
4026,6576803.00
4027,13678269.00
4028,10702852.00
4029,11622436.00
4030,59508120.00
4031,26157156.00
4032,11141880.00
4033,18779160.00
4034,14448599.00
4035,11213738.00
4036,8243027.00
4037,13477791.00
4038,44188932.00
4039,17391500.00
4040,5137074.00
4041,9299034.00
4042,6666932.00
4043,17919904.00
4044,21709814.00
4045,13385999.00
4046,16906524.00
4047,13804396.00
4048,15835210.00
4049,8594452.00
4050,8772344.00
4051,6035070.50
4052,6775140.50
4053,18381958.00
4054,17351556.00
4055,14007685.00
4056,11056600.00
4057,10598112.00
4058,25835502.00
4059,29728716.00
4060,23765486.00
4061,11816443.00
4062,49295732.00
4063,30017380.00
4064,11373737.00
4065,15480307.00
4066,17016274.00
4067,11490956.00
4068,11878220.00
4069,12140148.00
4070,15788659.00
4071,13621476.00
4072,39810756.00
4073,8694982.00
4074,17968756.00
4075,19558868.00
4076,11977618.00
4077,9103724.00
4078,10744070.00
4079,25328878.00
4080,11665565.00
4081,8104213.00
4082,8680404.00
4083,17896730.00
4084,18028116.00
4085,8787666.00
4086,31441536.00
4087,21527818.00
4088,41814376.00
4089,13691532.00
4090,19943866.00
4091,12897540.00
4092,9105241.00
4093,13340783.00
4094,10491328.00
4095,13764468.00
4096,29490772.00
4097,17473692.00
4098,21229484.00
4099,35501432.00
4100,4705441.00
4101,17288948.00
4102,22952696.00
4103,15905266.00
4104,12240558.00
4105,10824892.00
4106,13433949.00
4107,50838000.00
4108,15716436.00
4109,13736188.00
4110,6793846.00
4111,7428546.50
4112,9847683.00
4113,14389486.00
4114,29791212.00
4115,12585467.00
4116,23643930.00
4117,9599668.00
4118,12660055.00
4119,9396818.00
4120,9366072.00
4121,7864251.50
4122,6871998.50
4123,29131962.00
4124,11102276.00
4125,8296384.00
4126,22232712.00
4127,8777304.00
4128,15131245.00
4129,27279590.00
4130,15619713.00
4131,7372356.00
4132,25588206.00
4133,6238412.00
4134,12885201.00
4135,16252594.00
4136,15436721.00
4137,9990715.00
4138,5553338.00
4139,19545140.00
4140,13252163.00
4141,17466832.00
4142,7957651.00
4143,5340281.00
4144,11447715.00
4145,32247674.00
4146,14930399.00
4147,9488086.00
4148,32710388.00
4149,7526842.00
4150,10041558.00
4151,38566864.00
4152,12975794.00
4153,12853262.00
4154,37152360.00
4155,14045123.00
4156,13318981.00
4157,11666810.00
4158,8256841.00
4159,7984851.00
4160,11200589.00
4161,12823951.00
4162,31063156.00
4163,37530028.00
4164,15479869.00
4165,15555729.00
4166,16506947.00
4167,12172973.00
4168,39991300.00
4169,10982527.00
4170,57309096.00
4171,9613550.00
4172,13026945.00
4173,18886878.00
4174,15295334.00
4175,23538206.00
4176,8609522.00
4177,52538544.00
4178,6529197.00
4179,4656982.00
4180,15159427.00
4181,17829360.00
4182,13299793.00
4183,8586794.00
4184,6194076.00
4185,21207042.00
4186,12834767.00
4187,13241428.00
4188,7510203.00
4189,19448502.00
4190,9619903.00
4191,8391126.00
4192,30142610.00
4193,6372314.00
4194,14370895.00
4195,41057148.00
4196,16560347.00
4197,4679017.00
4198,23851792.00
4199,23391792.00
4200,19055396.00
4201,42315144.00
4202,21902616.00
4203,9318238.00
4204,7127974.00
4205,10884148.00
4206,15497309.00
4207,13982452.00
4208,13935539.00
4209,14306665.00
4210,20894112.00
4211,19942428.00
4212,21822000.00
4213,53146364.00
4214,22429158.00
4215,42300316.00
4216,30463604.00
4217,13893865.00
4218,31655396.00
4219,15719180.00
4220,12482810.00
4221,33492148.00
4222,11029460.00
4223,13450739.00
4224,12661082.00
4225,13803668.00
4226,45291944.00
4227,8948322.00
4228,22710164.00
4229,10493873.00
4230,18698988.00
4231,32176056.00
4232,14623091.00
4233,16598481.00
4234,13747132.00
4235,18033256.00
4236,10361288.00
4237,22851830.00
4238,36139700.00
4239,55391848.00
4240,19355132.00
4241,19314164.00
4242,42571672.00
4243,10268454.00
4244,20601680.00
4245,17603042.00
4246,14588556.00
4247,13458936.00
4248,12798141.00
4249,17315898.00
4250,16779008.00
4251,13433120.00
4252,6594521.00
4253,14750377.00
4254,11491045.00
4255,11009718.00
4256,15464428.00
4257,13883805.00
4258,15094285.00
4259,16958426.00
4260,9017022.00
4261,7627953.50
4262,15685905.00
4263,12041002.00
4264,19013404.00
4265,35751924.00
4266,18466276.00
4267,12568316.00
4268,21483430.00
4269,19291698.00
4270,12258644.00
4271,11210801.00
4272,13574431.00
4273,17016452.00
4274,34322124.00
4275,10486165.00
4276,7095115.00
4277,13746035.00
4278,17815296.00
4279,9106896.00
4280,12525795.00
4281,9509740.00
4282,11087462.00
4283,7640747.50
4284,2302555.00
4285,23604806.00
4286,34868780.00
4287,15407924.00
4288,10672054.00
4289,7419046.50
4290,27183994.00
4291,35311728.00
4292,11744998.00
4293,17847388.00
4294,26043142.00
4295,20193878.00
4296,7898136.50
4297,10829440.00
4298,22435152.00
4299,11597661.00
4300,7875324.00
4301,16006692.00
4302,44761076.00
4303,9164264.00
4304,15609693.00
4305,8605885.00
4306,13203135.00
4307,23440028.00
4308,21323118.00
4309,28156552.00
4310,11301857.00
4311,21311598.00
4312,12428805.00
4313,6385966.00
4314,13028225.00
4315,7972785.50
4316,13420172.00
4317,12649868.00
4318,51190160.00
4319,7708823.00
4320,14788643.00
4321,7882256.00
4322,9618413.00
4323,4773016.00
4324,15856417.00
4325,20607190.00
4326,13895378.00
4327,9134178.00
4328,10674628.00
4329,16575459.00
4330,15262102.00
4331,9049141.00
4332,14542350.00
4333,29470948.00
4334,22340176.00
4335,23359234.00
4336,39251532.00
4337,15357458.00
4338,8069555.00
4339,33638256.00
4340,9122075.00
4341,8271174.50
4342,23296968.00
4343,10330778.00
4344,10849932.00
4345,15341135.00
4346,15745052.00
4347,38638304.00
4348,36339720.00
4349,10731955.00
4350,10108512.00
4351,7404655.50
4352,5393488.00
4353,12997924.00
4354,15346458.00
4355,14323937.00
4356,7396792.50
4357,12733074.00
4358,105749664.00
4359,11535700.00
4360,19346530.00
4361,17822304.00
4362,9136285.00
4363,13131374.00
4364,9625192.00
4365,13563939.00
4366,13126397.00
4367,25789468.00
4368,75717984.00
4369,15340559.00
4370,11677347.00
4371,7549140.00
4372,6857624.50
4373,23038362.00
4374,11320358.00
4375,14194026.00
4376,8848241.00
4377,7774843.00
4378,17058002.00
4379,25455972.00
4380,22350988.00
4381,13535480.00
4382,10046570.00
4383,19301384.00
4384,26554980.00
4385,17919638.00
4386,42824440.00
4387,10080443.00
4388,12248975.00
4389,8293688.50
4390,17918274.00
4391,16624132.00
4392,39673168.00
4393,17739858.00
4394,13150314.00
4395,29520564.00
4396,7197901.00
4397,13558168.00
4398,21731582.00
4399,23831162.00
4400,5349722.00
4401,10574503.00
4402,8907794.00
4403,9848861.00
4404,8527890.00
4405,14868456.00
4406,16666225.00
4407,18630224.00
4408,32651584.00
4409,8239417.00
4410,13883318.00
4411,10752806.00
4412,13857665.00
4413,17552732.00
4414,38166784.00
4415,8911070.00
4416,10900486.00
4417,10379870.00
4418,10187353.00
4419,32131514.00
4420,11605786.00
4421,17132630.00
4422,19882232.00
4423,18093186.00
4424,11922045.00
4425,11371488.00
4426,38128020.00
4427,19074104.00
4428,23086196.00
4429,14373375.00
4430,11318589.00
4431,5242066.00
4432,9885168.00
4433,11943232.00
4434,18337104.00
4435,19908564.00
4436,16016536.00
4437,24664116.00
4438,10319152.00
4439,31472844.00
4440,11939208.00
4441,13567011.00
4442,16517850.00
4443,12355542.00
4444,14068142.00
4445,13015156.00
4446,28385506.00
4447,20275294.00
4448,9834248.00
4449,8035013.00
4450,21476116.00
4451,26466370.00
4452,13177848.00
4453,33287994.00
4454,10824216.00
4455,24621190.00
4456,33438092.00
4457,27036268.00
4458,7588691.00
4459,13262336.00
4460,21905900.00
4461,21428368.00
4462,13061524.00
4463,14443791.00
4464,26635380.00
4465,9788720.00
4466,18816986.00
4467,13473861.00
4468,7615179.00
4469,16403599.00
4470,9534558.00
4471,28949708.00
4472,11126908.00
4473,8660050.00
4474,49427224.00
4475,8708775.00
4476,12575916.00
4477,7071670.50
4478,10219554.00
4479,10221396.00
4480,17321452.00
4481,6192664.50
4482,13792091.00
4483,25889856.00
4484,11476714.00
4485,20751424.00
4486,7169060.00
4487,14822003.00
4488,9969678.00
4489,21880896.00
4490,17749670.00
4491,19213872.00
4492,9343434.00
4493,13096399.00
4494,14189484.00
4495,12962990.00
4496,24113338.00
4497,21222996.00
4498,20455062.00
4499,27764322.00
4500,9009278.00
4501,25799448.00
4502,6111744.00
4503,26077096.00
4504,14986943.00
4505,9823613.00
4506,12908750.00
4507,17649952.00
4508,8398250.00
4509,13333256.00
4510,11584351.00
4511,17447702.00
4512,16307318.00
4513,9496244.00
4514,7299719.50
4515,33047636.00
4516,10770004.00
4517,19836632.00
4518,22835482.00
4519,17949046.00
4520,12744406.00
4521,45060024.00
4522,27620008.00
4523,11382185.00
4524,22638682.00
4525,11687578.00
4526,18140846.00
4527,17063564.00
4528,8191120.00
4529,12515201.00
4530,22038564.00
4531,10500778.00
4532,11222708.00
4533,20500722.00
4534,13242447.00
4535,15819564.00
4536,13100314.00
4537,7379818.00
4538,17023848.00
4539,43227464.00
4540,24288456.00
4541,11668041.00
4542,14996645.00
4543,10494779.00
4544,8065693.00
4545,44141752.00
4546,10937734.00
4547,10452086.00
4548,17081974.00
4549,12808218.00
4550,19724120.00
4551,11165507.00
4552,14247398.00
4553,9145303.00
4554,12702956.00
4555,12062269.00
4556,11604556.00
4557,21979540.00
4558,12086446.00
4559,36053860.00
4560,17771998.00
4561,14669501.00
4562,26668080.00
4563,9323468.00
4564,19437904.00
4565,22071802.00
4566,11791448.00
4567,18244124.00
4568,10531182.00
4569,11714195.00
4570,35422328.00
4571,16512854.00
4572,19861076.00
4573,10534038.00
4574,11191311.00
4575,21013596.00
4576,18781886.00
4577,18050262.00
4578,11768951.00
4579,19041568.00
4580,49127924.00
4581,7058517.00
4582,14583338.00
4583,152892064.00
4584,7715522.00
4585,9229382.00
4586,18987314.00
4587,12691050.00
4588,35851700.00
4589,13496189.00
4590,13738866.00
4591,24193588.00
4592,18211350.00
4593,61096064.00
4594,17553010.00
4595,34171520.00
4596,15896477.00
4597,12184293.00
4598,11243937.00
4599,19692148.00
4600,19118402.00
4601,24516720.00
4602,11799521.00
4603,29880930.00
4604,34747688.00
4605,11785535.00
4606,12088882.00
4607,26423130.00
4608,9955253.00
4609,10389892.00
4610,29308666.00
4611,18735092.00
4612,8376904.50
4613,10787421.00
4614,15724513.00
4615,24561426.00
4616,9769102.00
4617,8202886.00
4618,7576266.00
4619,5212665.00
4620,15317435.00
4621,9895281.00
4622,34503660.00
4623,19789144.00
4624,19408332.00
4625,34027748.00
4626,17959902.00
4627,14012493.00
4628,9899082.00
4629,12252879.00
4630,19413818.00
4631,25878932.00
4632,10950136.00
4633,25415628.00
4634,7648946.50
4635,16786248.00
4636,12202962.00
4637,26065752.00
4638,10171351.00
4639,21361416.00
4640,8681002.00
4641,8521030.00
4642,18081446.00
4643,15894330.00
4644,27723444.00
4645,9434578.00
4646,14435436.00
4647,15441060.00
4648,8150603.50
4649,25321388.00
4650,12891485.00
4651,17365522.00
4652,23065928.00
4653,30772280.00
4654,19717998.00
4655,23753658.00
4656,16639625.00
4657,27159260.00
4658,20449712.00
4659,8883325.00
4660,12672223.00
4661,11492672.00
4662,13458705.00
4663,11303736.00
4664,12500467.00
4665,19394232.00
4666,16051172.00
4667,11029814.00
4668,9710957.00
4669,16407156.00
4670,10212010.00
4671,10949242.00
4672,37063080.00
4673,23941970.00
4674,31883700.00
4675,11177348.00
4676,16085875.00
4677,9517211.00
4678,22008596.00
4679,18446602.00
4680,10141798.00
4681,26146054.00
4682,36503424.00
4683,19165864.00
4684,39057788.00
4685,17109658.00
4686,19132420.00
4687,23233978.00
4688,7059524.00
4689,9828168.00
4690,40863720.00
4691,15512890.00
4692,19254572.00
4693,27870690.00
4694,16455959.00
4695,9551634.00
4696,7441632.00
4697,32810488.00
4698,23145534.00
4699,36552292.00
4700,14115517.00
4701,11516477.00
4702,9065646.00
4703,19529966.00
4704,10893070.00
4705,14557155.00
4706,10537437.00
4707,15394235.00
4708,17669482.00
4709,13094353.00
4710,37858204.00
4711,5368918.00
4712,12655526.00
4713,15468060.00
4714,14671677.00
4715,20400310.00
4716,7063303.50
4717,40656428.00
4718,16296009.00
4719,25456414.00
4720,16808102.00
4721,18304988.00
4722,12333467.00
4723,15335060.00
4724,10025122.00
4725,8356655.50
4726,19881930.00
4727,41725668.00
4728,25533868.00
4729,23204188.00
4730,31215458.00
4731,29456082.00
4732,17961368.00
4733,12235274.00
4734,11287327.00
4735,25108116.00
4736,29495260.00
4737,11483366.00
4738,16898586.00
4739,10958724.00
4740,36497584.00
4741,12120918.00
4742,17394422.00
4743,27452360.00
4744,6360498.00
4745,12348320.00
4746,6539126.00
4747,28716940.00
4748,23440478.00
4749,22479724.00
4750,13466683.00
4751,19098464.00
4752,6139056.00
4753,10878245.00
4754,9811678.00
4755,11455759.00
4756,20756472.00
4757,29052984.00
4758,11469345.00
4759,21274328.00
4760,9956470.00
4761,25593192.00
4762,15526820.00
4763,10452086.00
4764,18134832.00
4765,13825359.00
4766,12809884.00
4767,8744066.00
4768,9753837.00
4769,18253302.00
4770,17748920.00
4771,18316216.00
4772,11146049.00
4773,23696842.00
4774,29712816.00
4775,30426238.00
4776,16124052.00
4777,11974460.00
4778,21865182.00
4779,20384252.00
4780,9290295.00
4781,11513073.00
4782,10420344.00
4783,6418707.00
4784,6927869.00
4785,12815188.00
4786,17513248.00
4787,18135784.00
4788,20634792.00
4789,10810842.00
4790,9598996.00
4791,13895116.00
4792,15941571.00
4793,12842835.00
4794,5220739.00
4795,8442316.00
4796,15864013.00
4797,15514319.00
4798,19247094.00
4799,13062888.00
4800,11429098.00
4801,14275935.00
4802,18236520.00
4803,12254450.00
4804,16602034.00
4805,10744070.00
4806,16661024.00
4807,3670531.75
4808,10026186.00
4809,27894092.00
4810,9543226.00
4811,9133883.00
4812,9770106.00
4813,31849876.00
4814,198545120.00
4815,10352754.00
4816,34670408.00
4817,13900820.00
4818,10490694.00
4819,11732169.00
4820,14574022.00
4821,26009108.00
4822,15760234.00
4823,10015804.00
4824,15426040.00
4825,17330758.00
4826,20191780.00
4827,16662255.00
4828,11768294.00
4829,20545672.00
4830,22485196.00
4831,13654749.00
4832,9460332.00
4833,8430986.00
4834,17754374.00
4835,35386700.00
4836,8652559.00
4837,14204145.00
4838,10618849.00
4839,18258042.00
4840,28062388.00
4841,8623605.00
4842,13381171.00
4843,15141318.00
4844,16846384.00
4845,11455724.00
4846,16634794.00
4847,10201068.00
4848,12326834.00
4849,11372739.00
4850,25554824.00
4851,12752416.00
4852,15527345.00
4853,16476068.00
4854,11469361.00
4855,21615050.00
4856,16268300.00
4857,10351292.00
4858,12871153.00
4859,30301092.00
4860,14518961.00
4861,9845208.00
4862,12209015.00
4863,10840349.00
4864,31412908.00
4865,16625283.00
4866,12773754.00
4867,7098181.00
4868,17114164.00
4869,16127933.00
4870,13194051.00
4871,18290838.00
4872,17426538.00
4873,24863628.00
4874,19159948.00
4875,6691828.00
4876,17597956.00
4877,22154352.00
4878,16597620.00
4879,8375630.00
4880,7493901.00
4881,14341252.00
4882,8525805.00
4883,10209556.00
4884,11313676.00
4885,49634136.00
4886,8747558.00
4887,23623930.00
4888,11199579.00
4889,17550630.00
4890,9859684.00
4891,18533692.00
4892,13140756.00
4893,8050167.50
4894,16725567.00
4895,28582466.00
4896,7307462.00
4897,14317160.00
4898,8919699.00
4899,32459992.00
4900,15412858.00
4901,16211535.00
4902,12701347.00
4903,11708655.00
4904,10815204.00
4905,37830708.00
4906,40221256.00
4907,9166066.00
4908,6642906.00
4909,19227500.00
4910,8001568.00
4911,11774385.00
4912,18438298.00
4913,15983619.00
4914,11032718.00
4915,10357626.00
4916,11339471.00
4917,15225364.00
4918,21399736.00
4919,9124370.00
4920,8223555.00
4921,20978164.00
4922,19133826.00
4923,16257094.00
4924,17799888.00
4925,26640390.00
4926,13171532.00
4927,13444922.00
4928,19710816.00
4929,12643026.00
4930,11317114.00
4931,14357972.00
4932,47684980.00
4933,32312204.00
4934,14060140.00
4935,23745192.00
4936,134874544.00
4937,30117102.00
4938,33278292.00
4939,29051386.00
4940,14540323.00
4941,21111978.00
4942,11881413.00
4943,15138637.00
4944,11189980.00
4945,13587286.00
4946,13438541.00
4947,21874860.00
4948,8444470.00
4949,11202898.00
4950,10019749.00
4951,28101028.00
4952,12317327.00
4953,13785359.00
4954,21208378.00
4955,4518277.00
4956,9692332.00
4957,7418391.00
4958,42989520.00
4959,14655570.00
4960,10983037.00
4961,12307197.00
4962,8100235.00
4963,6112423.00
4964,13883297.00
4965,50746496.00
4966,40062884.00
4967,10668678.00
4968,15586895.00
4969,11953469.00
4970,12755804.00
4971,10723026.00
4972,7393849.50
4973,6532803.00
4974,15205084.00
4975,11931286.00
4976,20076390.00
4977,13289592.00
4978,16424353.00
4979,17508252.00
4980,12758172.00
4981,8280474.00
4982,15044081.00
4983,10939599.00
4984,12041533.00
4985,7278308.00
4986,41624004.00
4987,47787600.00
4988,12769132.00
4989,11711740.00
4990,8872683.00
4991,12176192.00
4992,16103261.00
4993,22686428.00
4994,12674328.00
4995,8522162.00
4996,9840908.00
4997,36403232.00
4998,36686928.00
4999,10397434.00
5000,24893672.00
5001,20880244.00
5002,12632902.00
5003,18957230.00
5004,21908066.00
5005,10768449.00
5006,11210060.00
5007,15486449.00
5008,39574516.00
5009,6661972.00
5010,11012627.00
5011,26888232.00
5012,13095773.00
5013,12231992.00
5014,22465560.00
5015,9813178.00
5016,10390017.00
5017,22802008.00
5018,16680180.00
5019,16068052.00
5020,21693108.00
5021,17836586.00
5022,8946932.00
5023,9689855.00
5024,12652654.00
5025,9889188.00
5026,67885904.00
5027,14778817.00
5028,25104092.00
5029,13769844.00
5030,23657064.00
5031,4919718.00
5032,17080560.00
5033,30363440.00
5034,21160398.00
5035,25299052.00
5036,20840932.00
5037,22176634.00
5038,28814470.00
5039,13308518.00
5040,34018036.00
5041,18605086.00
5042,14979557.00
5043,26968232.00
5044,15375323.00
5045,26105692.00
5046,8925198.00
5047,8823195.00
5048,6573044.00
5049,26607628.00
5050,18571198.00
5051,14507292.00
5052,11807926.00
5053,18939704.00
5054,10899846.00
5055,16802470.00
5056,12667887.00
5057,8583676.00
5058,13576783.00
5059,6278109.00
5060,30417364.00
5061,4582586.00
5062,11665362.00
5063,14237292.00
5064,5268102.00
5065,18189110.00
5066,16149842.00
5067,14891497.00
5068,9379134.00
5069,12818749.00
5070,48457020.00
5071,18718896.00
5072,32844148.00
5073,11166531.00
5074,11232954.00
5075,21288370.00
5076,9349096.00
5077,21353872.00
5078,10398355.00
5079,7822274.00
5080,21975486.00
5081,19057400.00
5082,11741070.00
5083,14180969.00
5084,26908324.00
5085,10916861.00
5086,12147690.00
5087,13401431.00
5088,32639436.00
5089,13334309.00
5090,12233030.00
5091,14059011.00
5092,7579416.50
5093,14900879.00
5094,40060092.00
5095,19853420.00
5096,15586572.00
5097,13239342.00
5098,28056092.00
5099,14439003.00
5100,8496031.00
5101,17532480.00
5102,20832984.00
5103,17825652.00
5104,37230724.00
5105,21427996.00
5106,13545170.00
5107,16009852.00
5108,8422166.00
5109,7549140.00
5110,6493436.00
5111,12567206.00
5112,16529704.00
5113,23788440.00
5114,20936476.00
5115,50422760.00
5116,8857664.00
5117,16076675.00
5118,9690666.00
5119,43520160.00
5120,24002488.00
5121,7926820.50
5122,39894568.00
5123,32121848.00
5124,17028244.00
5125,26807920.00
5126,14199706.00
5127,9223998.00
5128,16543900.00
5129,17711380.00
5130,9546140.00
5131,18468984.00
5132,10078177.00
5133,12314127.00
5134,14642130.00
5135,5018843.00
5136,22321844.00
5137,8187852.00
5138,11391224.00
5139,14178912.00
5140,11166284.00
5141,22174632.00
5142,31389640.00
5143,24297044.00
5144,22084050.00
5145,16730936.00
5146,16256732.00
5147,4562906.00
5148,11597745.00
5149,32790584.00
5150,34473168.00
5151,6757882.00
5152,40596504.00
5153,5397525.00
5154,18403808.00
5155,21936792.00
5156,17520336.00
5157,11904646.00
5158,11308145.00
5159,26458220.00
5160,18228198.00
5161,20240924.00
5162,23600382.00
5163,10354131.00
5164,14577484.00
5165,39108336.00
5166,17790704.00
5167,190198736.00
5168,12065123.00
5169,10532239.00
5170,13189050.00
5171,17867292.00
5172,10150748.00
5173,11444372.00
5174,10983116.00
5175,28929060.00
5176,13024101.00
5177,17503420.00
5178,13078081.00
5179,34467380.00
5180,11926314.00
5181,11725414.00
5182,14281795.00
5183,7963864.50
5184,7331390.50
5185,6328317.00
5186,15539997.00
5187,12831078.00
5188,29442472.00
5189,7052249.00
5190,15012803.00
5191,27144314.00
5192,20696344.00
5193,14432163.00
5194,35109208.00
5195,50016804.00
5196,7320289.50
5197,9344172.00
5198,29115072.00
5199,6563702.00
5200,22061050.00
5201,9996740.00
5202,8444954.00
5203,30126372.00
5204,50449780.00
5205,17055324.00
5206,10003528.00
5207,14210289.00
5208,8489300.00
5209,12756250.00
5210,20652232.00
5211,13277644.00
5212,19884804.00
5213,20360972.00
5214,12282243.00
5215,26143824.00
5216,25957830.00
5217,6297133.00
5218,39743588.00
5219,10387328.00
5220,23471432.00
5221,9400666.00
5222,12225253.00
5223,18956258.00
5224,29435292.00
5225,11440973.00
5226,11093638.00
5227,18527388.00
5228,52713456.00
5229,11362877.00
5230,18176760.00
5231,39766208.00
5232,22436336.00
5233,16092177.00
5234,16604561.00
5235,18995066.00
5236,4546330.00
5237,13731237.00
5238,54857272.00
5239,20339932.00
5240,11645879.00
5241,31842776.00
5242,5251153.00
5243,24817506.00
5244,32721694.00
5245,11396554.00
5246,36577836.00
5247,6140322.00
5248,16703898.00
5249,21133950.00
5250,32118776.00
5251,17998200.00
5252,11511162.00
5253,11791406.00
5254,11376964.00
5255,38500984.00
5256,17519358.00
5257,23118860.00
5258,8923836.00
5259,30934732.00
5260,40706440.00
5261,18750336.00
5262,7969980.00
5263,11530836.00
5264,28498920.00
5265,29441378.00
5266,11029251.00
5267,11689704.00
5268,13553084.00
5269,10396606.00
5270,19803360.00
5271,19342398.00
5272,27842196.00
5273,10540864.00
5274,25617206.00
5275,14734964.00
5276,14915875.00
5277,20022358.00
5278,11275322.00
5279,16884596.00
5280,21521100.00
5281,17578044.00
5282,27507368.00
5283,15981603.00
5284,20475724.00
5285,9476053.00
5286,37025252.00
5287,4582586.00
5288,20859496.00
5289,11036339.00
5290,14130205.00
5291,21483930.00
5292,27127600.00
5293,16205245.00
5294,11085478.00
5295,22409078.00
5296,14306820.00
5297,17015956.00
5298,11950245.00
5299,13181148.00
5300,11249105.00
5301,15044081.00
5302,20152232.00
5303,10847690.00
5304,32588972.00
5305,10407890.00
5306,11883389.00
5307,11765573.00
5308,11627357.00
5309,13896154.00
5310,25853988.00
5311,13626584.00
5312,11087462.00
5313,17466028.00
5314,14353299.00
5315,9683316.00
5316,33854384.00
5317,32571020.00
5318,6953698.00
5319,5931472.00
5320,45819500.00
5321,18098580.00
5322,41974324.00
5323,14203593.00
5324,12196428.00
5325,7815878.00
5326,25118540.00
5327,29890972.00
5328,20931018.00
5329,14605542.00
5330,16434479.00
5331,15979128.00
5332,7583258.00
5333,15890799.00
5334,18214560.00
5335,8374826.00
5336,12787914.00
5337,37506356.00
5338,11637782.00
5339,20691924.00
5340,28243828.00
5341,21507212.00
5342,19526768.00
5343,28780992.00
5344,11482962.00
5345,12146268.00
5346,13358659.00
5347,9583042.00
5348,26321420.00
5349,11538350.00
5350,6572138.00
5351,21155096.00
5352,18439042.00
5353,36825084.00
5354,9711123.00
5355,19099796.00
5356,29164454.00
5357,10386973.00
5358,10992143.00
5359,10899661.00
5360,19722896.00
5361,19928296.00
5362,18133864.00
5363,6795742.50
5364,76379528.00
5365,10422555.00
5366,21763336.00
5367,17903314.00
5368,15758180.00
5369,16036421.00
5370,7677653.00
5371,22062552.00
5372,10852370.00
5373,32286400.00
5374,38968756.00
5375,13812298.00
5376,9975479.00
5377,21467036.00
5378,14708573.00
5379,19648486.00
5380,31625638.00
5381,16506323.00
5382,15144794.00
5383,12359258.00
5384,21473958.00
5385,25174086.00
5386,23663124.00
5387,7946896.00
5388,22436336.00
5389,11365590.00
5390,17069302.00
5391,10452003.00
5392,21581448.00
5393,14788438.00
5394,16207258.00
5395,18770136.00
5396,11247816.00
5397,8856368.00
5398,10682724.00
5399,13002883.00
5400,25945728.00
5401,17606636.00
5402,14573825.00
5403,37011132.00
5404,9171838.00
5405,19796084.00
5406,24390924.00
5407,44164332.00
5408,4211483.00
5409,17539108.00
5410,27053716.00
5411,14158291.00
5412,29073920.00
5413,13408006.00
5414,12614504.00
5415,11020150.00
5416,32650964.00
5417,7058451.00
5418,10551056.00
5419,15437734.00
5420,7466311.00
5421,7131934.50
5422,20280540.00
5423,39531112.00
5424,36381568.00
5425,10322256.00
5426,10566878.00
5427,14817161.00
5428,31504392.00
5429,24923950.00
5430,16703898.00
5431,16224701.00
5432,14862885.00
5433,10798715.00
5434,6402349.00
5435,18356424.00
5436,7369005.00
5437,11819562.00
5438,11343841.00
5439,10634960.00
5440,37067900.00
5441,10629728.00
5442,15579720.00
5443,16904370.00
5444,99389136.00
5445,39881672.00
5446,14415776.00
5447,60419840.00
5448,12217069.00
5449,41499632.00
5450,12092710.00
5451,17458458.00
5452,13659210.00
5453,13540879.00
5454,42971976.00
5455,11812538.00
5456,10748700.00
5457,11182670.00
5458,8267473.50
5459,18629816.00
5460,11488671.00
5461,13740822.00
5462,86849016.00
5463,14072291.00
5464,10506824.00
5465,11180836.00
5466,31964792.00
5467,11570628.00
5468,83258024.00
5469,34297928.00
5470,87685680.00
5471,10723604.00
5472,12528547.00
5473,16081321.00
5474,13203493.00
5475,13336073.00
5476,9715157.00
5477,9907218.00
5478,15002595.00
5479,12157466.00
5480,6315854.00
5481,18938880.00
5482,26305122.00
5483,10588793.00
5484,8160198.50
5485,13101352.00
5486,8053905.50
5487,38861908.00
5488,22084724.00
5489,8059243.50
5490,14404643.00
5491,12171081.00
5492,22121210.00
5493,13752166.00
5494,27629678.00
5495,21163656.00
5496,7046403.00
5497,7794844.00
5498,31948328.00
5499,46258408.00
5500,16393441.00
5501,13408605.00
5502,4279344.00
5503,10527932.00
5504,13926598.00
5505,22327998.00
5506,16559590.00
5507,18033466.00
5508,7978897.50
5509,18477284.00
5510,12039031.00
5511,16510438.00
5512,22621068.00
5513,19787700.00
5514,21923404.00
5515,7797782.00
5516,22345684.00
5517,19474924.00
5518,27570452.00
5519,29683910.00
5520,7312264.50
5521,8182447.50
5522,9582525.00
5523,18799412.00
5524,26533404.00
5525,29554374.00
5526,22186030.00
5527,21076124.00
5528,21148164.00
5529,15273151.00
5530,12637194.00
5531,19079836.00
5532,26053168.00
5533,12711037.00
5534,26467298.00
5535,19197170.00
5536,8810779.00
5537,8859644.00
5538,22481886.00
5539,18239684.00
5540,14211530.00
5541,16206484.00
5542,26433272.00
5543,15869908.00
5544,25475640.00
5545,20192756.00
5546,9712354.00
5547,14269318.00
5548,15415695.00
5549,10394936.00
5550,19835016.00
5551,13542060.00
5552,10605938.00
5553,15000876.00
5554,30755678.00
5555,9187860.00
5556,24999994.00
5557,20670574.00
5558,12333659.00
5559,11587084.00
5560,21777128.00
5561,15782487.00
5562,14434121.00
5563,15379807.00
5564,32929734.00
5565,15506175.00
5566,7183927.50
5567,13442231.00
5568,16030932.00
5569,10083572.00
5570,6745020.00
5571,12086112.00
5572,16488453.00
5573,16406985.00
5574,11225362.00
5575,8756485.00
5576,11844774.00
5577,12319721.00
5578,14122621.00
5579,11544466.00
5580,30211032.00
5581,33040624.00
5582,13374391.00
5583,12378132.00
5584,21693780.00
5585,15109544.00
5586,14357079.00
5587,8482577.00
5588,6505035.00
5589,15102278.00
5590,21915348.00
5591,9119444.00
5592,8050385.50
5593,19724512.00
5594,8876818.00
5595,12657012.00
5596,13361318.00
5597,721320.94
5598,10546536.00
5599,11592307.00
5600,6907883.50
5601,10080528.00
5602,10339334.00
5603,7393152.00
5604,3961159.00
5605,24641154.00
5606,24745828.00
5607,13760637.00
5608,25136052.00
5609,15278175.00
5610,18531840.00
5611,16207173.00
5612,15716604.00
5613,7543774.50
5614,29806790.00
5615,57814688.00
5616,16554958.00
5617,16572707.00
5618,11452719.00
5619,16438226.00
5620,10109257.00
5621,12652566.00
5622,12195720.00
5623,33822160.00
5624,14830660.00
5625,14172276.00
5626,13441638.00
5627,9792095.00
5628,13219058.00
5629,11875112.00
5630,41779716.00
5631,20703164.00
5632,39166128.00
5633,12308815.00
5634,22013576.00
5635,8024955.00
5636,26601644.00
5637,11274420.00
5638,57977028.00
5639,9848980.00
5640,39586952.00
5641,18875484.00
5642,10530250.00
5643,16971146.00
5644,8479993.00
5645,24597638.00
5646,14041221.00
5647,32994964.00
5648,18659836.00
5649,12839579.00
5650,29652480.00
5651,42495672.00
5652,10365880.00
5653,32465068.00
5654,6265793.50
5655,7598853.00
5656,18261706.00
5657,18391776.00
5658,44526020.00
5659,18642210.00
5660,7954718.50
5661,6585934.50
5662,13100008.00
5663,8564556.00
5664,10451927.00
5665,30919706.00
5666,20413224.00
5667,15025128.00
5668,6831910.50
5669,35799400.00
5670,12409646.00
5671,10379053.00
5672,10634199.00
5673,26754216.00
5674,9598322.00
5675,9495111.00
5676,19103940.00
5677,14542350.00
5678,31667684.00
5679,7324205.00
5680,16195250.00
5681,27663778.00
5682,16984902.00
5683,44237360.00
5684,21590720.00
5685,12374348.00
5686,68462064.00
5687,18316522.00
5688,12016352.00
5689,10427048.00
5690,12808124.00
5691,11346514.00
5692,4535197.00
5693,15012294.00
5694,12397060.00
5695,11786854.00
5696,12719738.00
5697,17409528.00
5698,19334684.00
5699,24156144.00
5700,23683600.00
5701,1745581.00
5702,5581752.50
5703,15122572.00
5704,3957702.00
5705,7606134.00
5706,18229236.00
5707,4187786.00
5708,18003762.00
5709,44826448.00
5710,14862877.00
5711,19190124.00
5712,12804120.00
5713,15789544.00
5714,20891774.00
5715,18929344.00
5716,11311738.00
5717,15740298.00
5718,13667721.00
5719,10082214.00
5720,15822817.00
5721,8605055.00
5722,35902204.00
5723,17762922.00
5724,9728863.00
5725,11190596.00
5726,9531480.00
5727,12064865.00
5728,31550008.00
5729,7012670.50
5730,22884964.00
5731,18708470.00
5732,10202568.00
5733,18283202.00
5734,7259034.00
5735,9551182.00
5736,9441360.00
5737,19937212.00
5738,14334191.00
5739,21173886.00
5740,21698408.00
5741,15591032.00
5742,12910879.00
5743,28228236.00
5744,15377325.00
5745,7387688.50
5746,14110342.00
5747,17097880.00
5748,8111601.50
5749,19466796.00
5750,5712236.00
5751,9749880.00
5752,15128812.00
5753,51906144.00
5754,23872660.00
5755,22946764.00
5756,25075386.00
5757,39983948.00
5758,49126196.00
5759,14892929.00
5760,11273620.00
5761,16800624.00
5762,11310147.00
5763,13026212.00
5764,19457160.00
5765,6196270.00
5766,30648890.00
5767,27204012.00
5768,9985980.00
5769,25870764.00
5770,19017948.00
5771,6808802.50
5772,10500622.00
5773,37079312.00
5774,11239730.00
5775,17468000.00
5776,13184937.00
5777,10524365.00
5778,12689853.00
5779,12148870.00
5780,17783260.00
5781,12720826.00
5782,18805590.00
5783,8175358.50
5784,12119507.00
5785,12511684.00
5786,6414670.50
5787,9474178.00
5788,18413078.00
5789,9347276.00
5790,18204450.00
5791,12524352.00
5792,21274288.00
5793,20010868.00
5794,10696339.00
5795,14592653.00
5796,10606298.00
5797,5363437.00
5798,9117314.00
5799,16890244.00
5800,17472630.00
5801,11383858.00
5802,11215722.00
5803,15852291.00
5804,10974810.00
5805,53715984.00
5806,15459540.00
5807,26559998.00
5808,10842490.00
5809,12258483.00
5810,24230582.00
5811,10642734.00
5812,24938982.00
5813,17089706.00
5814,22930224.00
5815,9542089.00
5816,18082882.00
5817,13726700.00
5818,12723101.00
5819,15677166.00
5820,23777054.00
5821,23475576.00
5822,9390049.00
5823,13418598.00
5824,9388188.00
5825,8178782.50
5826,13078828.00
5827,20555730.00
5828,31591568.00
5829,16806306.00
5830,13198335.00
5831,10514783.00
5832,17750196.00
5833,16252219.00
5834,19604296.00
5835,8775242.00
5836,7548659.00
5837,19842050.00
5838,7363070.50
5839,13480314.00
5840,12376310.00
5841,7603169.50
5842,20900524.00
5843,41343076.00
5844,10713152.00
5845,6133377.50
5846,14630605.00
5847,18563694.00
5848,16426865.00
5849,21613452.00
5850,14116782.00
5851,9054440.00
5852,38486920.00
5853,7404369.50
5854,11775712.00
5855,7730218.00
5856,44818572.00
5857,10491328.00
5858,23645220.00
5859,10386383.00
5860,11379529.00
5861,15958693.00
5862,45210236.00
5863,18046714.00
5864,20057046.00
5865,21751878.00
5866,24953524.00
5867,7570697.50
5868,27443892.00
5869,22304932.00
5870,34097596.00
5871,19448852.00
5872,17999776.00
5873,12031284.00
5874,26121444.00
5875,17325822.00
5876,8588672.00
5877,9469448.00
5878,17727680.00
5879,15057981.00
5880,29551910.00
5881,22787554.00
5882,12725819.00
5883,71449744.00
5884,18414110.00
5885,11414145.00
5886,12666899.00
5887,15752794.00
5888,9137669.00
5889,114768536.00
5890,20241366.00
5891,15767643.00
5892,12702851.00
5893,34311744.00
5894,49055288.00
5895,11257450.00
5896,5879310.50
5897,24842362.00
5898,7713664.00
5899,12984241.00
5900,10053172.00
5901,11010789.00
5902,21940848.00
5903,11115402.00
5904,8146786.00
5905,23144756.00
5906,46882420.00
5907,18964408.00
5908,24037768.00
5909,11276509.00
5910,28034232.00
5911,8731140.00
5912,13230934.00
5913,18713264.00
5914,13706986.00
5915,15393661.00
5916,20254920.00
5917,13481084.00
5918,14078586.00
5919,26325748.00
5920,16316379.00
5921,51577028.00
5922,13967528.00
5923,21485830.00
5924,400196704.00
5925,18341256.00
5926,31189090.00
5927,27164368.00
5928,14094333.00
5929,10703973.00
5930,32225272.00
5931,10332114.00
5932,18207862.00
5933,8394996.00
5934,15811875.00
5935,35752180.00
5936,12935661.00
5937,20277006.00
5938,11560897.00
5939,9274640.00
5940,15691732.00
5941,28771352.00
5942,37156532.00
5943,75266368.00
5944,10783986.00
5945,12385898.00
5946,10258215.00
5947,18914684.00
5948,25260920.00
5949,30815060.00
5950,13996246.00
5951,14060061.00
5952,18451262.00
5953,14753411.00
5954,13606138.00
5955,14731533.00
5956,17267914.00
5957,10302506.00
5958,15681862.00
5959,30307938.00
5960,12369070.00
5961,11413880.00
5962,21090744.00
5963,25425908.00
5964,14708925.00
5965,15444303.00
5966,20466968.00
5967,21419930.00
5968,11609731.00
5969,6980079.50
5970,15811062.00
5971,10291884.00
5972,8901885.00
5973,15530397.00
5974,27859672.00
5975,17293514.00
5976,14018889.00
5977,244671184.00
5978,14547406.00
5979,11409436.00
5980,20812580.00
5981,25228716.00
5982,15682467.00
5983,54432624.00
5984,5135737.00
5985,9636406.00
5986,17697414.00
5987,9813032.00
5988,8890112.00
5989,8879720.00
5990,14176365.00
5991,11687205.00
5992,12583110.00
5993,17782530.00
5994,26809816.00
5995,11993062.00
5996,15029917.00
5997,14789492.00
5998,18609046.00
5999,10760177.00
6000,10513160.00
6001,11989676.00
6002,21795822.00
6003,23618376.00
6004,12953329.00
6005,15775692.00
6006,34422380.00
6007,15653044.00
6008,13243694.00
6009,21319690.00
6010,13532669.00
6011,9950718.00
6012,12878071.00
6013,25503192.00
6014,11122284.00
6015,9501002.00
6016,6799489.50
6017,12490328.00
6018,43962200.00
6019,11467724.00
6020,8993678.00
6021,17925188.00
6022,11298234.00
6023,22481886.00
6024,6530110.00
6025,19524866.00
6026,19567086.00
6027,46249876.00
6028,8353313.50
6029,23092954.00
6030,9836226.00
6031,44186344.00
6032,9043104.00
6033,10172967.00
6034,23691724.00
6035,11169043.00
6036,11927878.00
6037,12791656.00
6038,35446372.00
6039,8275395.00
6040,10010438.00
6041,8762693.00
6042,25569296.00
6043,24126568.00
6044,16984330.00
6045,10946336.00
6046,16041251.00
6047,28023032.00
6048,34094104.00
6049,3493224.00
6050,22219924.00
6051,11574665.00
6052,28500824.00
6053,16697376.00
6054,10183346.00
6055,45841604.00
6056,22669080.00
6057,16681123.00
6058,10565862.00
6059,21744934.00
6060,22378088.00
6061,16231684.00
6062,18621732.00
6063,24776228.00
6064,4053665.00
6065,21946132.00
6066,32640292.00
6067,12185975.00
6068,18307162.00
6069,25415628.00
6070,28470744.00
6071,28703186.00
6072,22072412.00
6073,17245580.00
6074,25468244.00
6075,9296424.00
6076,13452721.00
6077,14436484.00
6078,14504590.00
6079,12396413.00
6080,12874068.00
6081,8943757.00
6082,17872376.00
6083,13180479.00
6084,15154463.00
6085,9959729.00
6086,14313836.00
6087,5224514.00
6088,30184110.00
6089,37656472.00
6090,12588957.00
6091,11194982.00
6092,20932884.00
6093,16959228.00
6094,27601912.00
6095,16487684.00
6096,22034444.00
6097,19959392.00
6098,21985460.00
6099,7604481.50
6100,15124242.00
6101,8656348.00
6102,21914322.00
6103,22155814.00
6104,122256152.00
6105,12268698.00
6106,54910776.00
6107,14806941.00
6108,18138146.00
6109,21331750.00
6110,14214506.00
6111,15178824.00
6112,12132617.00
6113,18431430.00
6114,7621362.00
6115,13856527.00
6116,28542900.00
6117,35707828.00
6118,15750098.00
6119,13167610.00
6120,13387048.00
6121,21983686.00
6122,23810658.00
6123,13074909.00
6124,9457630.00
6125,10029625.00
6126,19831954.00
6127,7590646.50
6128,14762198.00
6129,7427756.00
6130,9673188.00
6131,12176261.00
6132,17262756.00
6133,11197066.00
6134,42370724.00
6135,18070796.00
6136,28927284.00
6137,5897111.00
6138,19158804.00
6139,10167140.00
6140,4463937.00
6141,19718218.00
6142,12152739.00
6143,8760008.00
6144,13577999.00
6145,5197073.00
6146,4977093.00
6147,18227016.00
6148,4455831.00
6149,22200482.00
6150,63507516.00
6151,16447084.00
6152,14824372.00
6153,18145372.00
6154,12478740.00
6155,15241448.00
6156,44599096.00
6157,24895394.00
6158,24209136.00
6159,17970740.00
6160,19382556.00
6161,9946104.00
6162,17126170.00
6163,16675698.00
6164,12355836.00
6165,15037921.00
6166,11537430.00
6167,28444120.00
6168,12887909.00
6169,18886082.00
6170,14101669.00
6171,10911724.00
6172,10013159.00
6173,19050662.00
6174,16924722.00
6175,15849681.00
6176,11099892.00
6177,9597210.00
6178,17191508.00
6179,32394780.00
6180,10462216.00
6181,13682209.00
6182,10120636.00
6183,18644284.00
6184,15432475.00
6185,22227802.00
6186,15685471.00
6187,25700450.00
6188,19336970.00
6189,13578895.00
6190,8055877.00
6191,5355660.00
6192,7525646.00
6193,13234237.00
6194,16416925.00
6195,11506330.00
6196,28623552.00
6197,14967013.00
6198,21602566.00
6199,20281738.00
6200,28483220.00
6201,20638726.00
6202,7486704.00
6203,17043640.00
6204,7920210.00
6205,15415695.00
6206,17997154.00
6207,15649905.00
6208,10131769.00
6209,5513511.50
6210,14236966.00
6211,13186108.00
6212,15167412.00
6213,19963954.00
6214,6427257.00
6215,21074516.00
6216,19488216.00
6217,9927445.00
6218,68720136.00
6219,14364550.00
6220,8232013.00
6221,19678676.00
6222,8528782.00
6223,25442606.00
6224,9886250.00
6225,10359870.00
6226,12381162.00
6227,9326787.00
6228,22794064.00
6229,9016724.00
6230,16987884.00
6231,42837024.00
6232,13776108.00
6233,12376531.00
6234,36106568.00
6235,37365124.00
6236,27943224.00
6237,18470892.00
6238,9176841.00
6239,1745581.00
6240,11691055.00
6241,12580960.00
6242,13148947.00
6243,21808542.00
6244,7713664.00
6245,6002468.00
6246,21606938.00
6247,11321798.00
6248,45949104.00
6249,72051568.00
6250,20360704.00
6251,26134884.00
6252,14361572.00
6253,17770842.00
6254,7250326.00
6255,26496902.00
6256,18701516.00
6257,50008180.00
6258,32946604.00
6259,11201044.00
6260,42079928.00
6261,27676824.00
6262,9280578.00
6263,13140406.00
6264,25773854.00
6265,8117390.50
6266,23126930.00
6267,12321978.00
6268,18336350.00
6269,17112764.00
6270,14140492.00
6271,18660830.00
6272,9544664.00
6273,13208838.00
6274,9395827.00
6275,19804472.00
6276,14174067.00
6277,12686211.00
6278,11615935.00
6279,10275928.00
6280,4722187.00
6281,18061664.00
6282,22527536.00
6283,8957501.00
6284,12684332.00
6285,29886324.00
6286,16750561.00
6287,8441187.00
6288,12494234.00
6289,13497969.00
6290,17694766.00
6291,32283422.00
6292,50968828.00
6293,22543244.00
6294,10865243.00
6295,29765416.00
6296,11422680.00
6297,9492277.00
6298,17760956.00
6299,16175668.00
6300,17900162.00
6301,8930306.00
6302,10288926.00
6303,24710664.00
6304,8861788.00
6305,15188238.00
6306,9373501.00
6307,30045412.00
6308,15735107.00
6309,18459168.00
6310,12879274.00
6311,26810906.00
6312,11997014.00
6313,18680858.00
6314,11132910.00
6315,8118464.00
6316,28863806.00
6317,10519759.00
6318,37024160.00
6319,18738832.00
6320,14228979.00
6321,15895447.00
6322,7735203.00
6323,9717562.00
6324,10632983.00
6325,22155632.00
6326,26745948.00
6327,25071250.00
6328,8997312.00
6329,12703716.00
6330,20527632.00
6331,14057578.00
6332,222067392.00
6333,12696174.00
6334,5864231.50
6335,13813743.00
6336,27357416.00
6337,18742260.00
6338,14682273.00
6339,11896727.00
6340,10521070.00
6341,12399976.00
6342,31313692.00
6343,9748222.00
6344,10576550.00
6345,6888077.00
6346,17947996.00
6347,9579197.00
6348,13250268.00
6349,9612942.00
6350,16526793.00
6351,12804340.00
6352,47194368.00
6353,25761140.00
6354,11026819.00
6355,16199203.00
6356,8362602.00
6357,24185640.00
6358,10589004.00
6359,11236771.00
6360,42140996.00
6361,18875836.00
6362,15827050.00
6363,11452947.00
6364,13525036.00
6365,28663010.00
6366,32789278.00
6367,22178974.00
6368,10533823.00
6369,24764856.00
6370,36013484.00
6371,17151080.00
6372,25665416.00
6373,22340590.00
6374,8170180.00
6375,13738545.00
6376,26153958.00
6377,9087840.00
6378,13575455.00
6379,12935766.00
6380,17005842.00
6381,12641526.00
6382,11828678.00
6383,13893859.00
6384,7341750.50
6385,6486025.00
6386,19513748.00
6387,13026545.00
6388,10488583.00
6389,16983644.00
6390,23474164.00
6391,13132748.00
6392,11540221.00
6393,11812872.00
6394,12092951.00
6395,39507344.00
6396,23070744.00
6397,17066796.00
6398,40595512.00
6399,10275928.00
6400,30439256.00
6401,15214234.00
6402,12541868.00
6403,7384305.50
6404,8184946.00
6405,15696755.00
6406,8134551.00
6407,22566808.00
6408,8552774.00
6409,40982888.00
6410,17422734.00
6411,42971976.00
6412,21365312.00
6413,9583345.00
6414,7822209.50
6415,13815462.00
6416,6901613.00
6417,11835034.00
6418,4053727.00
6419,64370116.00
6420,12446559.00
6421,11514336.00
6422,21514362.00
6423,25149112.00
6424,8354077.50
6425,10465484.00
6426,15726468.00
6427,14259159.00
6428,6750151.50
6429,19729782.00
6430,8843444.00
6431,8265334.00
6432,16687110.00
6433,8158251.00
6434,17065200.00
6435,20497560.00
6436,10321842.00
6437,8587635.00
6438,9508506.00
6439,12692420.00
6440,77160088.00
6441,14002876.00
6442,8799799.00
6443,21756270.00
6444,8729414.00
6445,15595066.00
6446,11641149.00
6447,10569166.00
6448,25193098.00
6449,11371860.00
6450,40400012.00
6451,10487294.00
6452,15645464.00
6453,14693432.00
6454,11676854.00
6455,10343388.00
6456,40671588.00
6457,32627248.00
6458,6886057.50
6459,24589644.00
6460,43039116.00
6461,25284516.00
6462,9567907.00
6463,10585280.00
6464,7993024.50
6465,16001522.00
6466,13563075.00
6467,9645356.00
6468,16642653.00
6469,7619618.50
6470,13361318.00
6471,14245469.00
6472,36907600.00
6473,32243316.00
6474,32237064.00
6475,27129064.00
6476,12471878.00
6477,12003517.00
6478,11559295.00
6479,19295038.00
6480,10582432.00
6481,22358302.00
6482,9973844.00
6483,13093466.00
6484,18497338.00
6485,16106545.00
6486,33892272.00
6487,9071712.00
6488,10276865.00
6489,7479598.50
6490,14532509.00
6491,16293162.00
6492,7999939.00
6493,24733182.00
6494,18564086.00
6495,4546330.00
6496,33730112.00
6497,5452275.00
6498,8434316.00
6499,11323169.00
6500,13687729.00
6501,26445872.00
6502,20787684.00
6503,21646736.00
6504,20484826.00
6505,13283446.00
6506,31770874.00
6507,25229496.00
6508,13453373.00
6509,11204530.00
6510,11758861.00
6511,32798406.00
6512,20912994.00
6513,24550144.00
6514,12885458.00
6515,14052312.00
6516,27680058.00
6517,6799471.50
6518,11164708.00
6519,61049716.00
6520,12138488.00
6521,36187824.00
6522,29903272.00
6523,51410060.00
6524,22560208.00
6525,29979828.00
6526,8221408.00
6527,50707144.00
6528,25664432.00
6529,6798830.50
6530,18202434.00
6531,7631345.50
6532,31696046.00
6533,7152337.50
6534,9426517.00
6535,12695364.00
6536,13792552.00
6537,9037460.00
6538,7606134.00
6539,24865112.00
6540,14948906.00
6541,8648261.00
6542,12137457.00
6543,10199516.00
6544,14674767.00
6545,28923078.00
6546,20297558.00
6547,13141093.00
6548,26839462.00
6549,14291987.00
6550,145650352.00
6551,56057440.00
6552,21345244.00
6553,21339808.00
6554,15370746.00
6555,15103002.00
6556,11182010.00
6557,7724014.50
6558,22686982.00
6559,26142750.00
6560,14695197.00
6561,16349216.00
6562,19159628.00
6563,8432001.00
6564,10306221.00
6565,5399451.00
6566,9350528.00
6567,22209064.00
6568,7987713.50
6569,10609950.00
6570,15198488.00
6571,16023402.00
6572,21954170.00
6573,25303132.00
6574,20221724.00
6575,7919795.00
6576,19799866.00
6577,12269943.00
6578,13422106.00
6579,14498196.00
6580,7831008.50
6581,16799212.00
6582,7391885.00
6583,13614624.00
6584,13624681.00
6585,17705288.00
6586,24882188.00
6587,23880162.00
6588,24134820.00
6589,11675150.00
6590,9526016.00
6591,22142538.00
6592,22059676.00
6593,9001147.00
6594,8634476.00
6595,7475002.00
6596,12905130.00
6597,34178552.00
6598,10619172.00
6599,13721631.00
6600,18384676.00
6601,19316334.00
6602,29096504.00
6603,7612375.50
6604,23291092.00
6605,9448986.00
6606,13249853.00
6607,10180038.00
6608,13104915.00
6609,11991450.00
6610,10780314.00
6611,23076422.00
6612,24689032.00
6613,17063112.00
6614,14896404.00
6615,23920276.00
6616,28971572.00
6617,17999260.00
6618,14293734.00
6619,29457694.00
6620,12002412.00
6621,72558144.00
6622,14627945.00
6623,10773636.00
6624,24992172.00
6625,25766720.00
6626,8108898.00
6627,12552934.00
6628,16266470.00
6629,15021368.00
6630,14094019.00
6631,5420889.00
6632,52086560.00
6633,9916508.00
6634,21151416.00
6635,16800932.00
6636,20399332.00
6637,20894030.00
6638,15838612.00
6639,16933744.00
6640,12225443.00
6641,62742676.00
6642,25068194.00
6643,33862396.00
6644,20508100.00
6645,9688332.00
6646,7972160.50
6647,8586628.00
6648,22779914.00
6649,31476102.00
6650,17226502.00
6651,7218695.00
6652,129141568.00
6653,12759396.00
6654,23329240.00
6655,26324280.00
6656,16588924.00
6657,12561637.00
6658,21554340.00
6659,15939972.00
6660,6680531.00
6661,21504312.00
6662,7598853.00
6663,22645470.00
6664,7460206.50
6665,51995688.00
6666,16099557.00
6667,16275229.00
6668,8758367.00
6669,4634778.00
6670,38369812.00
6671,34960528.00
6672,15720803.00
6673,8980789.00
6674,17615534.00
6675,15892131.00
6676,7931399.50
6677,22530542.00
6678,56247404.00
6679,13758778.00
6680,20432244.00
6681,16509573.00
6682,18138146.00
6683,7800997.00
6684,21940354.00
6685,21518970.00
6686,11694179.00
6687,12033243.00
6688,15235238.00
6689,16339357.00
6690,20132000.00
6691,9449428.00
6692,23400578.00
6693,10962399.00
6694,23614086.00
6695,29635228.00
6696,10996854.00
6697,9576850.00
6698,24242352.00
6699,9162096.00
6700,21158766.00
6701,12948404.00
6702,7764974.50
6703,11088614.00
6704,14802815.00
6705,38193672.00
6706,9604240.00
6707,22199952.00
6708,14924282.00
6709,5916519.50
6710,74648632.00
6711,37387004.00
6712,70387768.00
6713,35030200.00
6714,12756091.00
6715,18743172.00
6716,16940142.00
6717,8267473.50
6718,4912345.00
6719,17419812.00
6720,32271652.00
6721,32279132.00
6722,15590136.00
6723,20805110.00
6724,15472182.00
6725,9961170.00
6726,11648288.00
6727,14865900.00
6728,21675228.00
6729,3599345.00
6730,15438739.00
6731,22155992.00
6732,14267133.00
6733,15661917.00
6734,25639856.00
6735,12936987.00
6736,22015110.00
6737,8477614.00
6738,8143626.00
6739,10147628.00
6740,9999644.00
6741,17485082.00
6742,15764644.00
6743,17403950.00
6744,12560742.00
6745,18880814.00
6746,6285818.00
6747,11282975.00
6748,14442030.00
6749,9088294.00
6750,24308836.00
6751,21108356.00
6752,11547236.00
6753,22077708.00
6754,18848566.00
6755,16870402.00
6756,12718188.00
6757,33949072.00
6758,10747149.00
6759,14489092.00
6760,12243314.00
6761,9874163.00
6762,5408206.00
6763,27777762.00
6764,47116072.00
6765,13570584.00
6766,13623863.00
6767,22284234.00
6768,17263924.00
6769,13798962.00
6770,12014552.00
6771,14217021.00
6772,12411501.00
6773,13568603.00
6774,19700668.00
6775,26247512.00
6776,15767235.00
6777,23544820.00
6778,12378179.00
6779,38329940.00
6780,12120829.00
6781,11067246.00
6782,13031107.00
6783,12120229.00
6784,20292278.00
6785,11771229.00
6786,16894064.00
6787,27693274.00
6788,11764204.00
6789,11303896.00
6790,17626986.00
6791,9343434.00
6792,11732343.00
6793,18682888.00
6794,43574448.00
6795,15612460.00
6796,12655516.00
6797,12115162.00
6798,11756716.00
6799,8824410.00
6800,9865748.00
6801,16170266.00
6802,8865098.00
6803,8694254.00
6804,9376510.00
6805,13261084.00
6806,15021070.00
6807,11040416.00
6808,28316720.00
6809,9710231.00
6810,39201256.00
6811,12247596.00
6812,8724464.00
6813,7920494.50
6814,17757872.00
6815,10124552.00
6816,14549766.00
6817,6777481.00
6818,26666014.00
6819,10440212.00
6820,26749878.00
6821,32924544.00
6822,44560944.00
6823,49108096.00
6824,11825782.00
6825,14525839.00
6826,24750600.00
6827,54534992.00
6828,15550929.00
6829,16054696.00
6830,18481662.00
6831,12200088.00
6832,12653110.00
6833,15762982.00
6834,11779168.00
6835,23753104.00
6836,28607244.00
6837,15462956.00
6838,8636180.00
6839,15963178.00
6840,9767094.00
6841,14934408.00
6842,31819220.00
6843,16201846.00
6844,23378864.00
6845,10991014.00
6846,18120130.00
6847,10870136.00
6848,15442584.00
6849,10692842.00
6850,9687234.00
6851,5106173.00
6852,33714724.00
6853,33470436.00
6854,17176282.00
6855,21983686.00
6856,19933992.00
6857,4818682.00
6858,17031006.00
6859,9304489.00
6860,12863132.00
6861,7866186.00
6862,15461679.00
6863,29607012.00
6864,24689438.00
6865,21257558.00
6866,6344724.00
6867,18794028.00
6868,25777416.00
6869,122817360.00
6870,27301358.00
6871,10632983.00
6872,14138682.00
6873,6893104.00
6874,7420029.50
6875,6403815.00
6876,4521420.00
6877,13147822.00
6878,25321482.00
6879,13961475.00
6880,25797916.00
6881,20417660.00
6882,5712813.00
6883,44192744.00
6884,13778819.00
6885,37863944.00
6886,11410028.00
6887,9413032.00
6888,7607558.50
6889,24203244.00
6890,20193016.00
6891,36199600.00
6892,10429978.00
6893,17304180.00
6894,6065355.00
6895,6246749.00
6896,25299892.00
6897,11442994.00
6898,5917536.00
6899,16276549.00
6900,19893866.00
6901,13506033.00
6902,8713784.00
6903,6693405.00
6904,21062332.00
6905,11371256.00
6906,11517637.00
6907,8539280.00
6908,6318425.00
6909,13726308.00
6910,8692934.00
6911,6720123.00
6912,21157982.00
6913,10233880.00
6914,24893272.00
6915,11064119.00
6916,13093108.00
6917,21786980.00
6918,68266624.00
6919,20108000.00
6920,12905404.00
6921,5682515.00
6922,8705367.00
6923,30935394.00
6924,9449825.00
6925,7940542.50
6926,21227304.00
6927,7760744.50
6928,36959484.00
6929,5804806.00
6930,31541580.00
6931,9801575.00
6932,28513828.00
6933,9462595.00
6934,12485192.00
6935,5275384.00
6936,12890164.00
6937,16418182.00
6938,23088410.00
6939,7528167.50
6940,25662026.00
6941,14387622.00
6942,15839185.00
6943,22969176.00
6944,22002012.00
6945,24974748.00
6946,5320806.00
6947,55497124.00
6948,81692664.00
6949,9741354.00
6950,21511628.00
6951,14540778.00
6952,11528794.00
6953,17751796.00
6954,11014429.00
6955,33709984.00
6956,110158592.00
6957,11859562.00
6958,31441996.00
6959,9618410.00
6960,30801556.00
6961,11222278.00
6962,9739074.00
6963,20791518.00
6964,15701902.00
6965,22558984.00
6966,11379529.00
6967,13634666.00
6968,18814576.00
6969,9491752.00
6970,17692376.00
6971,44663712.00
6972,18235416.00
6973,16428239.00
6974,17864078.00
6975,12954036.00
6976,7899147.50
6977,22636678.00
6978,10477642.00
6979,10642914.00
6980,17426742.00
6981,5109261.00
6982,27636572.00
6983,14812050.00
6984,14571855.00
6985,14891380.00
6986,8749934.00
6987,10874996.00
6988,12684332.00
6989,11589588.00
6990,14528778.00
6991,8192964.50
6992,9339988.00
6993,12999558.00
6994,19869252.00
6995,27937088.00
6996,33704552.00
6997,25194066.00
6998,28938164.00
6999,34372732.00
7000,12822139.00
7001,12112591.00
7002,16000093.00
7003,11405891.00
7004,32491640.00
7005,9956946.00
7006,8089901.00
7007,5251348.00
7008,7788078.50
7009,10558570.00
7010,8792201.00
7011,23299496.00
7012,32822458.00
7013,15897370.00
7014,23665354.00
7015,18036694.00
7016,13521958.00
7017,27364140.00
7018,7372705.50
7019,18735352.00
7020,10015804.00
7021,24685540.00
7022,14610284.00
7023,16879272.00
7024,18565440.00
7025,10598409.00
7026,10603569.00
7027,36953728.00
7028,28629208.00
7029,16598664.00
7030,11847596.00
7031,19894076.00
7032,14319300.00
7033,40675544.00
7034,48613176.00
7035,38239400.00
7036,9349376.00
7037,26259298.00
7038,16289029.00
7039,17094884.00
7040,20962068.00
7041,21397560.00
7042,7440635.00
7043,9659026.00
7044,12500154.00
7045,5704438.00
7046,10943461.00
7047,12797624.00
7048,9955798.00
7049,9164028.00
7050,20407888.00
7051,33405882.00
7052,20002000.00
7053,20284660.00
7054,23351578.00
7055,117812432.00
7056,18939256.00
7057,11635826.00
7058,32845904.00
7059,11321798.00
7060,17190252.00
7061,24854902.00
7062,14358115.00
7063,9347385.00
7064,31862676.00
7065,5875742.00
7066,24479540.00
7067,16196212.00
7068,15520516.00
7069,17551912.00
7070,8886807.00
7071,11228873.00
7072,16678207.00
7073,7744854.50
7074,26468670.00
7075,22222430.00
7076,30019412.00
7077,15377272.00
7078,9052430.00
7079,30308638.00
7080,19357556.00
7081,14701349.00
7082,5618540.00
7083,18734922.00
7084,15856253.00
7085,29525762.00
7086,12905208.00
7087,19253892.00
7088,14677356.00
7089,17593552.00
7090,65558724.00
7091,9347278.00
7092,6793063.50
7093,15101222.00
7094,9857208.00
7095,14140771.00
7096,28326128.00
7097,8037929.50
7098,11491997.00
7099,52345752.00
7100,17727214.00
7101,13337940.00
7102,7780411.00
7103,15039581.00
7104,17098074.00
7105,19840440.00
7106,15428228.00
7107,13410854.00
7108,16107310.00
7109,25520440.00
7110,18619968.00
7111,32093300.00
7112,7661549.50
7113,9423933.00
7114,17117382.00
7115,24162990.00
7116,7688295.50
7117,24891412.00
7118,13536512.00
7119,9029429.00
7120,23298728.00
7121,22548066.00
7122,25030300.00
7123,19686600.00
7124,5697798.00
7125,31610380.00
7126,10467730.00
7127,11751402.00
7128,6607082.00
7129,17505872.00
7130,38796688.00
7131,14249859.00
7132,13421754.00
7133,21022842.00
7134,12606548.00
7135,21898950.00
7136,27156716.00
7137,25283584.00
7138,17231664.00
7139,36565348.00
7140,12398712.00
7141,47985496.00
7142,5846132.00
7143,15388154.00
7144,10394936.00
7145,17920824.00
7146,16537678.00
7147,19259544.00
7148,33971336.00
7149,16437842.00
7150,24167360.00
7151,10398370.00
7152,11486331.00
7153,13680908.00
7154,25008330.00
7155,16474150.00
7156,11965501.00
7157,10968151.00
7158,11339928.00
7159,23025692.00
7160,12759921.00
7161,18504528.00
7162,17257952.00
7163,31163520.00
7164,8657906.00
7165,21016582.00
7166,5284291.00
7167,24618956.00
7168,13437983.00
7169,26802696.00
7170,39417672.00
7171,20226344.00
7172,13119648.00
7173,8403385.00
7174,17504016.00
7175,18531808.00
7176,4267195.00
7177,12787534.00
7178,14238693.00
7179,23392024.00
7180,9604886.00
7181,11908227.00
7182,10659048.00
7183,14510310.00
7184,10790762.00
7185,18073146.00
7186,17532392.00
7187,11142309.00
7188,6318545.50
7189,18752516.00
7190,28879920.00
7191,10111582.00
7192,11149940.00
7193,21553124.00
7194,9013736.00
7195,12905404.00
7196,15696390.00
7197,17998126.00
7198,37403788.00
7199,12521219.00
7200,18707862.00
7201,6437702.00
7202,13008883.00
7203,15850472.00
7204,12943619.00
7205,17766294.00
7206,18523956.00
7207,19587660.00
7208,10433466.00
7209,4846988.00
7210,25640844.00
7211,21536804.00
7212,14231725.00
7213,21150688.00
7214,19713224.00
7215,13665148.00
7216,39077164.00
7217,17254468.00
7218,13253075.00
7219,13846945.00
7220,9780052.00
7221,14278106.00
7222,14681011.00
7223,16899736.00
7224,21901858.00
7225,8622730.00
7226,31144954.00
7227,18578784.00
7228,19804472.00
7229,12413318.00
7230,11191000.00
7231,18960558.00
7232,11911724.00
7233,8434706.00
7234,12084253.00
7235,14771809.00
7236,31593908.00
7237,42708924.00
7238,9322581.00
7239,16471677.00
7240,13657743.00
7241,75851136.00
7242,9466931.00
7243,51963892.00
7244,6974446.00
7245,10408322.00
7246,37664068.00
7247,18024398.00
7248,21675228.00
7249,10550294.00
7250,13987661.00
7251,8940382.00
7252,23899888.00
7253,21830444.00
7254,10619797.00
7255,8051239.00
7256,15506557.00
7257,21709716.00
7258,9464038.00
7259,16514203.00
7260,12197248.00
7261,11712452.00
7262,15827270.00
7263,28642368.00
7264,16585617.00
7265,14450609.00
7266,22482828.00
7267,16642216.00
7268,14922255.00
7269,26065542.00
7270,8881142.00
7271,17291754.00
7272,21209170.00
7273,16466198.00
7274,17768250.00
7275,11350473.00
7276,17552628.00
7277,12330358.00
7278,26772716.00
7279,11658634.00
7280,31628316.00
7281,11543613.00
7282,69917272.00
7283,35686436.00
7284,9842648.00
7285,14613508.00
7286,8341854.00
7287,10856975.00
7288,9555162.00
7289,13143165.00
7290,18656256.00
7291,8483150.00
7292,13208310.00
7293,11845405.00
7294,10433303.00
7295,10985580.00
7296,25158500.00
7297,9918686.00
7298,18778292.00
7299,9811857.00
7300,32980632.00
7301,16330595.00
7302,13556332.00
7303,31562992.00
7304,18396930.00
7305,15674395.00
7306,7122311.00
7307,13188134.00
7308,5420889.00
7309,20812868.00
7310,18965680.00
7311,40587580.00
7312,16633486.00
7313,21658032.00
7314,10394936.00
7315,18842420.00
7316,12599999.00
7317,20777856.00
7318,9996537.00
7319,19896072.00
7320,15144332.00
7321,14105782.00
7322,38754108.00
7323,25066910.00
7324,14165519.00
7325,21817164.00
7326,18016302.00
7327,26629312.00
7328,23853086.00
7329,13190979.00
7330,10441264.00
7331,24312856.00
7332,12161701.00
7333,19079910.00
7334,10146090.00
7335,29470352.00
7336,14567071.00
7337,19124388.00
7338,13026621.00
7339,8575224.00
7340,14071822.00
7341,14451162.00
7342,17312462.00
7343,17984610.00
7344,39121876.00
7345,22890832.00
7346,18409444.00
7347,20560988.00
7348,25477064.00
7349,14720890.00
7350,5068042.00
7351,11038518.00
7352,16309692.00
7353,14970789.00
7354,19291698.00
7355,11099409.00
7356,4588661.00
7357,9071414.00
7358,17641502.00
7359,13132221.00
7360,9316654.00
7361,20147462.00
7362,15215078.00
7363,35823624.00
7364,8570714.00
7365,6659078.50
7366,9998570.00
7367,30506170.00
7368,11450822.00
7369,30579416.00
7370,8040208.00
7371,13883803.00
7372,24756102.00
7373,11226240.00
7374,18984378.00
7375,11494877.00
7376,17409494.00
7377,36180584.00
7378,14979284.00
7379,11767441.00
7380,21713054.00
7381,23291092.00
7382,29205272.00
7383,20334038.00
7384,11573407.00
7385,11468151.00
7386,12691050.00
7387,22697914.00
7388,8760683.00
7389,19979406.00
7390,13953929.00
7391,20318348.00
7392,12795971.00
7393,6310132.00
7394,10408973.00
7395,7959773.00
7396,10111276.00
7397,8559407.00
7398,4147436.25
7399,12874761.00
7400,17138988.00
7401,8540318.00
7402,39330100.00
7403,13835597.00
7404,17487076.00
7405,17466016.00
7406,11448733.00
7407,9261697.00
7408,32905240.00
7409,19023978.00
7410,13347982.00
7411,10999660.00
7412,57067324.00
7413,22344414.00
7414,11595236.00
7415,21912074.00
7416,9391806.00
7417,13513004.00
7418,17164526.00
7419,17216272.00
7420,21548504.00
7421,12537898.00
7422,8022854.00
7423,12528736.00
7424,9750256.00
7425,25561790.00
7426,32060446.00
7427,14420109.00
7428,14490339.00
7429,6201049.00
7430,10606158.00
7431,8251169.50
7432,10308109.00
7433,7536811.50
7434,8970238.00
7435,6227300.00
7436,7234934.50
7437,12396392.00
7438,18873668.00
7439,13388340.00
7440,22393086.00
7441,18259480.00
7442,16831026.00
7443,11559452.00
7444,13417619.00
7445,8650658.00
7446,5534535.50
7447,10572084.00
7448,9199616.00
7449,9950142.00
7450,14633460.00
7451,13798077.00
7452,28461224.00
7453,17515350.00
7454,29870010.00
7455,12156020.00
7456,19576448.00
7457,12378001.00
7458,11169500.00
7459,11321807.00
7460,10119142.00
7461,17609678.00
7462,33934152.00
7463,22203336.00
7464,12405377.00
7465,7191648.00
7466,12204978.00
7467,20731760.00
7468,25455482.00
7469,22525384.00
7470,40533748.00
7471,17157628.00
7472,19551534.00
7473,35365320.00
7474,45645880.00
7475,22932104.00
7476,6988056.50
7477,9117965.00
7478,11394657.00
7479,16509023.00
7480,10275931.00
7481,16235314.00
7482,35128180.00
7483,11201256.00
7484,25005082.00
7485,14915302.00
7486,19861740.00
7487,21974302.00
7488,21632268.00
7489,21779636.00
7490,16070924.00
7491,5785316.00
7492,27193304.00
7493,17508252.00
7494,11027489.00
7495,16727919.00
7496,24799724.00
7497,33508780.00
7498,18008538.00
7499,25429386.00
7500,11780794.00
7501,16852580.00
7502,5362609.00
7503,25256384.00
7504,32675496.00
7505,9771198.00
7506,7761766.00
7507,19216146.00
7508,9918878.00
7509,17558578.00
7510,11432797.00
7511,6832703.50
7512,8576568.00
7513,24018112.00
7514,9856234.00
7515,23731576.00
7516,10672932.00
7517,19023868.00
7518,5531645.00
7519,14865011.00
7520,8914006.00
7521,12742659.00
7522,11949375.00
7523,25719432.00
7524,4525173.00
7525,12009521.00
7526,22664286.00
7527,10572320.00
7528,16068244.00
7529,9981446.00
7530,8996981.00
7531,34653940.00
7532,9638338.00
7533,28733742.00
7534,23614086.00
7535,4628595.00
7536,8132571.00
7537,5404006.00
7538,10639456.00
7539,15930243.00
7540,11562817.00
7541,11070358.00
7542,10728411.00
7543,30648890.00
7544,7012726.00
7545,6520558.50
7546,12903795.00
7547,23299496.00
7548,23477288.00
7549,26344382.00
7550,10192106.00
7551,19586194.00
7552,36959744.00
7553,16038054.00
7554,13976577.00
7555,12065123.00
7556,37915112.00
7557,12094431.00
7558,9927744.00
7559,31449680.00
7560,49178516.00
7561,8508868.00
7562,8493150.00
7563,36671996.00
7564,8422877.00
7565,34313104.00
7566,38234428.00
7567,20162630.00
7568,20372370.00
7569,10848516.00
7570,13395457.00
7571,15523875.00
7572,22030582.00
7573,16947052.00
7574,22205342.00
7575,36926108.00
7576,12353103.00
7577,16849350.00
7578,6854375.50
7579,13506862.00
7580,10983368.00
7581,24058856.00
7582,17649256.00
7583,5119984.00
7584,12591770.00
7585,11322999.00
7586,15284177.00
7587,13602214.00
7588,14573883.00
7589,12941230.00
7590,13727781.00
7591,2201752.00
7592,109091368.00
7593,27453900.00
7594,23264872.00
7595,11339464.00
7596,6643286.00
7597,23184738.00
7598,18670102.00
7599,31735280.00
7600,10778170.00
7601,9372874.00
7602,15201797.00
7603,8082130.50
7604,21391666.00
7605,35376336.00
7606,12491429.00
7607,11491124.00
7608,27138356.00
7609,29313588.00
7610,11321942.00
7611,22600332.00
7612,7474222.50
7613,11762403.00
7614,14217048.00
7615,10129263.00
7616,10126950.00
7617,10097116.00
7618,10702910.00
7619,12573873.00
7620,21347218.00
7621,14153628.00
7622,17911974.00
7623,6724797.00
7624,35878504.00
7625,19776540.00
7626,16150301.00
7627,27361052.00
7628,20247964.00
7629,19613768.00
7630,10505374.00
7631,9183525.00
7632,9772602.00
7633,11315894.00
7634,15129746.00
7635,20022358.00
7636,14409434.00
7637,5640138.00
7638,3095731.75
7639,9799588.00
7640,12011050.00
7641,12442856.00
7642,23556718.00
7643,20173424.00
7644,12822493.00
7645,5430683.00
7646,12582244.00
7647,7183758.50
7648,13161162.00
7649,48164432.00
7650,13781711.00
7651,18734922.00
7652,14596849.00
7653,16221082.00
7654,11068852.00
7655,13099142.00
7656,5909778.00
7657,16028492.00
7658,8415266.00
7659,21082160.00
7660,15834621.00
7661,7373086.00
7662,40260872.00
7663,10890629.00
7664,6077251.00
7665,30067600.00
7666,13180212.00
7667,12303814.00
7668,9846324.00
7669,13554063.00
7670,13138095.00
7671,22410296.00
7672,16764678.00
7673,12018240.00
7674,13250781.00
7675,8589496.00
7676,8189279.50
7677,11476714.00
7678,4825989.00
7679,7412942.50
7680,7115131.50
7681,10441264.00
7682,24737880.00
7683,16585787.00
7684,35347500.00
7685,34294316.00
7686,14713760.00
7687,6396234.00
7688,22411578.00
7689,10840259.00
7690,15538474.00
7691,10512098.00
7692,24650688.00
7693,10000934.00
7694,5959958.00
7695,13032218.00
7696,21344776.00
7697,13526181.00
7698,20555208.00
7699,28542900.00
7700,15576837.00
7701,27499294.00
7702,18948652.00
7703,33072220.00
7704,16244460.00
7705,9954026.00
7706,28491892.00
7707,9842454.00
7708,10223510.00
7709,33711696.00
7710,34841724.00
7711,11822971.00
7712,9069380.00
7713,62478972.00
7714,13439683.00
7715,24248264.00
7716,15527446.00
7717,6795297.50
7718,26629996.00
7719,4482139.00
7720,16913298.00
7721,12120140.00
7722,8507172.00
7723,9959109.00
7724,12080273.00
7725,13845957.00
7726,32583120.00
7727,12009402.00
7728,17421880.00
7729,21718016.00
7730,13626574.00
7731,22256936.00
7732,12697459.00
7733,9373162.00
7734,6299169.50
7735,15208695.00
7736,8519332.00
7737,18759058.00
7738,6977912.50
7739,18982038.00
7740,8032994.50
7741,15856417.00
7742,19590784.00
7743,7512573.50
7744,15690909.00
7745,35791004.00
7746,16064120.00
7747,12290380.00
7748,18078404.00
7749,23242358.00
7750,20812798.00
7751,12466424.00
7752,18238238.00
7753,12009532.00
7754,6579166.50
7755,14688209.00
7756,23103768.00
7757,13674017.00
7758,20343032.00
7759,15114580.00
7760,8564887.00
7761,9454996.00
7762,13412874.00
7763,9406397.00
7764,4366418.00
7765,23550138.00
7766,50361668.00
7767,12014900.00
7768,11870717.00
7769,7091534.50
7770,7376199.50
7771,37306500.00
7772,15350164.00
7773,27618860.00
7774,4559465.00
7775,16811434.00
7776,13344056.00
7777,18768952.00
7778,10781158.00
7779,21784192.00
7780,29665200.00
7781,21894354.00
7782,14926292.00
7783,16338386.00
7784,13641713.00
7785,13191581.00
7786,34012464.00
7787,17424172.00
7788,12661170.00
7789,23687782.00
7790,12479741.00
7791,12286729.00
7792,14780813.00
7793,12319372.00
7794,17777356.00
7795,10440750.00
7796,21892592.00
7797,33258632.00
7798,21007070.00
7799,11104232.00
7800,19529614.00
7801,17751580.00
7802,19652234.00
7803,10203970.00
7804,25418968.00
7805,66390296.00
7806,17005336.00
7807,11909289.00
7808,13945270.00
7809,22144872.00
7810,9314154.00
7811,12983977.00
7812,9625560.00
7813,12492893.00
7814,13815739.00
7815,7677561.50
7816,12207094.00
7817,9733262.00
7818,10049551.00
7819,18150566.00
7820,25925544.00
7821,24956600.00
7822,10814086.00
7823,14311141.00
7824,22630814.00
7825,29264576.00
7826,17151940.00
7827,12433848.00
7828,33394056.00
7829,20785700.00
7830,10944358.00
7831,25930284.00
7832,13708024.00
7833,13797583.00
7834,11038250.00
7835,10017400.00
7836,9262141.00
7837,8761992.00
7838,16848526.00
7839,10434203.00
7840,16464963.00
7841,6794268.00
7842,35436148.00
7843,8699011.00
7844,14141597.00
7845,42640336.00
7846,13787926.00
7847,34125408.00
7848,21577896.00
7849,9592334.00
7850,13636596.00
7851,14544631.00
7852,13238939.00
7853,12250906.00
7854,10300930.00
7855,11662769.00
7856,9900330.00
7857,21675228.00
7858,13237475.00
7859,11225850.00
7860,21842310.00
7861,17290596.00
7862,28931828.00
7863,49295732.00
7864,19370696.00
7865,14252899.00
7866,29227456.00
7867,18221688.00
7868,7164733.00
7869,10979485.00
7870,30412268.00
7871,8366118.50
7872,7530637.00
7873,9006110.00
7874,18191734.00
7875,60568772.00
7876,7400213.00
7877,12853007.00
7878,22347366.00
7879,11744428.00
7880,20758220.00
7881,22435152.00
7882,28793308.00
7883,29261242.00
7884,27700572.00
7885,18035652.00
7886,17172978.00
7887,15385393.00
7888,11355354.00
7889,7942980.50
7890,2063128.00
7891,5886650.00
7892,11086217.00
7893,11842431.00
7894,22078896.00
7895,10675536.00
7896,13811537.00
7897,17309288.00
7898,41594400.00
7899,9921822.00
7900,9888549.00
7901,37074828.00
7902,36136940.00
7903,27075300.00
7904,11791419.00
7905,25543010.00
7906,28948496.00
7907,8092580.00
7908,17109360.00
7909,8045312.00
7910,37792828.00
7911,9233704.00
7912,30667496.00
7913,14883254.00
7914,11447007.00
7915,146366784.00
7916,11897178.00
7917,16223476.00
7918,14271369.00
7919,6362665.00
7920,49968492.00
7921,18362828.00
7922,11438431.00
7923,11049213.00
7924,39574516.00
7925,17646552.00
7926,10164678.00
7927,22130204.00
7928,10987624.00
7929,9852917.00
7930,19683780.00
7931,13549891.00
7932,12750196.00
7933,20182192.00
7934,9099564.00
7935,27709624.00
7936,17294580.00
7937,6977646.50
7938,11384902.00
7939,12881138.00
7940,6676753.50
7941,9969398.00
7942,12746003.00
7943,11168463.00
7944,31706092.00
7945,30287768.00
7946,107989352.00
7947,9188774.00
7948,14648004.00
7949,41343076.00
7950,14536241.00
7951,12931043.00
7952,9961900.00
7953,12156346.00
7954,26662910.00
7955,17939354.00
7956,26622056.00
7957,7716093.00
7958,8867143.00
7959,13690273.00
7960,15312332.00
7961,14144431.00
7962,12164854.00
7963,28517844.00
7964,13210339.00
7965,12439726.00
7966,139524768.00
7967,15940628.00
7968,24380680.00
7969,7585725.50
7970,17609768.00
7971,9355093.00
7972,7072022.00
7973,22850292.00
7974,13764507.00
7975,14780593.00
7976,16367142.00
7977,21463194.00
7978,21899380.00
7979,38256208.00
7980,20042634.00
7981,13165283.00
7982,13549516.00
7983,14048993.00
7984,10701905.00
7985,51581928.00
7986,24347272.00
7987,31846132.00
7988,6484167.00
7989,9124370.00
7990,13134676.00
7991,84328128.00
7992,15627754.00
7993,14621208.00
7994,33275700.00
7995,11814597.00
7996,23084784.00
7997,15480152.00
7998,17150568.00
7999,30721730.00
8000,31544780.00
8001,11413076.00
8002,17093436.00
8003,33884064.00
8004,25332306.00
8005,7543981.00
8006,41466460.00
8007,8098555.00
8008,19459202.00
8009,27253254.00
8010,14298516.00
8011,11767864.00
8012,6169329.50
8013,14627945.00
8014,11171676.00
8015,23126930.00
8016,15243826.00
8017,14342641.00
8018,8392732.00
8019,9534809.00
8020,22665972.00
8021,14917102.00
8022,9500080.00
8023,23617904.00
8024,9571492.00
8025,9879620.00
8026,13070484.00
8027,19298622.00
8028,17396952.00
8029,12012861.00
8030,17440308.00
8031,11035037.00
8032,13821650.00
8033,9879422.00
8034,21519832.00
8035,26034554.00
8036,15471066.00
8037,33897640.00
8038,41731556.00
8039,10478568.00
8040,46511324.00
8041,6141273.00
8042,30716614.00
8043,13636410.00
8044,11449720.00
8045,24003518.00
8046,16642653.00
8047,5466759.00
8048,9061697.00
8049,9883569.00
8050,12687511.00
8051,8101738.00
8052,11765339.00
8053,21568018.00
8054,14348260.00
8055,10870589.00
8056,11810460.00
8057,22032732.00
8058,23639610.00
8059,37102772.00
8060,8045015.00
8061,9898050.00
8062,9779939.00
8063,14876594.00
8064,17544532.00
8065,11677928.00
8066,11314854.00
8067,15175156.00
8068,9825404.00
8069,27800784.00
8070,9343077.00
8071,24648256.00
8072,12194775.00
8073,22898778.00
8074,13228198.00
8075,10699304.00
8076,9744792.00
8077,11980431.00
8078,13517060.00
8079,22625380.00
8080,26417600.00
8081,41066444.00
8082,65293940.00
8083,9172851.00
8084,27468712.00
8085,19197528.00
8086,13822943.00
8087,14470593.00
8088,4556753.00
8089,4995710.00
8090,33714416.00
8091,23422964.00
8092,21669272.00
8093,11339928.00
8094,8275617.50
8095,17433440.00
8096,16604905.00
8097,31803244.00
8098,9847312.00
8099,7885936.00
8100,13757299.00
8101,26752356.00
8102,34798332.00
8103,11083315.00
8104,17897124.00
8105,15224244.00
8106,32028560.00
8107,21348910.00
8108,28870900.00
8109,53872744.00
8110,16707877.00
8111,7294182.00
8112,8275885.50
8113,70835040.00
8114,13672643.00
8115,14362678.00
8116,15887121.00
8117,11988251.00
8118,47068044.00
8119,11482950.00
8120,21892562.00
8121,11771616.00
8122,24621684.00
8123,22034118.00
8124,25282124.00
8125,12522986.00
8126,26075000.00
8127,29178114.00
8128,17714030.00
8129,16436428.00
8130,15043023.00
8131,4556753.00
8132,10441701.00
8133,13667848.00
8134,9372266.00
8135,28980300.00
8136,21536804.00
8137,9031002.00
8138,8304099.00
8139,8225744.00
8140,51310096.00
8141,17919310.00
8142,21641580.00
8143,6711695.50
8144,25361716.00
8145,7529838.50
8146,17868344.00
8147,21929478.00
8148,12524040.00
8149,9492278.00
8150,21468424.00
8151,8353313.50
8152,26929584.00
8153,16046061.00
8154,14113117.00
8155,11142135.00
8156,10692682.00
8157,15767643.00
8158,7193696.00
8159,8969845.00
8160,25839948.00
8161,8047369.50
8162,10946074.00
8163,21672998.00
8164,18561850.00
8165,6354590.50
8166,7268012.00
8167,12567351.00
8168,12851642.00
8169,11156442.00
8170,27117196.00
8171,5805424.00
8172,11550895.00
8173,8341986.00
8174,12795256.00
8175,23776256.00
8176,25129944.00
8177,6852571.00
8178,11725414.00
8179,10386662.00
8180,29785996.00
8181,41303676.00
8182,17865474.00
8183,16409292.00
8184,33186472.00
8185,7922601.00
8186,6869981.00
8187,23004432.00
8188,11601582.00
8189,35430092.00
8190,5957382.00
8191,8930676.00
8192,19259580.00
8193,8872559.00
8194,16876398.00
8195,13464876.00
8196,11808417.00
8197,11442679.00
8198,24726766.00
8199,16860948.00
8200,26209048.00
8201,14585082.00
8202,15255905.00
8203,15297709.00
8204,12840029.00
8205,8851481.00
8206,13607041.00
8207,14492474.00
8208,38418420.00
8209,6848759.50
8210,35602856.00
8211,9934343.00
8212,14138490.00
8213,14440689.00
8214,18104116.00
8215,30970850.00
8216,19834394.00
8217,22508870.00
8218,10779878.00
8219,6521360.00
8220,11570628.00
8221,22359028.00
8222,9798206.00
8223,28683468.00
8224,40055424.00
8225,28537508.00
8226,19022394.00
8227,10430633.00
8228,20352910.00
8229,40929528.00
8230,17395972.00
8231,18151612.00
8232,8723305.00
8233,7394473.50
8234,14701125.00
8235,21501238.00
8236,35459840.00
8237,9864422.00
8238,16723900.00
8239,19936916.00
8240,22609420.00
8241,30817408.00
8242,14634373.00
8243,35236644.00
8244,10665992.00
8245,10260107.00
8246,36938564.00
8247,8670302.00
8248,39637744.00
8249,16398674.00
8250,14253382.00
8251,8111012.00
8252,22161040.00
8253,4838181.00
8254,11849443.00
8255,15973142.00
8256,19332400.00
8257,9378272.00
8258,7599210.00
8259,38943916.00
8260,13258861.00
8261,8116822.50
8262,14630636.00
8263,10708228.00
8264,22120628.00
8265,9442106.00
8266,6134679.00
8267,27972492.00
8268,10388303.00
8269,19295440.00
8270,16687704.00
8271,41945628.00
8272,42753092.00
8273,28929042.00
8274,13275232.00
8275,11883700.00
8276,14277196.00
8277,10719541.00
8278,23296648.00
8279,16416445.00
8280,16952062.00
8281,17989228.00
8282,20809216.00
8283,12139996.00
8284,25151720.00
8285,50298716.00
8286,46916340.00
8287,12961801.00
8288,20878492.00
8289,30886564.00
8290,13357592.00
8291,7796023.50
8292,32617016.00
8293,28119196.00
8294,9122446.00
8295,28631014.00
8296,6943092.50
8297,14401117.00
8298,5717147.00
8299,12514716.00
8300,30284106.00
8301,16727919.00
8302,7831038.00
8303,19288002.00
8304,16874844.00
8305,100865232.00
8306,12059034.00
8307,8709612.00
8308,10793120.00
8309,8839728.00
8310,8900340.00
8311,10761496.00
8312,22722650.00
8313,22950438.00
8314,19947292.00
8315,19702212.00
8316,15970036.00
8317,19716500.00
8318,17215042.00
8319,6167952.00
8320,22850292.00
8321,23432564.00
8322,7346842.00
8323,9346229.00
8324,16535995.00
8325,7292862.00
8326,15316134.00
8327,12009848.00
8328,23578304.00
8329,32838180.00
8330,8818312.00
8331,44567760.00
8332,42673784.00
8333,33181128.00
8334,20152516.00
8335,11819965.00
8336,13792552.00
8337,14358556.00
8338,13551739.00
8339,14414239.00
8340,7572391.00
8341,10943752.00
8342,20997520.00
8343,9842124.00
8344,11415588.00
8345,7300304.00
8346,20929038.00
8347,50459608.00
8348,10843950.00
8349,9940432.00
8350,9496978.00
8351,9185057.00
8352,9985456.00
8353,15125522.00
8354,24517382.00
8355,14000271.00
8356,15006268.00
8357,27507368.00
8358,10131443.00
8359,12172682.00
8360,28388170.00
8361,16827348.00
8362,15109668.00
8363,6134123.00
8364,20847270.00
8365,22495656.00
8366,17407590.00
8367,20011180.00
8368,58444136.00
8369,6127757.00
8370,12503588.00
8371,44454688.00
8372,17654928.00
8373,6752023.00
8374,9146714.00
8375,21223468.00
8376,15909990.00
8377,11453102.00
8378,27817630.00
8379,8943560.00
8380,3110707.00
8381,6767160.50
8382,36189116.00
8383,46185476.00
8384,18130642.00
8385,9448986.00
8386,9958404.00
8387,26389640.00
8388,20001068.00
8389,12785007.00
8390,17934492.00
8391,13170610.00
8392,16149574.00
8393,6410449.50
8394,17548022.00
8395,21517496.00
8396,24580964.00
8397,18960084.00
8398,22222022.00
8399,14043884.00
8400,7880772.50
8401,16572707.00
8402,22600034.00
8403,18109114.00
8404,7485898.00
8405,21903952.00
8406,20116410.00
8407,13420845.00
8408,8884842.00
8409,8403003.00
8410,29144556.00
8411,5900305.50
8412,7839466.00
8413,20679886.00
8414,10422753.00
8415,8317448.50
8416,10117089.00
8417,10112738.00
8418,17761238.00
8419,15905772.00
8420,20907024.00
8421,23438272.00
8422,6888406.50
8423,9135541.00
8424,10177565.00
8425,21652380.00
8426,12868006.00
8427,22804200.00
8428,12508826.00
8429,14043590.00
8430,16540920.00
8431,6958781.50
8432,94424088.00
8433,10215800.00
8434,12316573.00
8435,23272820.00
8436,9133361.00
8437,13834472.00
8438,7723837.50
8439,21276754.00
8440,19028182.00
8441,14002354.00
8442,27749544.00
8443,17099944.00
8444,18196628.00
8445,10430172.00
8446,15806263.00
8447,15262317.00
8448,40435216.00
8449,22992592.00
8450,27190224.00
8451,17202218.00
8452,19423866.00
8453,18324212.00
8454,11637197.00
8455,13822429.00
8456,8338900.00
8457,24795820.00
8458,13637903.00
8459,12365530.00
8460,46664716.00
8461,34085684.00
8462,21940848.00
8463,10093601.00
8464,18076768.00
8465,22831716.00
8466,27706442.00
8467,16505747.00
8468,18113316.00
8469,22474636.00
8470,20293396.00
8471,19147562.00
8472,17921522.00
8473,25992984.00
8474,24965516.00
8475,22218682.00
8476,14500384.00
8477,8617153.00
8478,10141195.00
8479,9038394.00
8480,43486348.00
8481,11693592.00
8482,13427178.00
8483,11376068.00
8484,7922601.00
8485,13512274.00
8486,6474657.50
8487,16273876.00
8488,12552984.00
8489,15396549.00
8490,15704198.00
8491,15201797.00
8492,10139675.00
8493,8560722.00
8494,12319415.00
8495,17495124.00
8496,71998872.00
8497,18469154.00
8498,18393248.00
8499,8101416.50
8500,19053714.00
8501,23454236.00
8502,15372259.00
8503,8404315.00
8504,21572470.00
8505,10654319.00
8506,21228764.00
8507,11944253.00
8508,17396952.00
8509,9378249.00
8510,38184660.00
8511,12132548.00
8512,28525812.00
8513,18756254.00
8514,28072506.00
8515,23925830.00
8516,6391133.00
8517,6941401.50
8518,15532948.00
8519,19945104.00
8520,5789470.50
8521,21642662.00
8522,23229822.00
8523,7991296.50
8524,13030545.00
8525,15000006.00
8526,13220282.00
8527,9441307.00
8528,14395613.00
8529,9804894.00
8530,16649862.00
8531,9379698.00
8532,11004293.00
8533,14957379.00
8534,21134032.00
8535,17179588.00
8536,7627008.50
8537,11812538.00
8538,20064192.00
8539,31692852.00
8540,22294376.00
8541,28954740.00
8542,17671698.00
8543,10042236.00
8544,21921438.00
8545,8880089.00
8546,9201735.00
8547,30531512.00
8548,21332720.00
8549,18642450.00
8550,15748140.00
8551,16655469.00
8552,8061318.00
8553,6448129.50
8554,17590724.00
8555,46556016.00
8556,17386628.00
8557,17031888.00
8558,11542708.00
8559,18687758.00
8560,8665133.00
8561,19288608.00
8562,15527521.00
8563,21807244.00
8564,20247870.00
8565,27292376.00
8566,30630144.00
8567,39283020.00
8568,23694622.00
8569,14657926.00
8570,29549712.00
8571,141506976.00
8572,31257488.00
8573,50716604.00
8574,14025874.00
8575,63301736.00
8576,47207952.00
8577,10384594.00
8578,12994470.00
8579,47980996.00
8580,12077836.00
8581,22221616.00
8582,16363662.00
8583,16544358.00
8584,12138821.00
8585,16795436.00
8586,11972618.00
8587,8434124.00
8588,38012012.00
8589,31121748.00
8590,21957202.00
8591,11235663.00
8592,29846536.00
8593,7691716.00
8594,15931105.00
8595,12997558.00
8596,16358806.00
8597,34152676.00
8598,23188058.00
8599,18687052.00
8600,18398390.00
8601,27614356.00
8602,22270120.00
8603,24760890.00
8604,38639796.00
8605,32920596.00
8606,6608308.00
8607,8797246.00
8608,42208848.00
8609,10047448.00
8610,16418077.00
8611,9655138.00
8612,9356210.00
8613,12851642.00
8614,7439984.50
8615,22291834.00
8616,11367434.00
8617,93137056.00
8618,19703932.00
8619,14405564.00
8620,13095773.00
8621,11917967.00
8622,40506960.00
8623,17546722.00
8624,6299901.00
8625,17091020.00
8626,21844300.00
8627,11303896.00
8628,17977148.00
8629,15185820.00
8630,11581088.00
8631,8711152.00
8632,18078720.00
8633,7660033.50
8634,19487710.00
8635,39649056.00
8636,13424296.00
8637,13883820.00
8638,29370132.00
8639,10485770.00
8640,5676190.50
8641,15166432.00
8642,8487036.00
8643,10423930.00
8644,10198046.00
8645,8786500.00
8646,12880954.00
8647,17347204.00
8648,16311772.00
8649,20534574.00
8650,9826322.00
8651,18442304.00
8652,21267872.00
8653,21605860.00
8654,19321256.00
8655,14323052.00
8656,18478114.00
8657,6818253.00
8658,9774130.00
8659,14278767.00
8660,14353475.00
8661,25224436.00
8662,38183536.00
8663,9129436.00
8664,22272290.00
8665,16699908.00
8666,6662528.00
8667,24721274.00
8668,29854328.00
8669,25630568.00
8670,24156144.00
8671,59434264.00
8672,8850903.00
8673,5134533.00
8674,11387293.00
8675,7931634.50
8676,8974402.00
8677,16216335.00
8678,8391126.00
8679,13294607.00
8680,24702538.00
8681,11091457.00
8682,11542511.00
8683,11255628.00
8684,18113178.00
8685,21378828.00
8686,14438022.00
8687,8838588.00
8688,11125102.00
8689,21661992.00
8690,29186508.00
8691,7715522.00
8692,18611568.00
8693,8473320.00
8694,10163561.00
8695,20949162.00
8696,8704508.00
8697,67131640.00
8698,9504979.00
8699,16104413.00
8700,12537217.00
8701,7287590.50
8702,10591366.00
8703,14262138.00
8704,8994602.00
8705,11606607.00
8706,11448111.00
8707,26234782.00
8708,14328256.00
8709,8510026.00
8710,17030222.00
8711,9338710.00
8712,58438496.00
8713,12081062.00
8714,10728411.00
8715,18056680.00
8716,5690788.00
8717,6266392.50
8718,7949696.50
8719,23644846.00
8720,34212016.00
8721,14297729.00
8722,9300212.00
8723,40278716.00
8724,20162296.00
8725,19269044.00
8726,16873038.00
8727,13578629.00
8728,6873833.00
8729,11890770.00
8730,43282472.00
8731,11817458.00
8732,8993678.00
8733,36257520.00
8734,12769294.00
8735,22691112.00
8736,24435280.00
8737,19453812.00
8738,10151770.00
8739,10047364.00
8740,42968864.00
8741,10530288.00
8742,10380356.00
8743,10623896.00
8744,20461646.00
8745,7383395.00
8746,18807596.00
8747,4114666.00
8748,13311470.00
8749,6860098.50
8750,37404512.00
8751,22946764.00
8752,21546810.00
8753,10567870.00
8754,9066082.00
8755,14278062.00
8756,16678207.00
8757,8947968.00
8758,36907600.00
8759,39118412.00
8760,16814268.00
8761,9688320.00
8762,14468901.00
8763,11944253.00
8764,10049546.00
8765,9724850.00
8766,9966249.00
8767,15306719.00
8768,16842974.00
8769,11407096.00
8770,26816098.00
8771,21542330.00
8772,14851837.00
8773,22489388.00
8774,14793190.00
8775,18989012.00
8776,6244006.00
8777,9473390.00
8778,13427396.00
8779,16956570.00
8780,14658097.00
8781,22409786.00
8782,11673135.00
8783,34564400.00
8784,14618732.00
8785,50680240.00
8786,10066872.00
8787,12388495.00
8788,13696376.00
8789,6980981.00
8790,17632410.00
8791,9898062.00
8792,21787078.00
8793,28037870.00
8794,14539045.00
8795,16248708.00
8796,12518781.00
8797,12622766.00
8798,17285282.00
8799,19234676.00
8800,8377292.00
8801,32600604.00
8802,20015852.00
8803,18204246.00
8804,11876060.00
8805,15029500.00
8806,15675891.00
8807,9386842.00
8808,15811875.00
8809,33167244.00
8810,18336122.00
8811,13850446.00
8812,10632983.00
8813,27442088.00
8814,36662840.00
8815,14563808.00
8816,31935674.00
8817,11669530.00
8818,21385026.00
8819,13740772.00
8820,47766652.00
8821,26190208.00
8822,12240362.00
8823,13337702.00
8824,8890834.00
8825,29276106.00
8826,10081146.00
8827,26598810.00
8828,11382607.00
8829,4977093.00
8830,49716016.00
8831,12756250.00
8832,7800290.50
8833,20156844.00
8834,14778266.00
8835,18788234.00
8836,15410003.00
8837,20603572.00
8838,28755628.00
8839,15455921.00
8840,9550416.00
8841,17117282.00
8842,17193556.00
8843,11033908.00
8844,27223248.00
8845,26430306.00
8846,27297480.00
8847,11417478.00
8848,12885610.00
8849,15756090.00
8850,14218733.00
8851,35505428.00
8852,16985076.00
8853,9188922.00
8854,12036810.00
8855,198818768.00
8856,29533460.00
8857,15350387.00
8858,22727866.00
8859,44912048.00
8860,31078796.00
8861,13709073.00
8862,10203688.00
8863,15540172.00
8864,3714058.00
8865,7372622.50
8866,12462211.00
8867,7789697.50
8868,8955343.00
8869,14040488.00
8870,47592828.00
8871,7424598.50
8872,24551900.00
8873,17462940.00
8874,18654988.00
8875,12961313.00
8876,30936076.00
8877,13773257.00
8878,4456482.00
8879,19506466.00
8880,26679930.00
8881,6518757.00
8882,8015335.50
8883,10631806.00
8884,93950928.00
8885,18235368.00
8886,17326444.00
8887,30368548.00
8888,25737178.00
8889,6736082.50
8890,8817652.00
8891,15806492.00
8892,15131668.00
8893,18999116.00
8894,17846868.00
8895,17100172.00
8896,13449571.00
8897,11480335.00
8898,16967054.00
8899,28821474.00
8900,16531272.00
8901,28176980.00
8902,13726081.00
8903,38677760.00
8904,12951747.00
8905,10449410.00
8906,5878039.00
8907,17932516.00
8908,139506112.00
8909,14461001.00
8910,20332036.00
8911,10222098.00
8912,78724520.00
8913,15227496.00
8914,9357566.00
8915,7528329.50
8916,16190300.00
8917,22336348.00
8918,41624004.00
8919,23839352.00
8920,12902692.00
8921,15279050.00
8922,11494051.00
8923,27136448.00
8924,14342813.00
8925,8595876.00
8926,104587264.00
8927,25912890.00
8928,14414239.00
8929,31943096.00
8930,9006252.00
8931,29433902.00
8932,5566460.00
8933,14549208.00
8934,20408666.00
8935,48623832.00
8936,6001421.00
8937,13782593.00
8938,11812538.00
8939,9842454.00
8940,8488846.00
8941,12360668.00
8942,21554496.00
8943,13786217.00
8944,11324586.00
8945,11270004.00
8946,14809194.00
8947,14907761.00
8948,9683267.00
8949,35748492.00
8950,22794594.00
8951,26508670.00
8952,22049094.00
8953,19713256.00
8954,11608143.00
8955,20761534.00
8956,19388148.00
8957,25461150.00
8958,20478210.00
8959,11624512.00
8960,17438398.00
8961,9874163.00
8962,20264508.00
8963,9116220.00
8964,10704720.00
8965,18144738.00
8966,30537740.00
8967,15395846.00
8968,9904748.00
8969,23649600.00
8970,27550470.00
8971,34774972.00
8972,7085760.50
8973,18322276.00
8974,10041754.00
8975,12504690.00
8976,22200482.00
8977,16081937.00
8978,10742735.00
8979,24646154.00
8980,14526115.00
8981,26929182.00
8982,5571705.00
8983,13483715.00
8984,11301286.00
8985,10790762.00
8986,17871776.00
8987,17073194.00
8988,26850178.00
8989,22375672.00
8990,9045426.00
8991,14836902.00
8992,14596956.00
8993,10171209.00
8994,13422714.00
8995,18933288.00
8996,5974785.50
8997,14420122.00
8998,10198888.00
8999,23145978.00
9000,12801402.00
9001,15455470.00
9002,23303394.00
9003,13147203.00
9004,10842505.00
9005,12087726.00
9006,11845327.00
9007,19789148.00
9008,32639580.00
9009,21595962.00
9010,10073844.00
9011,10811512.00
9012,9110548.00
9013,35447244.00
9014,9029415.00
9015,7904768.50
9016,17912122.00
9017,14438330.00
9018,14597449.00
9019,8521770.00
9020,15864387.00
9021,50649972.00
9022,18571712.00
9023,30693324.00
9024,27552976.00
9025,20778776.00
9026,21510936.00
9027,15058829.00
9028,12903418.00
9029,12079930.00
9030,6330124.00
9031,11975849.00
9032,24001448.00
9033,14561501.00
9034,48108264.00
9035,8198793.00
9036,8354118.00
9037,36185380.00
9038,6556789.00
9039,19613768.00
9040,50973152.00
9041,4739611.00
9042,13925787.00
9043,12721274.00
9044,17887198.00
9045,13043238.00
9046,44028916.00
9047,12204367.00
9048,43775100.00
9049,15304244.00
9050,11370328.00
9051,13692550.00
9052,18362382.00
9053,12471871.00
9054,21216496.00
9055,27570530.00
9056,12123182.00
9057,6323220.00
9058,11504860.00
9059,21171568.00
9060,8332605.00
9061,12013100.00
9062,21716654.00
9063,14439529.00
9064,10510508.00
9065,35567716.00
9066,12019935.00
9067,6458775.00
9068,12702068.00
9069,11774470.00
9070,36963156.00
9071,40803816.00
9072,12828388.00
9073,13922767.00
9074,12122675.00
9075,15832664.00
9076,10918650.00
9077,23974528.00
9078,15817911.00
9079,9644427.00
9080,7232877.50
9081,12799162.00
9082,9073800.00
9083,7754025.50
9084,23306524.00
9085,20812604.00
9086,8954344.00
9087,20254620.00
9088,6568583.00
9089,15101885.00
9090,25796524.00
9091,15309050.00
9092,11085157.00
9093,7717818.00
9094,33614068.00
9095,6780221.00
9096,19234790.00
9097,24072256.00
9098,9920304.00
9099,20970652.00
9100,17877884.00
9101,16382710.00
9102,6808195.00
9103,14491908.00
9104,15661917.00
9105,24919622.00
9106,22098910.00
9107,31436880.00
9108,36866276.00
9109,14388268.00
9110,25168484.00
9111,16555828.00
9112,11478505.00
9113,15541513.00
9114,13607942.00
9115,26646028.00
9116,11507196.00
9117,18257650.00
9118,19825504.00
9119,14838538.00
9120,19992128.00
9121,20582426.00
9122,6997046.00
9123,20691924.00
9124,13110307.00
9125,24851048.00
9126,24885288.00
9127,5608075.00
9128,14377007.00
9129,17323110.00
9130,12575572.00
9131,22503076.00
9132,101853576.00
9133,17649256.00
9134,27554590.00
9135,6512557.00
9136,13907432.00
9137,8508212.00
9138,20935478.00
9139,25455972.00
9140,16051172.00
9141,24238124.00
9142,13929862.00
9143,9329436.00
9144,21898950.00
9145,13187098.00
9146,9045359.00
9147,10690205.00
9148,22010192.00
9149,8901421.00
9150,8582832.00
9151,11581088.00
9152,11106376.00
9153,7339819.00
9154,6593904.00
9155,18111760.00
9156,18465722.00
9157,19508544.00
9158,22973510.00
9159,21677388.00
9160,6798678.50
9161,14381805.00
9162,16019965.00
9163,7439069.50
9164,18666512.00
9165,19644482.00
9166,38947224.00
9167,21085238.00
9168,15589252.00
9169,23865530.00
9170,18259408.00
9171,29633254.00
9172,12760774.00
9173,23970246.00
9174,31640596.00
9175,14386819.00
9176,13576617.00
9177,19398794.00
9178,19192046.00
9179,35091712.00
9180,13042390.00
9181,26887308.00
9182,11986468.00
9183,11075908.00
9184,17921640.00
9185,16961690.00
9186,23492762.00
9187,24794742.00
9188,10244538.00
9189,17951058.00
9190,7009862.00
9191,18308508.00
9192,11077212.00
9193,17093052.00
9194,21076512.00
9195,15837103.00
9196,27201292.00
9197,18600468.00
9198,18402548.00
9199,26522072.00
9200,19237920.00
9201,11612093.00
9202,11799146.00
9203,8089303.50
9204,10435573.00
9205,19740736.00
9206,41899308.00
9207,9861072.00
9208,206083488.00
9209,21207076.00
9210,7065208.50
9211,22673272.00
9212,10920904.00
9213,19319520.00
9214,49199920.00
9215,14648088.00
9216,21620908.00
9217,19996164.00
9218,10351815.00
9219,9225939.00
9220,15021629.00
9221,7404914.00
9222,14091484.00
9223,9343500.00
9224,13841345.00
9225,7209180.00
9226,15370034.00
9227,20346246.00
9228,10194414.00
9229,19491850.00
9230,9693413.00
9231,21500176.00
9232,13278817.00
9233,11055602.00
9234,17064896.00
9235,14140639.00
9236,41796024.00
9237,11522550.00
9238,22001856.00
9239,18724230.00
9240,92572768.00
9241,20849438.00
9242,9983566.00
9243,5479893.00
9244,30883010.00
9245,14035652.00
9246,17031248.00
9247,18476050.00
9248,9201642.00
9249,9207061.00
9250,14303066.00
9251,21122750.00
9252,17932074.00
9253,39371176.00
9254,16836790.00
9255,18317050.00
9256,25885520.00
9257,35579676.00
9258,20968694.00
9259,14878266.00
9260,14359866.00
9261,13203526.00
9262,18673724.00
9263,18464130.00
9264,400215968.00
9265,13577668.00
9266,12136362.00
9267,11552536.00
9268,10215339.00
9269,17883074.00
9270,11857578.00
9271,16740028.00
9272,31428120.00
9273,12376323.00
9274,10090932.00
9275,36040320.00
9276,22298008.00
9277,18136270.00
9278,20397596.00
9279,7960334.00
9280,11935942.00
9281,11288172.00
9282,18224692.00
9283,15612173.00
9284,12197114.00
9285,11630289.00
9286,15806516.00
9287,9548538.00
9288,27382168.00
9289,17606792.00
9290,5676597.00
9291,20767780.00
9292,16604608.00
9293,11193119.00
9294,22214696.00
9295,19315380.00
9296,11217764.00
9297,13386525.00
9298,12243069.00
9299,15016134.00
9300,18227870.00
9301,12520470.00
9302,28712634.00
9303,8423976.00
9304,12063764.00
9305,17774520.00
9306,21638726.00
9307,39019360.00
9308,5639444.00
9309,5201906.00
9310,17023848.00
9311,20038902.00
9312,13378104.00
9313,12900865.00
9314,13743965.00
9315,12452685.00
9316,15373174.00
9317,41498936.00
9318,33014864.00
9319,7415486.00
9320,52135184.00
9321,8506764.00
9322,9206482.00
9323,9944607.00
9324,10421556.00
9325,38498148.00
9326,15679430.00
9327,160087520.00
9328,26212162.00
9329,29964358.00
9330,7017389.50
9331,11208884.00
9332,31471068.00
9333,14633452.00
9334,8783220.00
9335,6808705.50
9336,14701478.00
9337,17799566.00
9338,13582147.00
9339,40294456.00
9340,29784428.00
9341,16331333.00
9342,8830388.00
9343,21273000.00
9344,14560314.00
9345,19098908.00
9346,19430866.00
9347,25736520.00
9348,9564816.00
9349,7054419.00
9350,8942732.00
9351,21016060.00
9352,17698288.00
9353,11732769.00
9354,17796650.00
9355,119746440.00
9356,17866940.00
9357,26158214.00
9358,11063794.00
9359,11831950.00
9360,11821994.00
9361,6888406.50
9362,8384158.00
9363,6897409.50
9364,22668386.00
9365,22480134.00
9366,10023736.00
9367,16977440.00
9368,12207695.00
9369,10610796.00
9370,9668788.00
9371,12702740.00
9372,25754824.00
9373,26414150.00
9374,25235556.00
9375,16000044.00
9376,10055446.00
9377,12464001.00
9378,21475888.00
9379,12088589.00
9380,30751768.00
9381,8175603.00
9382,17388758.00
9383,16356179.00
9384,95235976.00
9385,9016922.00
9386,9625797.00
9387,28413464.00
9388,18416066.00
9389,7116351.50
9390,14968270.00
9391,33101748.00
9392,4573689.00
9393,10221912.00
9394,12742774.00
9395,56884296.00
9396,25835502.00
9397,12189080.00
9398,11836556.00
9399,8814564.00
9400,22329268.00
9401,31350266.00
9402,10355372.00
9403,20826082.00
9404,13304812.00
9405,20306848.00
9406,17230190.00
9407,29270104.00
9408,12020343.00
9409,43376188.00
9410,18583636.00
9411,28542900.00
9412,15492861.00
9413,14667034.00
9414,5303952.00
9415,11320794.00
9416,13344620.00
9417,5338742.00
9418,31812928.00
9419,11844362.00
9420,10295574.00
9421,14722373.00
9422,11536524.00
9423,24570128.00
9424,9979316.00
9425,9345642.00
9426,12191229.00
9427,13184966.00
9428,17984132.00
9429,49095864.00
9430,21708656.00
9431,15988993.00
9432,15999674.00
9433,25358800.00
9434,24437770.00
9435,10310197.00
9436,17351816.00
9437,19544630.00
9438,16199203.00
9439,39889764.00
9440,26719226.00
9441,10029408.00
9442,16615716.00
9443,13471409.00
9444,14567713.00
9445,40475944.00
9446,22885932.00
9447,6711761.50
9448,13543587.00
9449,11821489.00
9450,7510331.00
9451,9683867.00
9452,25026840.00
9453,15307640.00
9454,12206298.00
9455,27690456.00
9456,38273076.00
9457,30772280.00
9458,40315700.00
9459,16203305.00
9460,13534266.00
9461,37761712.00
9462,12443471.00
9463,15606013.00
9464,12703022.00
9465,19053714.00
9466,44402116.00
9467,13523081.00
9468,15607140.00
9469,12099651.00
9470,13563939.00
9471,20264440.00
9472,10886961.00
9473,16845886.00
9474,22560912.00
9475,13575777.00
9476,10088904.00
9477,20506092.00
9478,6910478.50
9479,45272692.00
9480,28966654.00
9481,6711168.00
9482,10558957.00
9483,11051279.00
9484,10588793.00
9485,22713466.00
9486,8057313.50
9487,7947197.00
9488,17093700.00
9489,8806568.00
9490,8543109.00
9491,17336436.00
9492,8855874.00
9493,10771770.00
9494,26012520.00
9495,15923379.00
9496,23085242.00
9497,21036324.00
9498,13640428.00
9499,13981789.00
9500,71751960.00
9501,59952108.00
9502,23467084.00
9503,9199477.00
9504,16584723.00
9505,20324630.00
9506,11125818.00
9507,12300742.00
9508,26563052.00
9509,25881356.00
9510,16590065.00
9511,10006158.00
9512,8238177.50
9513,8443445.00
9514,6096469.00
9515,32993210.00
9516,25694470.00
9517,15215598.00
9518,23025634.00
9519,21779322.00
9520,23708958.00
9521,25902202.00
9522,21893128.00
9523,26628614.00
9524,15263944.00
9525,89979344.00
9526,11337170.00
9527,4221727.00
9528,12186339.00
9529,19613768.00
9530,15499725.00
9531,12953588.00
9532,44799196.00
9533,9172354.00
9534,13253053.00
9535,35317532.00
9536,22721780.00
9537,10115743.00
9538,12981386.00
9539,12607387.00
9540,11198888.00
9541,10385876.00
9542,7702328.50
9543,15447864.00
9544,12510427.00
9545,9086788.00
9546,15413812.00
9547,6035332.00
9548,12107885.00
9549,15780680.00
9550,23710092.00
9551,13238031.00
9552,8572546.00
9553,40740768.00
9554,11223276.00
9555,13940810.00
9556,18103326.00
9557,10274820.00
9558,10213317.00
9559,38588980.00
9560,17350244.00
9561,11464131.00
9562,32802636.00
9563,11005059.00
9564,10688057.00
9565,23485768.00
9566,17108486.00
9567,10420444.00
9568,7864478.00
9569,15985372.00
9570,19066160.00
9571,7125779.00
9572,18472400.00
9573,75488128.00
9574,12469309.00
9575,15392759.00
9576,8089213.00
9577,9639524.00
9578,12943180.00
9579,10234394.00
9580,52410008.00
9581,8836275.00
9582,13941728.00
9583,9746152.00
9584,32000904.00
9585,25710484.00
9586,12114865.00
9587,7007118.00
9588,8734879.00
9589,9072736.00
9590,11215002.00
9591,9166516.00
9592,18700952.00
9593,18273388.00
9594,34773132.00
9595,21874712.00
9596,15808182.00
9597,10527583.00
9598,17011680.00
9599,17971292.00
9600,12957971.00
9601,18462472.00
9602,26626682.00
9603,35291508.00
9604,19823558.00
9605,11878202.00
9606,10622931.00
9607,25112156.00
9608,8866914.00
9609,19087742.00
9610,19150874.00
9611,18583676.00
9612,9665564.00
9613,10185902.00
9614,26719476.00
9615,22708066.00
9616,9119938.00
9617,9542089.00
9618,17037576.00
9619,17505760.00
9620,7526003.00
9621,9145990.00
9622,59316084.00
9623,26002484.00
9624,8652994.00
9625,8477614.00
9626,7346829.00
9627,10290142.00
9628,15352492.00
9629,51042748.00
9630,21018560.00
9631,18856638.00
9632,20214912.00
9633,20867028.00
9634,21360266.00
9635,40538328.00
9636,9842498.00
9637,34848076.00
9638,18064280.00
9639,16002036.00
9640,13547268.00
9641,25685140.00
9642,14706559.00
9643,15402916.00
9644,21181616.00
9645,26521124.00
9646,8972474.00
9647,16714732.00
9648,11687100.00
9649,9924904.00
9650,10866150.00
9651,3907782.00
9652,8279502.50
9653,16837194.00
9654,11984652.00
9655,5126466.00
9656,6565929.00
9657,18496772.00
9658,15609777.00
9659,16975538.00
9660,7885520.50
9661,20073908.00
9662,17909394.00
9663,5572017.50
9664,15881219.00
9665,15212655.00
9666,32483732.00
9667,11361274.00
9668,12426355.00
9669,8308361.50
9670,12616003.00
9671,46241336.00
9672,9434394.00
9673,11352964.00
9674,14357388.00
9675,28002088.00
9676,11062376.00
9677,10395378.00
9678,8272145.50
9679,14627736.00
9680,49788712.00
9681,8189279.50
9682,6542022.00
9683,17990864.00
9684,14197702.00
9685,12874783.00
9686,19172780.00
9687,5496990.00
9688,24287856.00
9689,16860728.00
9690,33082938.00
9691,17972948.00
9692,10148568.00
9693,11448111.00
9694,9639114.00
9695,12583441.00
9696,10257921.00
9697,6866686.50
9698,28661050.00
9699,18056844.00
9700,28105098.00
9701,19405970.00
9702,10003092.00
9703,10009868.00
9704,18970008.00
9705,14713659.00
9706,3047865.00
9707,7915203.00
9708,12310382.00
9709,15069036.00
9710,13641038.00
9711,8489710.00
9712,12599206.00
9713,5308052.00
9714,4412937.00
9715,22109992.00
9716,13627000.00
9717,9818535.00
9718,7304990.00
9719,6735115.50
9720,19409488.00
9721,34172028.00
9722,21054348.00
9723,19138788.00
9724,11279165.00
9725,36691804.00
9726,14847564.00
9727,8724361.00
9728,28971144.00
9729,20416564.00
9730,7184738.50
9731,12972278.00
9732,39961820.00
9733,5156889.00
9734,17708704.00
9735,15139855.00
9736,19670776.00
9737,9893446.00
9738,18030816.00
9739,19312364.00
9740,10920838.00
9741,6688018.50
9742,19970544.00
9743,20570452.00
9744,10626860.00
9745,15797100.00
9746,17921522.00
9747,9130624.00
9748,10252156.00
9749,38424152.00
9750,8051666.50
9751,11163766.00
9752,10236282.00
9753,8569806.00
9754,13578391.00
9755,7176614.00
9756,19065980.00
9757,10449520.00
9758,31170042.00
9759,10386383.00
9760,13361329.00
9761,38410100.00
9762,13595790.00
9763,15659338.00
9764,10575356.00
9765,13280716.00
9766,8616926.00
9767,12508716.00
9768,8676347.00
9769,8228195.00
9770,38241936.00
9771,29152262.00
9772,52258576.00
9773,17083194.00
9774,45409184.00
9775,7599210.00
9776,21710444.00
9777,102929368.00
9778,44044672.00
9779,9407032.00
9780,11222979.00
9781,18969320.00
9782,12089544.00
9783,11393137.00
9784,10035184.00
9785,7625046.00
9786,11295284.00
9787,20565638.00
9788,8108054.00
9789,13511834.00
9790,12795768.00
9791,14717450.00
9792,14514947.00
9793,42039524.00
9794,45152644.00
9795,10747526.00
9796,10631806.00
9797,12552682.00
9798,7742641.50
9799,77012240.00
9800,10051304.00
9801,14481114.00
9802,13529202.00
9803,9707788.00
9804,30756580.00
9805,19714964.00
9806,25992984.00
9807,12758476.00
9808,19440190.00
9809,25395932.00
9810,22292472.00
9811,27082088.00
9812,20933440.00
9813,20755688.00
9814,9994371.00
9815,17126170.00
9816,15005798.00
9817,6620572.00
9818,23410424.00
9819,9029202.00
9820,15875867.00
9821,29031546.00
9822,23731576.00
9823,8351026.00
9824,15139546.00
9825,28983074.00
9826,16792582.00
9827,22642764.00
9828,19390726.00
9829,13814961.00
9830,19069132.00
9831,12976364.00
9832,9563614.00
9833,83077400.00
9834,3986179.00
9835,15719456.00
9836,16108541.00
9837,12257260.00
9838,23075888.00
9839,17050752.00
9840,13189516.00
9841,9625396.00
9842,6445781.00
9843,21650780.00
9844,38186992.00
9845,22435152.00
9846,13632346.00
9847,16271252.00
9848,9661394.00
9849,9352924.00
9850,17426538.00
9851,14929600.00
9852,14502755.00
9853,14358381.00
9854,17754374.00
9855,13269725.00
9856,19065980.00
9857,19148520.00
9858,18169508.00
9859,13236334.00
9860,6936027.00
9861,7276354.50
9862,14573825.00
9863,9971440.00
9864,10895567.00
9865,9485098.00
9866,14642767.00
9867,26012002.00
9868,5088076.00
9869,18504556.00
9870,9886486.00
9871,9800970.00
9872,13537618.00
9873,22690742.00
9874,21455958.00
9875,13493522.00
9876,50380780.00
9877,7143937.50
9878,49940832.00
9879,9343434.00
9880,15015884.00
9881,19464196.00
9882,10345356.00
9883,22228104.00
9884,21744878.00
9885,40905152.00
9886,11448111.00
9887,12353590.00
9888,18687166.00
9889,9216332.00
9890,5571705.00
9891,11003884.00
9892,15086732.00
9893,15215598.00
9894,31028616.00
9895,31553204.00
9896,28050362.00
9897,11769487.00
9898,23520994.00
9899,15869576.00
9900,28944680.00
9901,32442554.00
9902,6939247.50
9903,8396570.00
9904,40700852.00
9905,25349370.00
9906,24037904.00
9907,9361096.00
9908,93571376.00
9909,12584742.00
9910,8078934.00
9911,7509698.50
9912,15869576.00
9913,9312230.00
9914,8266762.00
9915,14925123.00
9916,13880460.00
9917,9124632.00
9918,28652752.00
9919,16170255.00
9920,40115328.00
9921,42623260.00
9922,13118139.00
9923,21991720.00
9924,119655600.00
9925,18625270.00
9926,7106638.00
9927,15933368.00
9928,17031048.00
9929,45544052.00
9930,6202496.00
9931,17531576.00
9932,10329389.00
9933,9973012.00
9934,9511396.00
9935,21310838.00
9936,8887156.00
9937,72200272.00
9938,22223344.00
9939,11882386.00
9940,35312740.00
9941,10776591.00
9942,7421699.00
9943,20439502.00
9944,20882446.00
9945,19095718.00
9946,11703848.00
9947,11854147.00
9948,30146600.00
9949,15156813.00
9950,22645822.00
9951,17527322.00
9952,10678298.00
9953,18980548.00
9954,22881360.00
9955,7287170.00
9956,18480866.00
9957,30023872.00
9958,12103130.00
9959,17450048.00
9960,18779180.00
9961,21476116.00
9962,29214828.00
9963,15595873.00
9964,7207017.50
9965,9142858.00
9966,11316488.00
9967,18078410.00
9968,9966249.00
9969,23684264.00
9970,9493440.00
9971,26605104.00
9972,5467821.00
9973,68586072.00
9974,15707901.00
9975,13732355.00
9976,9513540.00
9977,14711256.00
9978,11088415.00
9979,14796808.00
9980,9772164.00
9981,39251676.00
9982,6427910.00
9983,24189916.00
9984,20675942.00
9985,30259258.00
9986,37066732.00
9987,16511800.00
9988,16163494.00
9989,27176640.00
9990,6292354.00
9991,18579294.00
9992,22423616.00
9993,25771656.00
9994,9866149.00
9995,32100794.00
9996,19063012.00
9997,26838552.00
9998,17676558.00
9999,13841373.00
10000,16669082.00
10001,10719658.00
10002,19430146.00
10003,11470065.00
10004,11019552.00
10005,7877718.00
10006,19028052.00
10007,5178802.00
10008,11430417.00
10009,11494490.00
10010,16534307.00
10011,40736196.00
10012,7772308.50
10013,11917967.00
10014,10778700.00
10015,9824596.00
10016,12231990.00
10017,9553704.00
10018,52538544.00
10019,20523772.00
10020,7748696.50
10021,22869660.00
10022,27312070.00
10023,4106337.00
10024,15735119.00
10025,46373152.00
10026,13379971.00
10027,9622310.00
10028,7093962.00
10029,16998324.00
10030,23252770.00
10031,9559610.00
10032,22498804.00
10033,13931954.00
10034,20965212.00
10035,7569326.00
10036,86779168.00
10037,4930141.00
10038,11666726.00
10039,9042802.00
10040,10523814.00
10041,9585766.00
10042,23294616.00
10043,20095356.00
10044,11297917.00
10045,15830022.00
10046,12775461.00
10047,22228278.00
10048,14229882.00
10049,21579960.00
10050,32315194.00
10051,9943468.00
10052,22064052.00
10053,13623186.00
10054,21454652.00
10055,19018732.00
10056,21332712.00
10057,17652654.00
10058,10620104.00
10059,45150844.00
10060,21131658.00
10061,9164726.00
10062,35999036.00
10063,7980669.00
10064,38284404.00
10065,18958984.00
10066,13985298.00
10067,37026632.00
10068,267832512.00
10069,22162082.00
10070,15750435.00
10071,19889218.00
10072,11805317.00
10073,17600236.00
10074,25835392.00
10075,13310513.00
10076,20430920.00
10077,9076072.00
10078,8399206.00
10079,27664310.00
10080,12724608.00
10081,4333292.00
10082,30232744.00
10083,30343994.00
10084,5835952.00
10085,8958367.00
10086,9196996.00
10087,31376660.00
10088,18872506.00
10089,17015956.00
10090,28921680.00
10091,17231868.00
10092,17862086.00
10093,7780285.50
10094,18278424.00
10095,16433044.00
10096,7114425.00
10097,12000109.00
10098,16803904.00
10099,13112931.00
10100,13798345.00
10101,33794748.00
10102,10046548.00
10103,12727084.00
10104,21571944.00
10105,20879016.00
10106,14868410.00
10107,33923912.00
10108,16991644.00
10109,18798340.00
10110,22546868.00
10111,8114561.50
10112,43516744.00
10113,33074320.00
10114,6770886.50
10115,8043934.50
10116,131099952.00
10117,28659036.00
10118,13368364.00
10119,9925994.00
10120,16686842.00
10121,9432484.00
10122,7162164.00
10123,12522956.00
10124,8846460.00
10125,13561933.00
10126,6504404.00
10127,15216669.00
10128,19176660.00
10129,40968380.00
10130,16795720.00
10131,27006434.00
10132,15727779.00
10133,11393836.00
10134,10850700.00
10135,16935560.00
10136,12701572.00
10137,9749552.00
10138,41353008.00
10139,78386128.00
10140,10140376.00
10141,18696912.00
10142,15665667.00
10143,9960764.00
10144,9755120.00
10145,30126372.00
10146,10955366.00
10147,7130343.00
10148,13134310.00
10149,13987661.00
10150,24171612.00
10151,16796650.00
10152,27592794.00
10153,21513402.00
10154,11404434.00
10155,17274704.00
10156,29958054.00
10157,9138568.00
10158,12999886.00
10159,10544338.00
10160,25856112.00
10161,14784274.00
10162,8080284.00
10163,24907646.00
10164,34623012.00
10165,28082658.00
10166,26570828.00
10167,11941222.00
10168,11400899.00
10169,33454484.00
10170,10696146.00
10171,7720231.50
10172,56229412.00
10173,8695738.00
10174,28373044.00
10175,25194202.00
10176,16185866.00
10177,13932271.00
10178,32866456.00
10179,13523798.00
10180,18566476.00
10181,37873064.00
10182,13368015.00
10183,7288832.00
10184,6229246.50
10185,44526396.00
10186,38630616.00
10187,22496122.00
10188,17389388.00
10189,27952268.00
10190,6814494.00
10191,13232979.00
10192,10196396.00
10193,19542250.00
10194,14921757.00
10195,25856212.00
10196,34488972.00
10197,25162170.00
10198,14794618.00
10199,10331820.00
10200,21756154.00
10201,34741848.00
10202,14621300.00
10203,21803184.00
10204,31493964.00
10205,16920720.00
10206,22320264.00
10207,21087048.00
10208,20460086.00
10209,13079491.00
10210,20438118.00
10211,18956258.00
10212,12590380.00
10213,21990114.00
10214,33211256.00
10215,19337412.00
10216,7416845.00
10217,13130030.00
10218,16388801.00
10219,17378202.00
10220,15531587.00
10221,8911070.00
10222,11115434.00
10223,17732382.00
10224,13856938.00
10225,16655071.00
10226,11235501.00
10227,13834115.00
10228,17232576.00
10229,11964431.00
10230,6102683.00
10231,9748808.00
10232,13978656.00
10233,17531576.00
10234,11894802.00
10235,13129836.00
10236,16753453.00
10237,20349484.00
10238,26292570.00
10239,29581882.00
10240,33272048.00
10241,14878892.00
10242,146934992.00
10243,8680336.00
10244,8590302.00
10245,7754399.50
10246,11899090.00
10247,13226845.00
10248,15720787.00
10249,6614228.00
10250,9589374.00
10251,6048841.00
10252,21439524.00
10253,25420572.00
10254,10467880.00
10255,12062193.00
10256,31951970.00
10257,17154756.00
10258,6798830.50
10259,11848956.00
10260,18306274.00
10261,8045112.50
10262,31461604.00
10263,14320868.00
10264,23764006.00
10265,29286214.00
10266,26654248.00
10267,12228298.00
10268,11471768.00
10269,54280948.00
10270,11658353.00
10271,15903014.00
10272,15771579.00
10273,30275284.00
10274,19723394.00
10275,9417106.00
10276,13740474.00
10277,25127764.00
10278,9872856.00
10279,12768308.00
10280,69375808.00
10281,35316512.00
10282,37144064.00
10283,14438671.00
10284,20589566.00
10285,15765920.00
10286,19327960.00
10287,15935715.00
10288,26002078.00
10289,15607855.00
10290,13343523.00
10291,17221782.00
10292,11019187.00
10293,9105241.00
10294,12692436.00
10295,10380008.00
10296,16787136.00
10297,11564038.00
10298,12837149.00
10299,10956232.00
10300,42928956.00
10301,11703685.00
10302,18156428.00
10303,14674173.00
10304,14869261.00
10305,17604434.00
10306,20282356.00
10307,8611578.00
10308,9198951.00
10309,11659380.00
10310,14299601.00
10311,8065343.50
10312,13361306.00
10313,7515443.00
10314,20543424.00
10315,22601928.00
10316,8129808.50
10317,11172509.00
10318,14526092.00
10319,12892063.00
10320,23749894.00
10321,11150698.00
10322,10449410.00
10323,39159872.00
10324,15055395.00
10325,25969072.00
10326,10404772.00
10327,7766422.00
10328,20097318.00
10329,16425501.00
10330,27832138.00
10331,57774384.00
10332,23101982.00
10333,12726152.00
10334,16710176.00
10335,21410566.00
10336,7100453.00
10337,28626168.00
10338,28069580.00
10339,12545117.00
10340,32037392.00
10341,11093638.00
10342,9598428.00
10343,22435152.00
10344,12532687.00
10345,15316134.00
10346,33118236.00
10347,26146056.00
10348,10293568.00
10349,18146902.00
10350,7818926.50
10351,10530288.00
10352,9295452.00
10353,27583104.00
10354,10590381.00
10355,19238646.00
10356,9878366.00
10357,26820052.00
10358,10790478.00
10359,13989334.00
10360,16284570.00
10361,14386566.00
10362,9734704.00
10363,21128222.00
10364,4623682.00
10365,13927020.00
10366,13140406.00
10367,6669397.00
10368,10756087.00
10369,13411996.00
10370,12735836.00
10371,49638004.00
10372,12881676.00
10373,19002846.00
10374,10997043.00
10375,38285880.00
10376,20564982.00
10377,15485411.00
10378,11606560.00
10379,12193432.00
10380,18762356.00
10381,9596884.00
10382,18789824.00
10383,23428940.00
10384,56527760.00
10385,12541715.00
10386,10300564.00
10387,10231816.00
10388,35292900.00
10389,21458734.00
10390,19837106.00
10391,12597469.00
10392,21207910.00
10393,14406657.00
10394,8919656.00
10395,16050131.00
10396,9830736.00
10397,18936264.00
10398,33220948.00
10399,10264660.00
10400,15017300.00
10401,15305943.00
10402,10612191.00
10403,10492886.00
10404,21023770.00
10405,4412937.00
10406,23509752.00
10407,4209634.00
10408,25917918.00
10409,10181703.00
10410,31704140.00
10411,14930399.00
10412,10115913.00
10413,13541228.00
10414,14674546.00
10415,10061160.00
10416,4607231.00
10417,37638904.00
10418,14783823.00
10419,23106996.00
10420,11077885.00
10421,11264133.00
10422,39105196.00
10423,36933356.00
10424,13147203.00
10425,19157540.00
10426,19537930.00
10427,6024651.00
10428,7821300.00
10429,25522526.00
10430,16247951.00
10431,12339203.00
10432,11464390.00
10433,14308037.00
10434,50467836.00
10435,5051264.00
10436,17451676.00
10437,45611776.00
10438,16239695.00
10439,39739900.00
10440,31513786.00
10441,6925282.50
10442,20035302.00
10443,16333235.00
10444,22132546.00
10445,31744152.00
10446,13952556.00
10447,40957072.00
10448,15920045.00
10449,10277992.00
10450,11654732.00
10451,35938036.00
10452,5933222.00
10453,6444990.00
10454,13876300.00
10455,7289913.00
10456,15397234.00
10457,28264616.00
10458,17603270.00
10459,12816209.00
10460,11057981.00
10461,16872296.00
10462,17775438.00
10463,24256228.00
10464,17393800.00
10465,5634451.00
10466,21898950.00
10467,11362877.00
10468,10119053.00
10469,13102698.00
10470,8519154.00
10471,38755200.00
10472,11429792.00
10473,13306126.00
10474,14824794.00
10475,9110706.00
10476,20092500.00
10477,17512924.00
10478,49968492.00
10479,16094499.00
10480,30451992.00
10481,21801790.00
10482,23454256.00
10483,10241089.00
10484,11203284.00
10485,12758936.00
10486,8983920.00
10487,9599655.00
10488,18363144.00
10489,11492672.00
10490,11699448.00
10491,11924956.00
10492,9162605.00
10493,10022778.00
10494,15095784.00
10495,27952268.00
10496,31981228.00
10497,43130428.00
10498,17615534.00
10499,14821577.00
10500,13551476.00
10501,9528427.00
10502,13091912.00
10503,13820777.00
10504,8775752.00
10505,18442540.00
10506,8355953.50
10507,13834740.00
10508,19866534.00
10509,17371732.00
10510,5692662.00
10511,13156287.00
10512,26239716.00
10513,8421196.00
10514,59112392.00
10515,33944004.00
10516,9548538.00
10517,10822691.00
10518,53825676.00
10519,20696344.00
10520,34632820.00
10521,22195060.00
10522,10100240.00
10523,15399928.00
10524,24994658.00
10525,21365888.00
10526,11836494.00
10527,22001856.00
10528,11651703.00
10529,23454256.00
10530,21765660.00
10531,22671560.00
10532,16048680.00
10533,8144499.00
10534,47496368.00
10535,10198506.00
10536,13001800.00
10537,46700592.00
10538,35140100.00
10539,11041225.00
10540,13284012.00
10541,14978596.00
10542,24066908.00
10543,15330606.00
10544,17227330.00
10545,12958790.00
10546,10624953.00
10547,19359672.00
10548,15021368.00
10549,19236240.00
10550,30925314.00
10551,28097572.00
10552,13445532.00
10553,21914322.00
10554,12199584.00
10555,26782360.00
10556,37450348.00
10557,13452721.00
10558,27437160.00
10559,9688072.00
10560,13020020.00
10561,27037352.00
10562,9636242.00
10563,20933320.00
10564,12975037.00
10565,27672392.00
10566,13278652.00
10567,14583930.00
10568,23485168.00
10569,91205272.00
10570,19536104.00
10571,16281821.00
10572,14815345.00
10573,8744796.00
10574,36469264.00
10575,11605838.00
10576,9136686.00
10577,11406534.00
10578,27723408.00
10579,11417000.00
10580,9824028.00
10581,20074192.00
10582,10441570.00
10583,15373572.00
10584,14916595.00
10585,29530578.00
10586,7595175.00
10587,11448111.00
10588,14644603.00
10589,13582890.00
10590,13518812.00
10591,8335105.50
10592,22150338.00
10593,30997830.00
10594,11395510.00
10595,17943438.00
10596,25288668.00
10597,9772636.00
10598,10829440.00
10599,17145558.00
10600,37797464.00
10601,7463357.00
10602,13180212.00
10603,6219454.00
10604,11489987.00
10605,42689552.00
10606,9033722.00
10607,19061048.00
10608,11287684.00
10609,27817960.00
10610,15849681.00
10611,16209699.00
10612,10374978.00
10613,6532843.00
10614,11281523.00
10615,17014410.00
10616,17922984.00
10617,22780834.00
10618,13785914.00
10619,7065868.00
10620,23484334.00
10621,15480620.00
10622,31432890.00
10623,12416552.00
10624,22739322.00
10625,30151244.00
10626,22037732.00
10627,7263376.00
10628,17714592.00
10629,21927568.00
10630,13694248.00
10631,15124242.00
10632,29959162.00
10633,11655004.00
10634,22577698.00
10635,7795659.00
10636,13417411.00
10637,21584442.00
10638,17302056.00
10639,19038618.00
10640,11707880.00
10641,17234792.00
10642,15420419.00
10643,13005828.00
10644,17814960.00
10645,22230216.00
10646,5251828.00
10647,19669872.00
10648,17771544.00
10649,7851540.00
10650,20919908.00
10651,12129696.00
10652,22627748.00
10653,22599252.00
10654,10178324.00
10655,14002354.00
10656,52309616.00
10657,10371482.00
10658,10624796.00
10659,21793180.00
10660,16614720.00
10661,18065624.00
10662,5694272.00
10663,12454813.00
10664,19109274.00
10665,16124172.00
10666,15915318.00
10667,21932806.00
10668,13250785.00
10669,9132286.00
10670,10358730.00
10671,9917254.00
10672,7430317.50
10673,11018432.00
10674,11248641.00
10675,39768936.00
10676,15215487.00
10677,17707776.00
10678,13581494.00
10679,12185158.00
10680,21571328.00
10681,13612797.00
10682,10682270.00
10683,7994691.00
10684,8939630.00
10685,8065343.50
10686,9506933.00
10687,5297140.00
10688,36920704.00
10689,6002049.50
10690,25214050.00
10691,14560826.00
10692,5357964.00
10693,14473933.00
10694,13693647.00
10695,10117770.00
10696,10744063.00
10697,16837140.00
10698,16146984.00
10699,41098684.00
10700,32625112.00
10701,68302640.00
10702,27865592.00
10703,6383221.00
10704,10503824.00
10705,17980104.00
10706,15339652.00
10707,14056792.00
10708,28920134.00
10709,11168390.00
10710,6347079.50
10711,21005984.00
10712,9851845.00
10713,11803468.00
10714,19538162.00
10715,10407467.00
10716,16328197.00
10717,10608581.00
10718,23478114.00
10719,59611928.00
10720,14467395.00
10721,7584654.50
10722,12183316.00
10723,8617952.00
10724,25609264.00
10725,19124420.00
10726,9558009.00
10727,14504762.00
10728,12487985.00
10729,14038295.00
10730,13290956.00
10731,29923712.00
10732,22886248.00
10733,10001984.00
10734,20606176.00
10735,14996525.00
10736,6565006.00
10737,15120783.00
10738,20920090.00
10739,8712122.00
10740,14345542.00
10741,14706497.00
10742,3769641.00
10743,10713565.00
10744,6395690.00
10745,19878584.00
10746,31023866.00
10747,27793254.00
10748,11544541.00
10749,16224701.00
10750,14935960.00
10751,7740283.50
10752,4577079.00
10753,9896850.00
10754,20595118.00
10755,9266620.00
10756,32051840.00
10757,11167773.00
10758,13242111.00
10759,12231890.00
10760,25364346.00
10761,19929592.00
10762,37139336.00
10763,7799937.50
10764,28670192.00
10765,11739036.00
10766,17203200.00
10767,22430818.00
10768,22468180.00
10769,22042608.00
10770,17394024.00
10771,24782408.00
10772,48420336.00
10773,10526927.00
10774,7996812.00
10775,25512464.00
10776,12398792.00
10777,13873734.00
10778,14450831.00
10779,11964884.00
10780,12207094.00
10781,19359964.00
10782,12595313.00
10783,15462181.00
10784,10772742.00
10785,8999751.00
10786,12233349.00
10787,7762622.50
10788,12115357.00
10789,12270362.00
10790,10606784.00
10791,31803096.00
10792,24396200.00
10793,6186470.00
10794,22260436.00
10795,7267079.50
10796,23519668.00
10797,12055977.00
10798,8641145.00
10799,19875258.00
10800,12156617.00
10801,14449243.00
10802,15717783.00
10803,15467597.00
10804,22269504.00
10805,5869752.50
10806,12696508.00
10807,17638004.00
10808,18812980.00
10809,27700572.00
10810,8089479.50
10811,14589516.00
10812,16752372.00
10813,5990496.00
10814,15564956.00
10815,9985904.00
10816,15443875.00
10817,22715956.00
10818,10907782.00
10819,14498563.00
10820,17539230.00
10821,24146268.00
10822,25029036.00
10823,5753441.50
10824,58106008.00
10825,10632983.00
10826,15007139.00
10827,11415154.00
10828,12871343.00
10829,18057936.00
10830,10391082.00
10831,27969972.00
10832,36468780.00
10833,26551308.00
10834,21040526.00
10835,14537527.00
10836,18849100.00
10837,16095328.00
10838,11708655.00
10839,21790424.00
10840,14349149.00
10841,19472332.00
10842,12331773.00
10843,13433949.00
10844,32388392.00
10845,10601335.00
10846,10528236.00
10847,8908794.00
10848,9092474.00
10849,16654313.00
10850,79165784.00
10851,8670430.00
10852,10823075.00
10853,29562870.00
10854,12476308.00
10855,15645464.00
10856,20570472.00
10857,22935092.00
10858,10730079.00
10859,7571007.50
10860,7877152.50
10861,5363693.00
10862,16588424.00
10863,18225278.00
10864,34284620.00
10865,14467895.00
10866,11240428.00
10867,14317299.00
10868,7842158.00
10869,13218866.00
10870,6877147.00
10871,18725634.00
10872,11023423.00
10873,10758435.00
10874,25817516.00
10875,20715938.00
10876,39558528.00
10877,15767643.00
10878,28542900.00
10879,15061742.00
10880,15745242.00
10881,37946300.00
10882,10383388.00
10883,13129836.00
10884,11767492.00
10885,9455830.00
10886,8978370.00
10887,14036041.00
10888,12018926.00
10889,29631588.00
10890,41155164.00
10891,20048556.00
10892,17591382.00
10893,30304566.00
10894,8500572.00
10895,14950700.00
10896,13735107.00
10897,24988424.00
10898,11547809.00
10899,16658386.00
10900,26073222.00
10901,14370348.00
10902,24743576.00
10903,9789435.00
10904,22586508.00
10905,13150820.00
10906,14909976.00
10907,11836746.00
10908,13167016.00
10909,8552952.00
10910,10130109.00
10911,22276308.00
10912,12156658.00
10913,52345136.00
10914,21346298.00
10915,14270147.00
10916,25422150.00
10917,34289960.00
10918,7088235.50
10919,12181083.00
10920,10642178.00
10921,23268154.00
10922,11817766.00
10923,11725414.00
10924,12768163.00
10925,5200128.00
10926,41813344.00
10927,9183911.00
10928,8244690.50
10929,7652231.00
10930,5878820.00
10931,14232632.00
10932,29226534.00
10933,50014004.00
10934,16871134.00
10935,31089242.00
10936,15372173.00
10937,15106071.00
10938,14194519.00
10939,12347327.00
10940,12451871.00
10941,18163160.00
10942,12456256.00
10943,41602028.00
10944,21722100.00
10945,13884259.00
10946,28033762.00
10947,6798830.50
10948,10081606.00
10949,22952524.00
10950,11897178.00
10951,34376772.00
10952,20022358.00
10953,7875150.50
10954,10560720.00
10955,21384468.00
10956,18336864.00
10957,10028304.00
10958,11008262.00
10959,16766676.00
10960,13399747.00
10961,16371901.00
10962,22974814.00
10963,14420109.00
10964,37687052.00
10965,8753916.00
10966,21050802.00
10967,21992290.00
10968,29328510.00
10969,8638308.00
10970,21872374.00
10971,21186582.00
10972,32726044.00
10973,5866428.00
10974,54926996.00
10975,13450980.00
10976,14501368.00
10977,9937946.00
10978,36486444.00
10979,15096603.00
10980,39194852.00
10981,4855746.00
10982,24883174.00
10983,11918902.00
10984,22708666.00
10985,15521050.00
10986,11848986.00
10987,10051046.00
10988,10445196.00
10989,3950343.00
10990,19285004.00
10991,20392330.00
10992,20280300.00
10993,19366700.00
10994,17752258.00
10995,19112912.00
10996,18043390.00
10997,12715569.00
10998,26554760.00
10999,28720442.00
11000,45202664.00
11001,10639456.00
11002,13546321.00
11003,15905655.00
11004,19915274.00
11005,5181812.00
11006,5829632.00
11007,7008173.50
11008,13646412.00
11009,38384140.00
11010,18630480.00
11011,15412328.00
11012,30039336.00
11013,45718404.00
11014,10670064.00
11015,36231352.00
11016,36801816.00
11017,17528682.00
11018,11899046.00
11019,11594435.00
11020,18420780.00
11021,14251679.00
11022,17038248.00
11023,30143884.00
11024,6721447.50
11025,23978522.00
11026,20026774.00
11027,7213261.50
11028,14186803.00
11029,14897074.00
11030,12723470.00
11031,9900330.00
11032,5389217.50
11033,32650516.00
11034,6996833.50
11035,12733210.00
11036,14498810.00
11037,15199685.00
11038,19614408.00
11039,12120931.00
11040,41845484.00
11041,12760936.00
11042,9343308.00
11043,8191144.50
11044,56825252.00
11045,24816256.00
11046,26102484.00
11047,13421754.00
11048,11321312.00
11049,10336319.00
11050,35753548.00
11051,7571267.00
11052,25806172.00
11053,26738576.00
11054,36615556.00
11055,33704552.00
11056,22736808.00
11057,12295674.00
11058,18450246.00
11059,18949840.00
11060,28504250.00
11061,36385472.00
11062,16002249.00
11063,6517577.00
11064,18553186.00
11065,7519614.50
11066,10575982.00
11067,17175502.00
11068,8117686.50
11069,39530892.00
11070,9268882.00
11071,18680858.00
11072,13314406.00
11073,11645660.00
11074,15488401.00
11075,25798644.00
11076,9922797.00
11077,20099588.00
11078,8576816.00
11079,22415074.00
11080,17751580.00
11081,18032392.00
11082,20130892.00
11083,12740566.00
11084,6795442.50
11085,7002438.00
11086,30296884.00
11087,59292056.00
11088,11645066.00
11089,15394386.00
11090,34432748.00
11091,28883192.00
11092,12165441.00
11093,66359992.00
11094,10235340.00
11095,23466960.00
11096,8425039.00
11097,8787666.00
11098,8405427.00
11099,8944922.00
11100,4653151.00
11101,12517297.00
11102,10060908.00
11103,16348511.00
11104,25364102.00
11105,15493997.00
11106,23729968.00
11107,8533903.00
11108,81971928.00
11109,13709851.00
11110,8662233.00
11111,27498456.00
11112,32939718.00
11113,9719973.00
11114,9092903.00
11115,21217056.00
11116,9205298.00
11117,16202875.00
11118,15373388.00
11119,11648617.00
11120,13758473.00
11121,14292280.00
11122,9786585.00
11123,21414280.00
11124,10176814.00
11125,12602259.00
11126,38973016.00
11127,40486504.00
11128,9954134.00
11129,20679844.00
11130,8598574.00
11131,15116803.00
11132,17056198.00
11133,18612504.00
11134,10357934.00
11135,49073276.00
11136,15341135.00
11137,29146460.00
11138,22398584.00
11139,14738134.00
11140,29981916.00
11141,36811312.00
11142,12703716.00
11143,9647130.00
11144,28211102.00
11145,12784835.00
11146,11797740.00
11147,15729510.00
11148,50347788.00
11149,12107727.00
11150,9080302.00
11151,17546086.00
11152,9652202.00
11153,17877884.00
11154,20073824.00
11155,20619574.00
11156,15016692.00
11157,21124468.00
11158,16603146.00
11159,24518484.00
11160,4831757.00
11161,16077629.00
11162,9354340.00
11163,12471871.00
11164,10242564.00
11165,18437886.00
11166,5785265.50
11167,30564706.00
11168,9289486.00
11169,14038211.00
11170,82297024.00
11171,15210289.00
11172,22685996.00
11173,20140680.00
11174,7584498.00
11175,12365884.00
11176,6470830.00
11177,39506924.00
11178,10427272.00
11179,11559267.00
11180,21526074.00
11181,24130818.00
11182,9442066.00
11183,6822064.00
11184,16373335.00
11185,40683028.00
11186,15439768.00
11187,21722612.00
11188,9961992.00
11189,21217964.00
11190,9493014.00
11191,6578397.00
11192,21755728.00
11193,22246888.00
11194,13901882.00
11195,19395248.00
11196,21565778.00
11197,23548214.00
11198,13231549.00
11199,7784013.50
11200,10876428.00
11201,9827896.00
11202,21495148.00
11203,25760390.00
11204,10916462.00
11205,10631249.00
11206,17825692.00
11207,14000486.00
11208,11026465.00
11209,8643573.00
11210,6155862.00
11211,27138356.00
11212,14252500.00
11213,60136488.00
11214,4303940.00
11215,15040867.00
11216,25508492.00
11217,13705042.00
11218,10811078.00
11219,11717220.00
11220,10175068.00
11221,20291306.00
11222,13675805.00
11223,33870036.00
11224,51841640.00
11225,7123645.00
11226,28065726.00
11227,21003220.00
11228,47422904.00
11229,38487432.00
11230,13943564.00
11231,33747004.00
11232,16479306.00
11233,7510203.00
11234,28858408.00
11235,16958550.00
11236,16135857.00
11237,10721368.00
11238,16771389.00
11239,23198738.00
11240,11832716.00
11241,12291487.00
11242,16261091.00
11243,19896626.00
11244,6768985.00
11245,14908873.00
11246,29232404.00
11247,12843110.00
11248,13133916.00
11249,21231936.00
11250,20309236.00
11251,31414296.00
11252,10646598.00
11253,9852302.00
11254,37242772.00
11255,47947780.00
11256,4838718.00
11257,13292522.00
11258,9917280.00
11259,11608860.00
11260,21507648.00
11261,12352196.00
11262,23814088.00
11263,11322249.00
11264,10161322.00
11265,17850564.00
11266,11618804.00
11267,10892468.00
11268,12782094.00
11269,14688209.00
11270,46403408.00
11271,21803184.00
11272,11989624.00
11273,36166676.00
11274,10906167.00
11275,7093721.00
11276,24379592.00
11277,25444560.00
11278,44215052.00
11279,43823464.00
11280,12992063.00
11281,6880190.50
11282,11696124.00
11283,11529475.00
11284,9961900.00
11285,14181373.00
11286,23359924.00
11287,11885573.00
11288,11372152.00
11289,7736150.00
11290,15287434.00
11291,9650323.00
11292,17508622.00
11293,15678723.00
11294,7644434.50
11295,11844774.00
11296,71815040.00
11297,8173397.00
11298,23932730.00
11299,14408795.00
11300,11275313.00
11301,10094547.00
11302,17953978.00
11303,22297784.00
11304,11694639.00
11305,22630918.00
11306,11538870.00
11307,12176261.00
11308,14338319.00
11309,12145137.00
11310,8544534.00
11311,18700924.00
11312,11295126.00
11313,11228733.00
11314,41960276.00
11315,69784232.00
11316,9439960.00
11317,20059630.00
11318,22187974.00
11319,29048674.00
11320,28696638.00
11321,30060282.00
11322,7657879.50
11323,7604324.50
11324,18535960.00
11325,12892124.00
11326,8080702.50
11327,11030941.00
11328,20721528.00
11329,16897314.00
11330,11213123.00
11331,11967226.00
11332,12041748.00
11333,8114561.50
11334,4722187.00
11335,11657649.00
11336,17064786.00
11337,12723034.00
11338,12298685.00
11339,22362486.00
11340,19266420.00
11341,33194938.00
11342,11449158.00
11343,15673545.00
11344,47744500.00
11345,9351947.00
11346,21658886.00
11347,39682508.00
11348,13462294.00
11349,10221312.00
11350,13755299.00
11351,23427244.00
11352,9809616.00
11353,10339822.00
11354,23697240.00
11355,21364872.00
11356,10780972.00
11357,16993610.00
11358,4877898.00
11359,14241850.00
11360,14298043.00
11361,14557155.00
11362,13058194.00
11363,23189724.00
11364,10933468.00
11365,22184750.00
11366,14240561.00
11367,30583628.00
11368,39046268.00
11369,31993350.00
11370,10862692.00
11371,16092142.00
11372,22163072.00
11373,14144431.00
11374,11009485.00
11375,14764379.00
11376,16978634.00
11377,9566751.00
11378,33313344.00
11379,30055560.00
11380,9306898.00
11381,56057440.00
11382,33828112.00
11383,20799918.00
11384,45812256.00
11385,6130393.00
11386,32426312.00
11387,20216132.00
11388,51175656.00
11389,11868547.00
11390,25341242.00
11391,10197530.00
11392,19147674.00
11393,17576336.00
11394,11532844.00
11395,11650354.00
11396,16671520.00
11398,10463734.00
11399,13832755.00
11400,21722260.00
11401,11540070.00
11402,31277076.00
11403,15346458.00
11404,13578724.00
11405,11366254.00
11406,29435362.00
11407,26887308.00
11408,14687700.00
11409,14145379.00
11410,17421676.00
11411,9340560.00
11412,16514222.00
11413,21435040.00
11414,14825336.00
11415,3839699.75
11416,12121576.00
11417,6969645.50
11418,15052655.00
11419,16122054.00
11420,8286656.50
11421,15245763.00
11422,26999384.00
11423,10729166.00
11424,12148127.00
11425,8734744.00
11426,26347612.00
11427,15215598.00
11428,15908326.00
11429,37781808.00
11430,12675940.00
11431,23213016.00
11432,13091185.00
11433,15227496.00
11434,27261790.00
11435,9136285.00
11436,13201937.00
11437,12200088.00
11438,50516604.00
11439,24433472.00
11440,16009064.00
11441,14788003.00
11442,35219084.00
11443,27856704.00
11444,19234940.00
11445,10339848.00
11446,30098532.00
11447,21649254.00
11448,20450300.00
11449,21040526.00
11450,15749519.00
11451,21244440.00
11452,21510040.00
11453,14922621.00
11454,23752250.00
11455,16706820.00
11456,16431428.00
11457,14015270.00
11458,13543153.00
11459,8058484.00
11460,15877286.00
11461,9367352.00
11462,15366316.00
11463,26174488.00
11464,14464780.00
11465,40986216.00
11466,11299557.00
11467,11832492.00
11468,18272570.00
11469,18226670.00
11470,19376744.00
11471,13218866.00
11472,36385676.00
11473,13163429.00
11474,44056796.00
11475,18724668.00
11476,12399976.00
11477,31272986.00
11478,11612879.00
11479,22020096.00
11480,9514612.00
11481,10844227.00
11482,14882412.00
11483,14041527.00
11484,143769728.00
11485,9524799.00
11486,28814732.00
11487,15781724.00
11488,9637092.00
11489,20500304.00
11490,10316101.00
11491,9645521.00
11492,20318644.00
11493,8985378.00
11494,31563294.00
11495,5218045.00
11496,31857914.00
11497,10980594.00
11498,11261851.00
11499,13259040.00
11500,17940968.00
11501,6086650.00
11502,17371662.00
11503,12695268.00
11504,9950052.00
11505,21193670.00
11506,8610206.00
11507,10499054.00
11508,19506936.00
11509,24042232.00
11510,10479582.00
11511,10286268.00
11512,14449871.00
11513,43007640.00
11514,31428072.00
11515,12374298.00
11516,9106756.00
11517,25989650.00
11518,22717246.00
11519,15189924.00
11520,8022994.00
11521,8966802.00
11522,28969044.00
11523,10992083.00
11524,7861300.00
11525,32044794.00
11526,13615094.00
11527,13299608.00
11528,12513631.00
11529,20661576.00
11530,24214108.00
11531,16744709.00
11532,37302356.00
11533,8619144.00
11534,14118413.00
11535,38702080.00
11536,11199918.00
11537,13097962.00
11538,12970894.00
11539,17389902.00
11540,8550161.00
11541,7970637.00
11542,13231046.00
11543,17143976.00
11544,22612160.00
11545,14979438.00
11546,18391288.00
11547,20825870.00
11548,19559288.00
11549,13341719.00
11550,17497328.00
11551,32619736.00
11552,12745268.00
11553,28825448.00
11554,27812334.00
11555,17887084.00
11556,22273032.00
11557,16746255.00
11558,12279884.00
11559,7206770.00
11560,7573827.00
11561,21515806.00
11562,14063007.00
11563,13255256.00
11564,7901006.00
11565,18947092.00
11566,14641037.00
11567,17513458.00
11568,24026298.00
11569,43171900.00
11570,12227014.00
11571,17154016.00
11572,27853122.00
11573,48832720.00
11574,9113419.00
11575,16988644.00
11576,22351336.00
11577,12106834.00
11578,12205979.00
11579,18171646.00
11580,21311598.00
11581,17931040.00
11582,35370568.00
11583,4412332.00
11584,15268349.00
11585,53759632.00
11586,19090916.00
11587,17023848.00
11588,25584442.00
11589,22590210.00
11590,17966948.00
11591,65595908.00
11592,38440624.00
11593,27738728.00
11594,8619075.00
11595,4223918.00
11596,23162810.00
11597,11576631.00
11598,7747559.50
11599,12905404.00
11600,38868900.00
11601,23880162.00
11602,25794488.00
11603,11045580.00
11604,15779827.00
11605,30981882.00
11606,37536032.00
11607,10341341.00
11608,88896488.00
11609,13546543.00
11610,30950096.00
11611,34446104.00
11612,28687994.00
11613,10563398.00
11614,7665160.50
11615,17885328.00
11616,19128566.00
11617,28306084.00
11618,37508088.00
11619,21148164.00
11620,18909730.00
11621,13734382.00
11622,18320488.00
11623,12168701.00
11624,12898090.00
11625,12559802.00
11626,18825316.00
11627,13571468.00
11628,7822081.50
11629,8887156.00
11630,15238202.00
11631,11304518.00
11632,68746288.00
11633,12313871.00
11634,14881187.00
11635,13610582.00
11636,8418231.00
11637,8216650.00
11638,19603920.00
11639,6942328.50
11640,15010308.00
11641,29330078.00
11642,28642368.00
11643,8487884.00
11644,8923196.00
11645,21983184.00
11646,15164740.00
11647,20445946.00
11648,13323574.00
11649,10600323.00
11650,25069300.00
11651,12327334.00
11652,28618124.00
11653,11125309.00
11654,19486330.00
11655,13711581.00
11656,16108457.00
11657,18499534.00
11658,11330692.00
11659,14490950.00
11660,28150888.00
11661,10250288.00
11662,16450892.00
11663,11070618.00
11664,17375784.00
11665,21349802.00
11666,14082409.00
11667,14834688.00
11668,11341076.00
11669,13552035.00
11670,21335646.00
11671,7262656.00
11672,11716858.00
11673,10887037.00
11674,27726024.00
11675,10038870.00
11676,11136873.00
11677,14977821.00
11678,11314122.00
11679,22190824.00
11680,8852436.00
11681,7354712.50
11682,13552721.00
11683,16062702.00
11684,7195823.50
11685,13825516.00
11686,21832630.00
11687,17176096.00
11688,7094954.00
11689,5281215.00
11690,18498458.00
11691,11144201.00
11692,34286036.00
11693,21083694.00
11694,13617658.00
11695,13443201.00
11696,9600204.00
11697,26503414.00
11698,8817022.00
11699,10154238.00
11700,12646321.00
11701,18221586.00
11702,27379258.00
11703,15623634.00
11704,22020428.00
11705,11853157.00
11706,20431036.00
11707,9631790.00
11708,27957588.00
11709,27041216.00
11710,22677850.00
11711,13087183.00
11712,47243728.00
11713,39038124.00
11714,11108805.00
11715,18319774.00
11716,127559488.00
11717,9232806.00
11718,12674592.00
11719,25227228.00
11720,28974412.00
11721,11934732.00
11722,13471014.00
11723,7583930.00
11724,37602684.00
11725,18727080.00
11726,23516812.00
11727,13807304.00
11728,17456908.00
11729,8855345.00
11730,12970016.00
11731,7306602.00
11732,18849398.00
11733,7819110.50
11734,19683048.00
11735,8820756.00
11736,12672223.00
11737,8153699.00
11738,17123530.00
11739,50954288.00
11740,24384148.00
11741,9844200.00
11742,17385778.00
11743,20653840.00
11744,6528206.00
11745,14213812.00
11746,30693852.00
11747,33983432.00
11748,27148280.00
11749,17453452.00
11750,11094051.00
11751,11726292.00
11752,23309988.00
11753,15062068.00
11754,28384640.00
11755,27848440.00
11756,8766166.00
11757,12752238.00
11758,18972174.00
11759,23775818.00
11760,23408844.00
11761,9128712.00
11762,26908324.00
11763,17872378.00
11764,31924708.00
11765,19745644.00
11766,24562124.00
11767,10639456.00
11768,16036204.00
11769,9941038.00
11770,18899756.00
11771,18287548.00
11772,8836390.00
11773,8636700.00
11774,12073987.00
11775,12449420.00
11776,20226566.00
11777,18388278.00
11778,13096513.00
11779,6386729.00
11780,10285979.00
11781,23604830.00
11782,9626004.00
11783,6776106.00
11784,25537844.00
11785,7952691.00
11786,14067357.00
11787,39149120.00
11788,27735814.00
11789,15401160.00
11790,30747704.00
11791,14636824.00
11792,20793824.00
11793,13630310.00
11794,14931249.00
11795,12139325.00
11796,10911991.00
11797,19328850.00
11798,15028972.00
11799,17759090.00
11800,13632114.00
11801,18823332.00
11802,8805527.00
11803,11664428.00
11804,9765198.00
11805,12737432.00
11806,15899997.00
11807,10112382.00
11808,43645564.00
11809,17924510.00
11810,1467039.00
11811,11666650.00
11812,6012058.00
11813,9738819.00
11814,37137316.00
11815,28886886.00
11816,25366374.00
11817,16258359.00
11818,15288531.00
11819,8744364.00
11820,13894245.00
11821,10835130.00
11822,4451747.00
11823,7280189.00
11824,15639759.00
11825,15385432.00
11826,15058391.00
11827,9548665.00
11828,22436916.00
11829,34806188.00
11830,19864300.00
11831,39893284.00
11832,23777054.00
11833,41520132.00
11834,12196218.00
11835,25352748.00
11836,11319383.00
11837,18290418.00
11838,17882270.00
11839,17693328.00
11840,12176538.00
11841,15054900.00
11842,13161174.00
11843,12744406.00
11844,10148249.00
11845,43068560.00
11846,22557342.00
11847,19839940.00
11848,22207056.00
11849,22287518.00
11850,9913936.00
11851,14979557.00
11852,24313960.00
11853,27367650.00
11854,22802200.00
11855,11523711.00
11856,14669213.00
11857,11399282.00
11858,20738960.00
11859,13538534.00
11860,9084129.00
11861,12015988.00
11862,18115492.00
11863,26269882.00
11864,13371360.00
11865,11021284.00
11866,13527910.00
11867,22357676.00
11868,26892288.00
11869,7931851.00
11870,30147320.00
11871,13744012.00
11872,30865372.00
11873,9301204.00
11874,14102052.00
11875,8310004.00
11876,8100235.00
11877,35405576.00
11878,14915215.00
11879,6202496.00
11880,12820616.00
11881,11968236.00
11882,13134135.00
11883,19732500.00
11884,9026295.00
11885,14040051.00
11886,14080788.00
11887,25741062.00
11888,18655188.00
11889,10535131.00
11890,23411532.00
11891,7162982.00
11892,9989525.00
11893,13943894.00
11894,18687236.00
11895,18326446.00
11896,11106250.00
11897,17579570.00
11898,21890612.00
11899,17783000.00
11900,24921200.00
11901,27492624.00
11902,33724612.00
11903,16670555.00
11904,20284216.00
11905,7890771.00
11906,14830623.00
11907,4027448.00
11908,13883889.00
11909,9347278.00
11910,19665680.00
11911,14964156.00
11912,21180878.00
11913,21613626.00
11914,12610843.00
11915,14259853.00
11916,197005520.00
11917,14303318.00
11918,22627692.00
11919,16967284.00
11920,39138148.00
11921,28791064.00
11922,10739273.00
11923,15905070.00
11924,22683870.00
11925,11811604.00
11926,20794510.00
11927,6171214.50
11928,4809269.00
11929,31340794.00
11930,8227594.00
11931,13033427.00
11932,13332710.00
11933,8957368.00
11934,16429242.00
11935,8338309.00
11936,26797732.00
11937,8101433.50
11938,10407308.00
11939,29037510.00
11940,10759395.00
11941,20994480.00
11942,14666045.00
11943,22612912.00
11944,11267603.00
11945,29115072.00
11946,31164346.00
11947,17098868.00
11948,9356210.00
11949,10964484.00
11950,21714764.00
11951,8170698.00
11952,15672605.00
11953,5643937.50
11954,39373404.00
11955,11757574.00
11956,21338878.00
11957,30353508.00
11958,8428726.00
11959,14135948.00
11960,20631894.00
11961,12996865.00
11962,9778314.00
11963,14234474.00
11964,21938000.00
11965,37307996.00
11966,11060748.00
11967,24961506.00
11968,11927206.00
11969,9628404.00
11970,13368329.00
11971,11570235.00
11972,23299572.00
11973,8671637.00
11974,18303246.00
11975,16034179.00
11976,8546412.00
11977,12946572.00
11978,7886130.50
11979,24205658.00
11980,12608881.00
11981,21880074.00
11982,8812108.00
11983,20615148.00
11984,12948532.00
11985,21573358.00
11986,13484590.00
11987,36454540.00
11988,8118743.00
11989,21694730.00
11990,18175548.00
11991,15843613.00
11992,6413626.00
11993,29069684.00
11994,8619776.00
11995,49086008.00
11996,14812077.00
11997,16036219.00
11998,7557137.50
11999,45298060.00
12000,12138821.00
12001,16669888.00
12002,43536732.00
12003,7041430.00
12004,19380588.00
12005,5544740.00
12006,12038730.00
12007,6121271.00
12008,8772738.00
12009,14765437.00
12010,26641164.00
12011,14791347.00
12012,10395802.00
12013,9935664.00
12014,15843692.00
12015,15454788.00
12016,10362948.00
12017,9223165.00
12018,11501356.00
12019,22056948.00
12020,8865538.00
12021,12290236.00
12022,21530260.00
12023,8818602.00
12024,13810017.00
12025,49803944.00
12026,15946624.00
12027,18848566.00
12028,29249858.00
12029,26700888.00
12030,16493587.00
12031,8692056.00
12032,17698772.00
12033,23435100.00
12034,14963587.00
12035,4127373.00
12036,16906834.00
12037,23255948.00
12038,14662886.00
12039,11289428.00
12040,7225197.50
12041,7019077.00
12042,6435217.50
12043,6270990.50
12044,10657942.00
12045,5967652.00
12046,15990671.00
12047,24831372.00
12048,16733964.00
12049,16798132.00
12050,17918600.00
12051,8686234.00
12052,10532400.00
12053,15809829.00
12054,34183208.00
12055,7043309.00
12056,11994867.00
12057,10852370.00
12058,11944637.00
12059,18325928.00
12060,9992120.00
12061,14345908.00
12062,70605064.00
12063,18273298.00
12064,15190413.00
12065,11263395.00
12066,14764339.00
12067,22406416.00
12068,16749614.00
12069,31272692.00
12070,15973604.00
12071,6447874.00
12072,39613952.00
12073,118919280.00
12074,17547576.00
12075,13681018.00
12076,9997966.00
12077,16050241.00
12078,11057928.00
12079,18312054.00
12080,13361306.00
12081,24862982.00
12082,10594662.00
12083,23147292.00
12084,13420218.00
12085,19057496.00
12086,27111138.00
12087,8799799.00
12088,10127904.00
12089,12369070.00
12090,11841311.00
12091,9706601.00
12092,10815642.00
12093,11616484.00
12094,21714800.00
12095,12764916.00
12096,13688317.00
12097,9442118.00
12098,12060187.00
12099,13806077.00
12100,10308886.00
12101,11077212.00
12102,29396180.00
12103,39771964.00
12104,16565600.00
12105,10423752.00
12106,12774104.00
12107,11945340.00
12108,8340733.00
12109,17424560.00
12110,12247084.00
12111,13662497.00
12112,26223836.00
12113,10260282.00
12114,11210801.00
12115,10549114.00
12116,20683600.00
12117,9401198.00
12118,11150723.00
12119,19780426.00
12120,29221210.00
12121,41652536.00
12122,15116964.00
12123,27662238.00
12124,14899635.00
12125,15916620.00
12126,14381920.00
12127,4897710.00
12128,16329562.00
12129,11304187.00
12130,11895365.00
12131,14191084.00
12132,9490638.00
12133,6918145.50
12134,13295622.00
12135,12267562.00
12136,36651376.00
12137,14439357.00
12138,31488198.00
12139,6632091.00
12140,17162180.00
12141,12268454.00
12142,17531576.00
12143,4435623.00
12144,9391368.00
12145,16423336.00
12146,9459692.00
12147,17267648.00
12148,9520670.00
12149,7713263.50
12150,8114971.50
12151,10682771.00
12152,17182860.00
12153,5051060.00
12154,17617620.00
12155,40539480.00
12156,15094810.00
12157,25425352.00
12158,105725344.00
12159,15303017.00
12160,38168204.00
12161,11553468.00
12162,19548974.00
12163,15000876.00
12164,10417660.00
12165,22750912.00
12166,15025615.00
12167,14238036.00
12168,20990242.00
12169,20000532.00
12170,100006192.00
12171,6314826.00
12172,28838636.00
12173,10985181.00
12174,19026862.00
12175,7231073.50
12176,10473487.00
12177,17220268.00
12178,17499284.00
12179,64158872.00
12180,4600695.00
12181,26352720.00
12182,8982545.00
12183,28925592.00
12184,18386798.00
12185,28348282.00
12186,13184966.00
12187,10886188.00
12188,12802511.00
12189,34342004.00
12190,23203870.00
12191,9825190.00
12192,26482724.00
12193,20067590.00
12194,39913580.00
12195,11100308.00
12196,19499982.00
12197,8693809.00
12198,12238625.00
12199,26186316.00
12200,16320234.00
12201,16116444.00
12202,19315380.00
12203,48024468.00
12204,17029864.00
12205,17860300.00
12206,12865898.00
12207,19306646.00
12208,18546602.00
12209,11604786.00
12210,13485989.00
12211,11011264.00
12212,21590296.00
12213,12001746.00
12214,13295561.00
12215,23614086.00
12216,16190066.00
12217,17324594.00
12218,91439984.00
12219,6955073.50
12220,7321717.00
12221,11667404.00
12222,37882512.00
12223,14200355.00
12224,12986772.00
12225,14637795.00
12226,13188059.00
12227,16529981.00
12228,13961352.00
12229,19178756.00
12230,13583647.00
12231,10188636.00
12232,9496374.00
12233,14384904.00
12234,11103296.00
12235,6346904.50
12236,13382395.00
12237,19685814.00
12238,17942526.00
12239,21596598.00
12240,17341876.00
12241,25009408.00
12242,8472054.00
12243,18222994.00
12244,19459478.00
12245,14280298.00
12246,15758394.00
12247,12003933.00
12248,23014068.00
12249,8888397.00
12250,27240972.00
12251,24895656.00
12252,14517082.00
12253,11026465.00
12254,14014540.00
12255,15557706.00
12256,14567464.00
12257,13670040.00
12258,8825614.00
12259,15979910.00
12260,17522974.00
12261,61928900.00
12262,10813865.00
12263,21300530.00
12264,23454256.00
12265,11809460.00
12266,27899996.00
12267,8494857.00
12268,10311518.00
12269,17694184.00
12270,19096820.00
12271,37515832.00
12272,7411937.50
12273,11404434.00
12274,27238000.00
12275,7034068.00
12276,20266418.00
12277,9610500.00
12278,17954878.00
12279,21772782.00
12280,28829794.00
12281,11982077.00
12282,9150551.00
12283,14004881.00
12284,8194218.00
12285,12784210.00
12286,18325420.00
12287,19214790.00
12288,18217094.00
12289,10657328.00
12290,51398552.00
12291,25889484.00
12292,27401716.00
12293,78601608.00
12294,37700644.00
12295,18290216.00
12296,10967852.00
12297,4685262.00
12298,37882512.00
12299,24132956.00
12300,25423368.00
12301,20294470.00
12302,9924661.00
12303,18558074.00
12304,48808600.00
12305,13150314.00
12306,12202860.00
12307,31770240.00
12308,14773285.00
12309,15389510.00
12310,20155756.00
12311,18082788.00
12312,5770834.00
12313,7627008.50
12314,32251924.00
12315,7683910.00
12316,16587273.00
12317,9163663.00
12318,10063074.00
12319,34833844.00
12320,10618988.00
12321,25076288.00
12322,28413964.00
12323,25352436.00
12324,13389820.00
12325,16862778.00
12326,33920028.00
12327,13099448.00
12328,9622770.00
12329,14948372.00
12330,12012684.00
12331,14156573.00
12332,21688954.00
12333,29051364.00
12334,14915215.00
12335,10596768.00
12336,17024190.00
12337,16062385.00
12338,6908147.00
12339,18696562.00
12340,16500819.00
12341,5279867.00
12342,28238538.00
12343,8082398.50
12344,13359218.00
12345,22729920.00
12346,4918721.00
12347,13260410.00
12348,9996725.00
12349,7411494.50
12350,7979187.00
12351,16236713.00
12352,7327564.00
12353,28291602.00
12354,10173328.00
12355,15006154.00
12356,19357840.00
12357,5355683.00
12358,7625852.00
12359,21567744.00
12360,37111808.00
12361,7590724.50
12362,17232576.00
12363,5930859.00
12364,12171622.00
12365,31242092.00
12366,12982883.00
12367,15601684.00
12368,12595561.00
12369,6210896.00
12370,11029814.00
12371,29532248.00
12372,52086560.00
12373,10367822.00
12374,32784500.00
12375,62771688.00
12376,8466806.00
12377,11716826.00
12378,16807562.00
12379,15696954.00
12380,17708704.00
12381,22032036.00
12382,9519724.00
12383,21634280.00
12384,9593202.00
12385,14869062.00
12386,9028686.00
12387,14228756.00
12388,28424704.00
12389,9241898.00
12390,19284044.00
12391,13623767.00
12392,18196532.00
12393,16019139.00
12394,11921615.00
12395,16831414.00
12396,8850460.00
12397,19303182.00
12398,10152427.00
12399,32426312.00
12400,4494783.00
12401,35695880.00
12402,14760694.00
12403,6028713.00
12404,5753412.00
12405,8931878.00
12406,15272864.00
12407,21599864.00
12408,12989659.00
12409,28299252.00
12410,10811854.00
12411,13153338.00
12412,8247272.50
12413,12371450.00
12414,6887298.50
12415,7278269.50
12416,37678836.00
12417,14319300.00
12418,31852870.00
12419,12657011.00
12420,17547194.00
12421,24280156.00
12422,10909933.00
12423,15864945.00
12424,12260248.00
12425,10211454.00
12426,18537826.00
12427,18226296.00
12428,8746292.00
12429,27092544.00
12430,9364485.00
12431,11524934.00
12432,8384586.00
12433,27589284.00
12434,31165318.00
12435,16674883.00
12436,36247720.00
12437,9560566.00
12438,9439220.00
12439,15022975.00
12440,15861914.00
12441,35251232.00
12442,11232855.00
12443,16661347.00
12444,14704713.00
12445,9590908.00
12446,9787519.00
12447,19874410.00
12448,16403596.00
12449,11453528.00
12450,12660646.00
12451,9206190.00
12452,12211789.00
12453,8827622.00
12454,28518356.00
12455,20702304.00
12456,25817516.00
12457,7094614.00
12458,31697180.00
12459,11959242.00
12460,13575754.00
12461,20427238.00
12462,12715843.00
12463,25128984.00
12464,11878674.00
12465,25969720.00
12466,13116351.00
12467,9122178.00
12468,44402116.00
12469,11050339.00
12470,11294108.00
12471,20606502.00
12472,31277108.00
12473,20461826.00
12474,14043123.00
12475,13609357.00
12476,11193970.00
12477,9287594.00
12478,13027250.00
12479,172761920.00
12480,7402562.00
12481,5513127.50
12482,8950578.00
12483,12025883.00
12484,9303906.00
12485,16011059.00
12486,17407584.00
12487,14769111.00
12488,14722915.00
12489,14500384.00
12490,9826917.00
12491,9441834.00
12492,20972368.00
12493,8582140.00
12494,9893682.00
12495,30980024.00
12496,10411233.00
12497,14769795.00
12498,5362887.00
12499,14130790.00
12500,15076733.00
12501,23855020.00
12502,12146097.00
12503,17014270.00
12504,11743436.00
12505,15958406.00
12506,31484370.00
12507,21506632.00
12508,13545178.00
12509,8743260.00
12510,10770004.00
12511,10609030.00
12512,21340856.00
12513,17074286.00
12514,25086040.00
12515,32962950.00
12516,10005614.00
12517,16126204.00
12518,18295160.00
12519,16521093.00
12520,11070981.00
12521,14142634.00
12522,25271890.00
12523,10558570.00
12524,10899465.00
12525,5276795.00
12526,11484604.00
12527,22640622.00
12528,52556072.00
12529,5363693.00
12530,12667849.00
12531,19263302.00
12532,11324972.00
12533,14196293.00
12534,14592541.00
12535,20100970.00
12536,14984247.00
12537,39529848.00
12538,37449740.00
12539,52482776.00
12540,20418428.00
12541,27239552.00
12542,34693592.00
12543,26332158.00
12544,27568756.00
12545,5677854.50
12546,28179852.00
12547,18267448.00
12548,11325052.00
12549,15267585.00
12550,33570700.00
12551,17847388.00
12552,12754706.00
12553,10696176.00
12554,11187959.00
12555,10915610.00
12556,7889142.00
12557,15985971.00
12558,11387180.00
12559,19582178.00
12560,63210748.00
12561,18774514.00
12562,8642280.00
12563,10858316.00
12564,20593612.00
12565,9081018.00
12566,18774036.00
12567,17943252.00
12568,7523384.50
12569,10612446.00
12570,13220466.00
12571,19286728.00
12572,17967728.00
12573,15805967.00
12574,18656572.00
12575,14603478.00
12576,21262954.00
12577,25515742.00
12578,19987516.00
12579,11544541.00
12580,33966996.00
12581,16801730.00
12582,7867553.50
12583,19718860.00
12584,19115196.00
12585,7926931.00
12586,17659760.00
12587,29541688.00
12588,14160611.00
12589,27245612.00
12590,23752788.00
12591,10319588.00
12592,10818312.00
12593,6083371.00
12594,24987112.00
12595,11474673.00
12596,22605140.00
12597,26354124.00
12598,7884344.50
12599,11634510.00
12600,18134060.00
12601,17944744.00
12602,16186191.00
12603,31514800.00
12604,18031442.00
12605,29192348.00
12606,9824818.00
12607,22111076.00
12608,8160056.50
12609,13529728.00
12610,10514070.00
12611,9492908.00
12612,6825678.00
12613,18137674.00
12614,11089846.00
12615,10749980.00
12616,28748830.00
12617,9661910.00
12618,31662772.00
12619,15269332.00
12620,18167790.00
12621,12062729.00
12622,34908640.00
12623,24347272.00
12624,8827504.00
12625,7173118.00
12626,12698102.00
12627,99158624.00
12628,27964824.00
12629,11572344.00
12630,8344791.00
12631,20036166.00
12632,8800379.00
12633,26502704.00
12634,25012600.00
12635,6205857.50
12636,11160289.00
12637,13306126.00
12638,14306067.00
12639,18609778.00
12640,12707380.00
12641,39177264.00
12642,10135890.00
12643,7356011.50
12644,10467730.00
12645,28755770.00
12646,17989228.00
12647,14940936.00
12648,24229514.00
12649,10366914.00
12650,9151590.00
12651,9701880.00
12652,16065708.00
12653,17989228.00
12654,17250032.00
12655,10981210.00
12656,16517864.00
12657,12145261.00
12658,21245872.00
12659,16001388.00
12660,12478740.00
12661,40696732.00
12662,22612160.00
12663,35212400.00
12664,16832906.00
12665,10604144.00
12666,29466952.00
12667,9024748.00
12668,19797316.00
12669,16521158.00
12670,57491564.00
12671,12391766.00
12672,14237224.00
12673,86098504.00
12674,12555062.00
12675,13027575.00
12676,32009564.00
12677,13249512.00
12678,37307996.00
12679,28440752.00
12680,8919490.00
12681,7885988.50
12682,12204367.00
12683,13641048.00
12684,7850790.50
12685,24829028.00
12686,24808472.00
12687,37091540.00
12688,15754184.00
12689,22899700.00
12690,17754374.00
12691,8392194.00
12692,18437540.00
12693,13426364.00
12694,40579080.00
12695,40002108.00
12696,8242371.00
12697,8656974.00
12698,18442160.00
12699,38874496.00
12700,11670909.00
12701,9598959.00
12702,8034196.00
12703,18023234.00
12704,188892144.00
12705,6905792.50
12706,16052244.00
12707,29299246.00
12708,11789408.00
12709,71225832.00
12710,36489252.00
12711,9115742.00
12712,12425722.00
12713,17284638.00
12714,1354240.00
12715,20416614.00
12716,11957414.00
12717,11485169.00
12718,11721172.00
12719,16554339.00
12720,8163422.00
12721,10239036.00
12722,6331207.50
12723,19152124.00
12724,8219350.50
12725,24397456.00
12726,39247076.00
12727,20939780.00
12728,11480745.00
12729,13888579.00
12730,29942616.00
12731,21275276.00
12732,20275294.00
12733,22787916.00
12734,13635212.00
12735,24252958.00
12736,9516428.00
12737,18540516.00
12738,20791518.00
12739,12479512.00
12740,16479185.00
12741,17474280.00
12742,10572057.00
12743,48261944.00
12744,10730138.00
12745,6739119.50
12746,20502644.00
12747,5795766.00
12748,22465978.00
12749,115595032.00
12750,9028832.00
12751,63013836.00
12752,11295814.00
12753,23777054.00
12754,48581756.00
12755,35555424.00
12756,13199396.00
12757,44730444.00
12758,13209487.00
12759,29568020.00
12760,29210716.00
12761,10818778.00
12762,8301961.50
12763,7946877.00
12764,11334290.00
12765,11874566.00
12766,12973216.00
12767,11970616.00
12768,8820272.00
12769,19847130.00
12770,17053038.00
12771,21214552.00
12772,15820582.00
12773,21376580.00
12774,16945772.00
12775,14812986.00
12776,11423564.00
12777,13614147.00
12778,11558680.00
12779,30118080.00
12780,25583242.00
12781,15543537.00
12782,13323718.00
12783,14234300.00
12784,4266389.00
12785,7764007.50
12786,6165022.50
12787,10491148.00
12788,9493404.00
12789,18306852.00
12790,6588163.00
12791,19426922.00
12792,11416104.00
12793,33441392.00
12794,25719148.00
12795,12016270.00
12796,9688320.00
12797,15867491.00
12798,7609224.50
12799,5844515.00
12800,12599468.00
12801,17976404.00
12802,8517351.00
12803,9188892.00
12804,21987028.00
12805,22163072.00
12806,9261747.00
12807,19439248.00
12808,12128997.00
12809,7386829.00
12810,10849229.00
12811,14740498.00
12812,6700824.50
12813,9896434.00
12814,15626740.00
12815,9758146.00
12816,23542582.00
12817,13896896.00
12818,16072581.00
12819,42457740.00
12820,14981947.00
12821,15924343.00
12822,14267706.00
12823,6345390.00
12824,12396806.00
12825,10936742.00
12826,18922126.00
12827,22468506.00
12828,17150568.00
12829,28243828.00
12830,9348792.00
12831,15192340.00
12832,17477382.00
12833,14658568.00
12834,12844365.00
12835,21264716.00
12836,11371447.00
12837,12087800.00
12838,16004040.00
12839,16050296.00
12840,7603102.50
12841,11688115.00
12842,32020532.00
12843,11605972.00
12844,17227028.00
12845,10159538.00
12846,21845596.00
12847,23987596.00
12848,10559416.00
12849,8484148.00
12850,24579948.00
12851,14044914.00
12852,18942314.00
12853,19086468.00
12854,15822198.00
12855,17374234.00
12856,9865929.00
12857,58064976.00
12858,9340186.00
12859,16563450.00
12860,12413247.00
12861,24340230.00
12862,11518705.00
12863,7864251.50
12864,12920113.00
12865,11698458.00
12866,8945018.00
12867,11860477.00
12868,9321038.00
12869,7037427.00
12870,98898320.00
12871,24873856.00
12872,8797246.00
12873,25290234.00
12874,12913085.00
12875,9354342.00
12876,12479647.00
12877,12493431.00
12878,19364520.00
12879,8887156.00
12880,17609578.00
12881,16960394.00
12882,32200634.00
12883,3622066.00
12884,18701712.00
12885,8275357.00
12886,16452867.00
12887,9512410.00
12888,12319195.00
12889,12898908.00
12890,22698612.00
12891,18803676.00
12892,20953428.00
12893,50251764.00
12894,26406996.00
12895,9875861.00
12896,8175358.50
12897,7273975.00
12898,18205494.00
12899,7956380.00
12900,18670724.00
12901,13473958.00
12902,16429802.00
12903,11445524.00
12904,7240036.50
12905,11799717.00
12906,16267715.00
12907,33637864.00
12908,7270608.50
12909,12721004.00
12910,14140422.00
12911,18297938.00
12912,38324280.00
12913,9194812.00
12914,18024756.00
12915,45769924.00
12916,44023200.00
12917,22306060.00
12918,14264640.00
12919,9666278.00
12920,13777700.00
12921,41670416.00
12922,8344925.00
12923,13205466.00
12924,19058364.00
12925,14326865.00
12926,7386628.00
12927,10725602.00
12928,11321073.00
12929,15161074.00
12930,27319482.00
12931,20231038.00
12932,15665507.00
12933,39704292.00
12934,9217650.00
12935,14613884.00
12936,12359037.00
12937,31747796.00
12938,6997337.50
12939,6695344.50
12940,11087352.00
12941,8946504.00
12942,10198046.00
12943,12158602.00
12944,12586134.00
12945,15370746.00
12946,6896332.00
12947,19829312.00
12948,17423096.00
12949,24621190.00
12950,19634664.00
12951,37969796.00
12952,10527744.00
12953,8609188.00
12954,10386383.00
12955,13810356.00
12956,9763172.00
12957,11472989.00
12958,6673869.00
12959,22167650.00
12960,7384645.00
12961,21467218.00
12962,12772806.00
12963,15784207.00
12964,31306572.00
12965,13457821.00
12966,36266764.00
12967,9605418.00
12968,14563782.00
12969,14484276.00
12970,27236504.00
12971,10095706.00
12972,20793238.00
12973,9344798.00
12974,18031346.00
12975,9616286.00
12976,13228369.00
12977,18226670.00
12978,13084700.00
12979,21349490.00
12980,15233147.00
12981,12101786.00
12982,15292940.00
12983,14080744.00
12984,13729338.00
12985,66631644.00
12986,21232238.00
12987,27196276.00
12988,18509600.00
12989,10958780.00
12990,52545772.00
12991,7856715.50
12992,13489804.00
12993,11188986.00
12994,94855312.00
12995,31385278.00
12996,19583908.00
12997,25530132.00
12998,15085738.00
12999,16669251.00
13000,17602046.00
13001,16559478.00
13002,14887187.00
13003,9747636.00
13004,13880460.00
13005,8589383.00
13006,7299161.00
13007,17652238.00
13008,9664740.00
13009,9471877.00
13010,15206057.00
13011,10114896.00
13012,8130849.50
13013,14578813.00
13014,11334290.00
13015,79935968.00
13016,28175258.00
13017,17694346.00
13018,11430582.00
13019,9464686.00
13020,27208936.00
13021,11571423.00
13022,20203720.00
13023,15836790.00
13024,18685118.00
13025,6917936.50
13026,10228188.00
13027,8913680.00
13028,20429920.00
13029,11977354.00
13030,21644538.00
13031,37167800.00
13032,19781240.00
13033,30097370.00
13034,11727471.00
13035,22599412.00
13036,15442737.00
13037,25590370.00
13038,20140466.00
13039,31471416.00
13040,27229648.00
13041,53187992.00
13042,23925830.00
13043,43902744.00
13044,26585944.00
13045,17233248.00
13046,13564104.00
13047,5280180.00
13048,13679149.00
13049,15595776.00
13050,9835372.00
13051,35008128.00
13052,13257612.00
13053,27882136.00
13054,9391368.00
13055,11573821.00
13056,15839476.00
13057,13859105.00
13058,12302636.00
13059,39190528.00
13060,9663031.00
13061,21189164.00
13062,26073222.00
13063,7141304.50
13064,12785211.00
13065,10954853.00
13066,12146900.00
13067,13995021.00
13068,16724424.00
13069,7685417.00
13070,10921448.00
13071,13527695.00
13072,11068717.00
13073,7007982.00
13074,26508088.00
13075,25919592.00
13076,11684842.00
13077,12009044.00
13078,31783900.00
13079,10659270.00
13080,39920996.00
13081,14313245.00
13082,22413702.00
13083,15691939.00
13084,14650003.00
13085,7785258.00
13086,12570854.00
13087,17395670.00
13088,21292510.00
13089,15959404.00
13090,15456562.00
13091,35179676.00
13092,18459344.00
13093,12256668.00
13094,35715048.00
13095,23174640.00
13096,10245790.00
13097,6176096.00
13098,19693310.00
13099,12155462.00
13100,5157884.00
13101,24529254.00
13102,28242224.00
13103,12588882.00
13104,15975404.00
13105,9108043.00
13106,10898652.00
13107,26819646.00
13108,16626797.00
13109,8107320.50
13110,13884947.00
13111,29309480.00
13112,15403853.00
13113,10461097.00
13114,9381334.00
13115,17463062.00
13116,19238646.00
13117,23326120.00
13118,36365388.00
13119,16920758.00
13120,11410627.00
13121,13221041.00
13122,18920694.00
13123,28483220.00
13124,6734159.50
13125,10701905.00
13126,14391727.00
13127,13367530.00
13128,9664470.00
13129,10652992.00
13130,7725833.50
13131,31482514.00
13132,8202230.00
13133,8442316.00
13134,6559969.50
13135,38738184.00
13136,10377230.00
13137,21643560.00
13138,16416538.00
13139,9874337.00
13140,21098136.00
13141,14851901.00
13142,38819564.00
13143,6261927.50
13144,53207932.00
13145,20140680.00
13146,20909860.00
13147,13007153.00
13148,20866828.00
13149,16799598.00
13150,12089152.00
13151,31938566.00
13152,27703124.00
13153,21752540.00
13154,13186309.00
13155,10737112.00
13156,13273996.00
13157,8253233.50
13158,4393087.00
13159,14727963.00
13160,11164654.00
13161,11853978.00
13162,33652984.00
13163,10752960.00
13164,7060168.50
13165,16199203.00
13166,18061050.00
13167,13360081.00
13168,20523426.00
13169,53623044.00
13170,48556732.00
13171,11256100.00
13172,10332986.00
13173,8173248.00
13174,13738545.00
13175,14443418.00
13176,13805266.00
13177,9828072.00
13178,34954608.00
13179,6788785.50
13180,17789186.00
13181,12066476.00
13182,11516204.00
13183,4445934.00
13184,10686823.00
13185,7085921.50
13186,9070430.00
13187,12971931.00
13188,18785748.00
13189,7319793.50
13190,20855580.00
13191,59640692.00
13192,19549564.00
13193,24316596.00
13194,17592630.00
13195,11860374.00
13196,9321038.00
13197,13893388.00
13198,20747504.00
13199,16777566.00
13200,14122212.00
13201,22721780.00
13202,36965140.00
13203,10727840.00
13204,8715038.00
13205,13308890.00
13206,40306156.00
13207,17497044.00
13208,8752728.00
13209,21105370.00
13210,11497455.00
13211,7372705.50
13212,10067070.00
13213,35644804.00
13214,20041300.00
13215,24046878.00
13216,13423186.00
13217,40311684.00
13218,21821812.00
13219,6275916.00
13220,30542512.00
13221,30345068.00
13222,15396471.00
13223,11708195.00
13224,15946391.00
13225,13008881.00
13226,7639636.50
13227,14751886.00
13228,13384899.00
13229,13402191.00
13230,6697063.00
13231,7327564.00
13232,9518514.00
13233,33504400.00
13234,15568826.00
13235,12772479.00
13236,16038682.00
13237,15374340.00
13238,9540986.00
13239,30020108.00
13240,14461181.00
13241,26336576.00
13242,12058333.00
13243,12782620.00
13244,21529350.00
13245,14814778.00
13246,11584378.00
13247,8702268.00
13248,12964015.00
13249,11776870.00
13250,10234856.00
13251,35644000.00
13252,14310947.00
13253,15724805.00
13254,32169352.00
13255,21036324.00
13256,8236689.50
13257,9698041.00
13258,12633760.00
13259,12710977.00
13260,8300996.50
13261,22488724.00
13262,10451273.00
13263,30114768.00
13264,27507620.00
13265,14658700.00
13266,9927744.00
13267,7968674.00
13268,8466042.00
13269,15920972.00
13270,9585055.00
13271,40094740.00
13272,11153105.00
13273,12398332.00
13274,11793821.00
13275,22321844.00
13276,64298508.00
13277,10861932.00
13278,13336417.00
13279,7460111.50
13280,14151965.00
13281,4454307.00
13282,26906624.00
13283,13020632.00
13284,7474317.00
13285,27001602.00
13286,12615269.00
13287,7962391.50
13288,11299580.00
13289,11338996.00
13290,9938798.00
13291,12074619.00
13292,21016582.00
13293,24936204.00
13294,12623043.00
13295,22527536.00
13296,11776813.00
13297,16779006.00
13298,13249512.00
13299,12354341.00
13300,13260403.00
13301,26536696.00
13302,13205327.00
13303,13071323.00
13304,13783523.00
13305,54197308.00
13306,18498626.00
13307,16504178.00
13308,38948688.00
13309,9822242.00
13310,69104328.00
13311,17688070.00
13312,10348874.00
13313,12085553.00
13314,41007648.00
13315,21808542.00
13316,16453839.00
13317,13535116.00
13318,19413294.00
13319,27083184.00
13320,27037352.00
13321,32829652.00
13322,10425035.00
13323,17424818.00
13324,13390771.00
13325,25873256.00
13326,26176202.00
13327,6849624.50
13328,35116552.00
13329,10963918.00
13330,25004892.00
13331,17649216.00
13332,7051178.00
13333,11309135.00
13334,11198373.00
13335,11868622.00
13336,15327357.00
13337,13666323.00
13338,22297560.00
13339,26039384.00
13340,18140578.00
13341,12156020.00
13342,22029912.00
13343,10936742.00
13344,59651180.00
13345,10590169.00
13346,28143166.00
13347,8027738.00
13348,5309082.00
13349,29704890.00
13350,28506572.00
13351,13822742.00
13352,10905833.00
13353,10871169.00
13354,33499300.00
13355,11016210.00
13356,46383228.00
13357,10636596.00
13358,8720216.00
13359,15876072.00
13360,16083182.00
13361,45101748.00
13362,10846371.00
13363,11690208.00
13364,22098888.00
13365,42061872.00
13366,31022680.00
13367,15712413.00
13368,9141368.00
13369,16215418.00
13370,14774483.00
13371,10091238.00
13372,7153408.00
13373,11924602.00
13374,9911630.00
13375,21736308.00
13376,13973952.00
13377,19442420.00
13378,11321798.00
13379,11898030.00
13380,8614602.00
13381,11030180.00
13382,10204800.00
13383,15541873.00
13384,16243183.00
13385,5761450.00
13386,13312357.00
13387,15292087.00
13388,19864896.00
13389,18163090.00
13390,9448986.00
13391,14319726.00
13392,39823368.00
13393,24613352.00
13394,10696766.00
13395,15864218.00
13396,15437600.00
13397,20407698.00
13398,11169362.00
13399,34044332.00
13400,17775228.00
13401,6838957.00
13402,18566538.00
13403,29132664.00
13404,9187860.00
13405,7377124.00
13406,13438541.00
13407,9435683.00
13408,12711635.00
13409,44225260.00
13410,15026781.00
13411,18431944.00
13412,19699106.00
13413,6859923.00
13414,30803462.00
13415,7714954.00
13416,10207975.00
13417,6778614.00
13418,18466384.00
13419,38404104.00
13420,17088974.00
13421,6756730.00
13422,6506732.00
13423,43720616.00
13424,10310198.00
13425,18384064.00
13426,29378508.00
13427,38340360.00
13428,11240236.00
13429,13247756.00
13430,32188044.00
13431,11442573.00
13432,17515048.00
13433,36685804.00
13434,16857476.00
13435,13886052.00
13436,18243564.00
13437,12419697.00
13438,10070354.00
13439,6120924.00
13440,31239032.00
13441,10170682.00
13442,29712476.00
13443,10607646.00
13444,8333012.00
13445,17617598.00
13446,7795659.00
13447,13263817.00
13448,13238939.00
13449,57440152.00
13450,21314448.00
13451,36346824.00
13452,10699304.00
13453,20939312.00
13454,54745456.00
13455,51181196.00
13456,20506782.00
13457,10623648.00
13458,20180398.00
13459,11769393.00
13460,19810194.00
13461,8649220.00
13462,24933236.00
13463,10915727.00
13464,5303952.00
13465,20158444.00
13466,18744590.00
13467,9618413.00
13468,14651574.00
13469,48793304.00
13470,12730881.00
13471,11240397.00
13472,10531547.00
13473,18226542.00
13474,13624444.00
13475,15208694.00
13476,15707517.00
13477,25553208.00
13478,19927282.00
13479,9866149.00
13480,21573358.00
13481,11663077.00
13482,9721598.00
13483,11906108.00
13484,19026486.00
13485,15865523.00
13486,25484632.00
13487,36385472.00
13488,11108805.00
13489,35085768.00
13490,33559188.00
13491,8206327.50
13492,21115884.00
13493,11803660.00
13494,17644880.00
13495,14782162.00
13496,10168692.00
13497,31525328.00
13498,24986040.00
13499,16353358.00
13500,23649600.00
13501,15262940.00
13502,41995280.00
13503,5261819.00
13504,8189061.00
13505,53183792.00
13506,11622799.00
13507,19938396.00
13508,16447887.00
13509,10131890.00
13510,19663842.00
13511,11703325.00
13512,18303346.00
13513,10791434.00
13514,20241680.00
13515,22413480.00
13516,31135642.00
13517,9660143.00
13518,22818444.00
13519,20645192.00
13520,9751078.00
13521,18036340.00
13522,12696227.00
13523,14266097.00
13524,32022296.00
13525,6216210.00
13526,12999348.00
13527,25656862.00
13528,14672009.00
13529,52086448.00
13530,12057324.00
13531,13093411.00
13532,5989948.00
13533,18865274.00
13534,18827784.00
13535,42464336.00
13536,14151965.00
13537,26467032.00
13538,26451320.00
13539,26485658.00
13540,23628746.00
13541,10829440.00
13542,28234860.00
13543,8775822.00
13544,26816098.00
13545,11018511.00
13546,15345367.00
13547,16265476.00
13548,13882505.00
13549,22283600.00
13550,15265606.00
13551,11804237.00
13552,18011854.00
13553,26693126.00
13554,53604036.00
13555,16302778.00
13556,15723155.00
13557,9838090.00
13558,18790626.00
13559,18268324.00
13560,12319195.00
13561,24259856.00
13562,74456368.00
13563,30146394.00
13564,14031355.00
13565,10228240.00
13566,12010072.00
13567,13781706.00
13568,16217132.00
13569,10010801.00
13570,16357903.00
13571,16321400.00
13572,9919394.00
13573,20220534.00
13574,25798236.00
13575,32371476.00
13576,19301104.00
13577,15372166.00
13578,14535613.00
13579,18157180.00
13580,7807161.50
13581,8892000.00
13582,23879394.00
13583,11370035.00
13584,7765959.50
13585,35889324.00
13586,6027385.00
13587,15927964.00
13588,7745294.00
13589,15085738.00
13590,33641664.00
13591,8526738.00
13592,21763528.00
13593,18734754.00
13594,7582223.50
13595,6719453.00
13596,17616512.00
13597,15319002.00
13598,8893568.00
13599,19584058.00
13600,11308145.00
13601,27765074.00
13602,14554365.00
13603,12899171.00
13604,20064138.00
13605,10647203.00
13606,10868602.00
13607,14527267.00
13608,25279034.00
13609,16997840.00
13610,6056029.00
13611,24771016.00
13612,8447748.00
13613,18381904.00
13614,19526246.00
13615,10311656.00
13616,10430168.00
13617,21593862.00
13618,12881597.00
13619,17363562.00
13620,32334984.00
13621,5857395.00
13622,13794849.00
13623,15628207.00
13624,9665230.00
13625,15274529.00
13626,11543613.00
13627,23096616.00
13628,21166182.00
13629,7590646.50
13630,9661394.00
13631,7651610.00
13632,11893564.00
13633,15227496.00
13634,14116744.00
13635,18608332.00
13636,48581908.00
13637,20027440.00
13638,24808596.00
13639,14637690.00
13640,20346708.00
13641,15868134.00
13642,9285550.00
13643,21214564.00
13644,11705144.00
13645,27672162.00
13646,103889384.00
13647,34674124.00
13648,13748317.00
13649,14524842.00
13650,16064860.00
13651,24147210.00
13652,14812077.00
13653,36355036.00
13654,6208558.00
13655,22058906.00
13656,14202808.00
13657,9829149.00
13658,50326540.00
13659,11765573.00
13660,46908624.00
13661,6628196.00
13662,15105516.00
13663,9515377.00
13664,21848600.00
13665,18045874.00
13666,10966691.00
13667,9912804.00
13668,8047369.50
13669,25543370.00
13670,22119848.00
13671,10196056.00
13672,15550492.00
13673,20673934.00
13674,10307308.00
13675,15011386.00
13676,6230394.00
13677,11126908.00
13678,48476192.00
13679,27321240.00
13680,8092569.00
13681,11672099.00
13682,28566248.00
13683,11951924.00
13684,9667184.00
13685,21091476.00
13686,18118888.00
13687,14614982.00
13688,12355884.00
13689,17285604.00
13690,38968756.00
13691,13471162.00
13692,10696858.00
13693,13097085.00
13694,8670722.00
13695,10194554.00
13696,38557888.00
13697,21525668.00
13698,10847244.00
13699,14262077.00
13700,9698142.00
13701,20284660.00
13702,13237985.00
13703,9228342.00
13704,16427740.00
13705,82510616.00
13706,34212652.00
13707,15618221.00
13708,18979508.00
13709,11789251.00
13710,13566459.00
13711,11951340.00
13712,13544928.00
13713,41791792.00
13714,20557148.00
13715,18650262.00
13716,9531670.00
13717,16526906.00
13718,11467194.00
13719,10803054.00
13720,14367807.00
13721,10044049.00
13722,38863912.00
13723,17374894.00
13724,11403574.00
13725,36403580.00
13726,13848826.00
13727,55626548.00
13728,15444316.00
13729,17578500.00
13730,49161216.00
13731,12056138.00
13732,11095517.00
13733,6263789.00
13734,11461626.00
13735,7830951.50
13736,8290553.50
13737,24196908.00
13738,12175118.00
13739,14307462.00
13740,9902799.00
13741,15015416.00
13742,16231293.00
13743,6965389.50
13744,13236996.00
13745,48302920.00
13746,50033284.00
13747,22335480.00
13748,17464284.00
13749,11588804.00
13750,25955948.00
13751,7582300.00
13752,11983005.00
13753,31472496.00
13754,28945674.00
13755,18019428.00
13756,8903864.00
13757,13453699.00
13758,41608480.00
13759,11845960.00
13760,12257260.00
13761,16425012.00
13762,19106480.00
13763,44040880.00
13764,11077108.00
13765,21310936.00
13766,12512584.00
13767,10887348.00
13768,10865427.00
13769,7785514.00
13770,13862062.00
13771,10423404.00
13772,12181083.00
13773,43383668.00
13774,62717224.00
13775,73815800.00
13776,13535860.00
13777,14008868.00
13778,17394064.00
13779,35560356.00
13780,13052026.00
13781,11983713.00
13782,5691458.00
13783,21062990.00
13784,6939826.00
13785,9179040.00
13786,18227584.00
13787,7132410.00
13788,45792952.00
13789,5460417.50
13790,14308680.00
13791,12548317.00
13792,12051574.00
13793,34823880.00
13794,29990092.00
13795,12560906.00
13796,7387638.00
13797,12529242.00
13798,9652202.00
13799,17694686.00
13800,16567619.00
13801,13445870.00
13802,12305866.00
13803,6836370.50
13804,6642411.50
13805,16441467.00
13806,7536574.00
13807,39137472.00
13808,17229468.00
13809,12561908.00
13810,9920088.00
13811,6647723.50
13812,19129854.00
13813,6981769.00
13814,10381470.00
13815,8375395.00
13816,13397833.00
13817,16014566.00
13818,35273316.00
13819,22180248.00
13820,12098898.00
13821,9397236.00
13822,36808588.00
13823,11721349.00
13824,13183260.00
13825,20143612.00
13826,4457309.00
13827,16997988.00
13828,36937152.00
13829,39479648.00
13830,39431392.00
13831,44104360.00
13832,34880300.00
13833,92735416.00
13834,5998217.00
13835,16437432.00
13836,10467730.00
13837,31508016.00
13838,58420824.00
13839,14299794.00
13840,9145990.00
13841,19942750.00
13842,13096513.00
13843,20028592.00
13844,12525233.00
13845,33447942.00
13846,18619622.00
13847,10258793.00
13848,22250746.00
13849,15914181.00
13850,20289240.00
13851,19881984.00
13852,9979458.00
13853,12341612.00
13854,18833328.00
13855,10243226.00
13856,8430765.00
13857,26030662.00
13858,15898660.00
13859,21779322.00
13860,28082164.00
13861,8910372.00
13862,26705052.00
13863,23533050.00
13864,7240196.50
13865,25298176.00
13866,7843534.50
13867,21693108.00
13868,16913984.00
13869,12519119.00
13870,13557763.00
13871,9280958.00
13872,9389526.00
13873,16580060.00
13874,7272136.50
13875,12967444.00
13876,134102672.00
13877,17759510.00
13878,11200020.00
13879,11027456.00
13880,15743716.00
13881,13640404.00
13882,21733324.00
13883,11918995.00
13884,39474300.00
13885,14608531.00
13886,9938950.00
13887,9459692.00
13888,15094810.00
13889,67517984.00
13890,11321681.00
13891,24487060.00
13892,9928964.00
13893,15722717.00
13894,17029224.00
13895,15822817.00
13896,16205245.00
13897,7973517.50
13898,4546960.00
13899,40989456.00
13900,4828012.00
13901,15693007.00
13902,16352690.00
13903,13873983.00
13904,12464532.00
13905,28135110.00
13906,6798880.00
13907,8787739.00
13908,7880034.50
13909,24055622.00
13910,11958413.00
13911,14221814.00
13912,13942244.00
13913,6673553.50
13914,7993295.50
13915,24130444.00
13916,28827244.00
13917,46219616.00
13918,13049153.00
13919,6550855.50
13920,21615704.00
13921,21185248.00
13922,11999107.00
13923,11089568.00
13924,25371548.00
13925,30718312.00
13926,28309658.00
13927,14121644.00
13928,23445278.00
13929,94177120.00
13930,13895378.00
13931,38647948.00
13932,8062538.00
13933,12115162.00
13934,21421034.00
13935,11771688.00
13936,34262888.00
13937,11003087.00
13938,4268836.00
13939,11136818.00
13940,24288300.00
13941,41953280.00
13942,12793562.00
13943,83600888.00
13944,11824658.00
13945,20441228.00
13946,13205299.00
13947,8440606.00
13948,12889830.00
13949,12558488.00
13950,17251220.00
13951,9293872.00
13952,17620422.00
13953,25517196.00
13954,18877370.00
13955,23405294.00
13956,15465284.00
13957,10056167.00
13958,38173788.00
13959,10781632.00
13960,14094356.00
13961,8568352.00
13962,19716500.00
13963,13238056.00
13964,9749918.00
13965,34754728.00
13966,38286032.00
13967,7844778.00
13968,7181648.00
13969,35530348.00
13970,8887156.00
13971,88472440.00
13972,23088072.00
13973,14187380.00
13974,22337392.00
13975,7498741.00
13976,9598490.00
13977,7852332.00
13978,9736027.00
13979,13032157.00
13980,5969670.00
13981,19000952.00
13982,9271022.00
13983,17236648.00
13984,18988446.00
13985,18061046.00
13986,16021070.00
13987,38282444.00
13988,10951855.00
13989,12010660.00
13990,19018080.00
13991,8951340.00
13992,16566301.00
13993,14776617.00
13994,11992178.00
13995,12525423.00
13996,15153495.00
13997,16599503.00
13998,10598663.00
13999,10183828.00
14000,38372884.00
14001,11696270.00
14002,5962473.00
14003,12432442.00
14004,13359283.00
14005,11201565.00
14006,28157232.00
14007,16904758.00
14008,20078584.00
14009,10653912.00
14010,12093498.00
14011,20034056.00
14012,18923318.00
14013,38008440.00
14014,11413268.00
14015,13640404.00
14016,22056832.00
14017,4665313.00
14018,20844022.00
14019,17503372.00
14020,12200088.00
14021,13322173.00
14022,23183288.00
14023,22533932.00
14024,11702962.00
14025,37168172.00
14026,13299796.00
14027,21672676.00
14028,13986365.00
14029,20316410.00
14030,22552612.00
14031,9799744.00
14032,37156916.00
14033,16674898.00
14034,12791228.00
14035,21024410.00
14036,14122947.00
14037,9815028.00
14038,6668646.00
14039,28306084.00
14040,15377298.00
14041,11605786.00
14042,21642200.00
14043,30072816.00
14044,8792111.00
14045,16172778.00
14046,13249512.00
14047,12088581.00
14048,10139766.00
14049,36914732.00
14050,7100410.00
14051,8145090.50
14052,9316652.00
14053,17308098.00
14054,7111465.50
14055,15954639.00
14056,10607646.00
14057,12471878.00
14058,25370344.00
14059,12531494.00
14060,15118612.00
14061,19237240.00
14062,13551781.00
14063,4267041.00
14064,11805245.00
14065,20405574.00
14066,25690216.00
14067,5357964.00
14068,28041996.00
14069,13535598.00
14070,18076768.00
14071,13539242.00
14072,22340560.00
14073,15457492.00
14074,7864141.00
14075,23140056.00
14076,56471484.00
14077,8831704.00
14078,25198188.00
14079,15246472.00
14080,21476116.00
14081,11755310.00
14082,17963124.00
14083,15533210.00
14084,10756204.00
14085,9831344.00
14086,18872778.00
14087,14542345.00
14088,19310322.00
14089,43627836.00
14090,17642414.00
14091,31508922.00
14092,30339732.00
14093,10901398.00
14094,14203526.00
14095,17040332.00
14096,11692036.00
14097,19328502.00
14098,21198900.00
14099,9767138.00
14100,36895284.00
14101,18775544.00
14102,20658052.00
14103,13381171.00
14104,39479648.00
14105,30982736.00
14106,13028129.00
14107,9692550.00
14108,13262668.00
14109,16379149.00
14110,10541498.00
14111,5332187.00
14112,9621214.00
14113,43729000.00
14114,7394473.50
14115,12676234.00
14116,32459572.00
14117,13748873.00
14118,10342460.00
14119,20943480.00
14120,12986456.00
14121,12797624.00
14122,8114971.50
14123,27793254.00
14124,28396628.00
14125,13914008.00
14126,35696696.00
14127,10973463.00
14128,12307197.00
14129,19747000.00
14130,24907980.00
14131,21450296.00
14132,7469218.50
14133,15666900.00
14134,16578904.00
14135,15822172.00
14136,9620996.00
14137,11741661.00
14138,25276876.00
14139,8496062.00
14140,10400354.00
14141,32624524.00
14142,12453402.00
14143,14016742.00
14144,18927320.00
14145,5432967.00
14146,25663440.00
14147,13281632.00
14148,28247404.00
14149,22464780.00
14150,6386938.00
14151,9891616.00
14152,11628499.00
14153,12522717.00
14154,29551910.00
14155,4297196.00
14156,13519329.00
14157,13812849.00
14158,12228374.00
14159,11363011.00
14160,18938664.00
14161,21813704.00
14162,7877152.50
14163,12165875.00
14164,21605434.00
14165,12275775.00
14166,10153056.00
14167,17239664.00
14168,10305481.00
14169,19915894.00
14170,15042840.00
14171,8836168.00
14172,21274208.00
14173,8150782.00
14174,10814401.00
14175,14968614.00
14176,31032930.00
14177,20603322.00
14178,10632918.00
14179,13986621.00
14180,13457821.00
14181,16998330.00
14182,18301526.00
14183,30268892.00
14184,11603992.00
14185,29158198.00
14186,17302312.00
14187,10237470.00
14188,7780726.50
14189,13894150.00
14190,22523596.00
14191,5280180.00
14192,11051537.00
14193,16679875.00
14194,12583588.00
14195,16370280.00
14196,26778112.00
14197,16930364.00
14198,7299006.50
14199,13111756.00
14200,27982674.00
14201,16650339.00
14202,12349603.00
14203,11012925.00
14204,39840228.00
14205,8276994.50
14206,11423997.00
14207,18938880.00
14208,12275775.00
14209,10844925.00
14210,35100112.00
14211,18997788.00
14212,39369620.00
14213,14158810.00
14214,8264897.50
14215,20615940.00
14216,12607058.00
14217,22446964.00
14218,44438328.00
14219,15614575.00
14220,13000914.00
14221,18462596.00
14222,21808776.00
14223,12541924.00
14224,5540283.00
14225,9857203.00
14226,26980440.00
14227,19103260.00
14228,29999692.00
14229,9607963.00
14230,39651400.00
14231,25183808.00
14232,17838046.00
14233,23373496.00
14234,12494234.00
14235,15409556.00
14236,10874996.00
14237,12622830.00
14238,18601294.00
14239,6747655.00
14240,21755728.00
14241,26737050.00
14242,26142598.00
14243,36686568.00
14244,8661284.00
14245,6782641.50
14246,37411584.00
14247,25864152.00
14248,19806376.00
14249,10179650.00
14250,7067405.00
14251,17138278.00
14252,11164708.00
14253,18226670.00
14254,11899608.00
14255,35692668.00
14256,11512063.00
14257,12416552.00
14258,7589578.00
14259,12093193.00
14260,9220903.00
14261,5042028.00
14262,172003520.00
14263,17975842.00
14264,49324196.00
14265,21461336.00
14266,12003588.00
14267,12189955.00
14268,10886381.00
14269,29317140.00
14270,23292486.00
14271,28202626.00
14272,5268432.00
14273,46975804.00
14274,23298294.00
14275,17611516.00
14276,21298186.00
14277,20086054.00
14278,9758132.00
14279,20855986.00
14280,10618700.00
14281,17730094.00
14282,33854424.00
14283,11220577.00
14284,10319152.00
14285,3258087.00
14286,46990332.00
14287,20253340.00
14288,10544888.00
14289,14280424.00
14290,20455286.00
14291,11115434.00
14292,8828934.00
14293,8868834.00
14294,12887909.00
14295,11587866.00
14296,16734332.00
14297,32760024.00
14298,47575244.00
14299,17611516.00
14300,62941708.00
14301,16051858.00
14302,24176638.00
14303,16553985.00
14304,9486088.00
14305,25151892.00
14306,11883700.00
14307,24120302.00
14308,13600893.00
14309,12312224.00
14310,7988656.50
14311,20713176.00
14312,8180808.50
14313,16015526.00
14314,29984476.00
14315,29777786.00
14316,12083127.00
14317,36881324.00
14318,5095329.00
14319,24375764.00
14320,26251792.00
14321,10144418.00
14322,14197962.00
14323,23982016.00
14324,8220055.50
14325,39316504.00
14326,14539325.00
14327,18935876.00
14328,7550441.50
14329,22607162.00
14330,7651783.50
14331,10528940.00
14332,13731634.00
14333,13134002.00
14334,10348030.00
14335,11887471.00
14336,9621723.00
14337,19490478.00
14338,8363278.00
14339,13922284.00
14340,28908724.00
14341,12589908.00
14342,17014232.00
14343,47582660.00
14344,12976640.00
14345,18582522.00
14346,23644846.00
14347,11959242.00
14348,11381620.00
14349,15568703.00
14350,24113338.00
14351,11286098.00
14352,8665853.00
14353,13316532.00
14354,187666432.00
14355,12864155.00
14356,5999477.00
14357,27971838.00
14358,33701608.00
14359,37915112.00
14360,13309428.00
14361,11124300.00
14362,10098527.00
14363,34125056.00
14364,11251305.00
14365,12553052.00
14366,28717978.00
14367,7794883.00
14368,21428658.00
14369,12343916.00
14370,9833701.00
14371,14362678.00
14372,20129630.00
14373,10342445.00
14374,6699037.50
14375,26503572.00
14376,38868900.00
14377,12355082.00
14378,14048379.00
14379,10683654.00
14380,28599092.00
14381,11326388.00
14382,7581069.50
14383,13563200.00
14384,11370892.00
14385,56936260.00
14386,7917702.50
14387,10300214.00
14388,12293258.00
14389,13097509.00
14390,11635826.00
14391,9428825.00
14392,19115314.00
14393,14266401.00
14394,12638203.00
14395,8897104.00
14396,14659459.00
14397,12282086.00
14398,32519984.00
14399,10359394.00
14400,15113197.00
14401,15840292.00
14402,7223238.00
14403,10743519.00
14404,11794303.00
14405,21835302.00
14406,10114282.00
14407,8757567.00
14408,9887314.00
14409,8136829.00
14410,9931294.00
14411,36019056.00
14412,11568146.00
14413,23339520.00
14414,31314714.00
14415,22213310.00
14416,8749153.00
14417,15920753.00
14418,22579932.00
14419,23586808.00
14420,26632780.00
14421,19717998.00
14422,21853314.00
14423,31117890.00
14424,19684238.00
14425,12453489.00
14426,12080810.00
14427,27294164.00
14428,15620852.00
14429,6516993.50
14430,6532843.00
14431,16676893.00
14432,5244791.00
14433,22823848.00
14434,13024225.00
14435,13591105.00
14436,12515684.00
14437,5267375.00
14438,27153006.00
14439,25557084.00
14440,22988938.00
14441,16588390.00
14442,19388240.00
14443,15150179.00
14444,22880000.00
14445,5313014.00
14446,22085108.00
14447,13994698.00
14448,14017398.00
14449,14049746.00
14450,22995170.00
14451,13184709.00
14452,292391840.00
14453,8734586.00
14454,20275000.00
14455,12309408.00
14456,9776436.00
14457,16534552.00
14458,26745948.00
14459,9779161.00
14460,4039797.00
14461,12173036.00
14462,12389083.00
14463,36381948.00
14464,10028258.00
14465,11406936.00
14466,19682482.00
14467,33372912.00
14468,25739422.00
14469,17237174.00
14470,22542174.00
14471,19132024.00
14472,13574374.00
14473,36575504.00
14474,6654624.50
14475,25191962.00
14476,9683676.00
14477,14490345.00
14478,17184350.00
14479,11482447.00
14480,30605736.00
14481,13652741.00
14482,17063564.00
14483,13929446.00
14484,32640292.00
14485,86862240.00
14486,31258472.00
14487,8143003.00
14488,19586194.00
14489,15103470.00
14490,13638248.00
14491,23515248.00
14492,37755856.00
14493,11837462.00
14494,18332376.00
14495,24507758.00
14496,4280533.00
14497,11673135.00
14498,16536308.00
14499,9438363.00
14500,12533784.00
14501,13254019.00
14502,17239526.00
14503,14271354.00
14504,9636612.00
14505,14711871.00
14506,17614824.00
14507,11165066.00
14508,8562335.00
14509,111832472.00
14510,12345594.00
14511,10615704.00
14512,37735988.00
14513,15640780.00
14514,15654140.00
14515,17101026.00
14516,10035135.00
14517,13221133.00
14518,20451206.00
14519,27284828.00
14520,17109620.00
14521,14375462.00
14522,12729103.00
14523,20327084.00
14524,19834394.00
14525,7703272.50
14526,10487283.00
14527,18179348.00
14528,35023344.00
14529,26551900.00
14530,9714554.00
14531,13263060.00
14532,28811084.00
14533,27513820.00
14534,22927920.00
14535,19418646.00
14536,14351314.00
14537,13791965.00
14538,9040804.00
14539,17078872.00
14540,15434708.00
14541,10563371.00
14542,9374946.00
14543,15771049.00
14544,16063400.00
14545,7287595.50
14546,148865744.00
14547,11749078.00
14548,33969044.00
14549,8361831.50
14550,36209180.00
14551,35773012.00
14552,9626652.00
14553,11686459.00
14554,18156416.00
14555,9297022.00
14556,18068472.00
14557,14722915.00
14558,16771204.00
14559,10234274.00
14560,8450658.00
14561,6264654.00
14562,7239851.50
14563,28017850.00
14564,12572508.00
14565,14975453.00
14566,11587634.00
14567,19105800.00
14568,16103261.00
14569,13829339.00
14570,39667700.00
14571,15670103.00
14572,6734393.50
14573,17768772.00
14574,40293280.00
14575,5785879.00
14576,16947838.00
14577,16920406.00
14578,7873335.00
14579,15302392.00
14580,50377084.00
14581,8175588.00
14582,27340278.00
14583,21403490.00
14584,26267740.00
14585,13588091.00
14586,10381131.00
14587,13116366.00
14588,28793308.00
14589,34159836.00
14590,12759165.00
14591,13716417.00
14592,12085251.00
14593,39373404.00
14594,15549425.00
14595,14803633.00
14596,11767661.00
14597,7713965.50
14598,8307354.00
14599,15843924.00
14600,9158716.00
14601,16726758.00
14602,9470047.00
14603,16559590.00
14604,7736708.50
14605,26533404.00
14606,8018000.50
14607,17442722.00
14608,12949523.00
14609,10937082.00
14610,12219814.00
14611,10965740.00
14612,28036294.00
14613,9287800.00
14614,6078121.00
14615,18199296.00
14616,6791385.50
14617,10018486.00
14618,14873364.00
14619,13641038.00
14620,7461623.50
14621,23631404.00
14622,32799796.00
14623,14562301.00
14624,5164594.00
14625,10174832.00
14626,33458908.00
14627,12176049.00
14628,8371344.50
14629,9475106.00
14630,11276302.00
14631,22193378.00
14632,13695064.00
14633,7472133.00
14634,15777012.00
14635,7391159.50
14636,10035231.00
14637,28523650.00
14638,30889058.00
14639,21638726.00
14640,18790012.00
14641,14990435.00
14642,12964987.00
14643,7800290.50
14644,10960960.00
14645,21419202.00
14646,11884471.00
14647,16398203.00
14648,32576924.00
14649,5412969.00
14650,9687544.00
14651,10486630.00
14652,27689432.00
14653,18493508.00
14654,39685612.00
14655,17407692.00
14656,7254077.00
14657,15835204.00
14658,5157976.00
14659,14346753.00
14660,22967028.00
14661,8946294.00
14662,6490478.00
14663,11907549.00
14664,20969684.00
14665,14333001.00
14666,16031395.00
14667,33508208.00
14668,18333494.00
14669,9898636.00
14670,51663172.00
14671,15227496.00
14672,18375682.00
14673,31118556.00
14674,14895864.00
14675,11303900.00
14676,13456159.00
14677,18938302.00
14678,17388064.00
14679,28236578.00
14680,9158716.00
14681,27278632.00
14682,18203420.00
14683,11906363.00
14684,5895812.00
14685,29836392.00
14686,11333795.00
14687,22147732.00
14688,8101386.00
14689,19120500.00
14690,35803612.00
14691,7584062.50
14692,53831344.00
14693,16102618.00
14694,10365412.00
14695,10890372.00
14696,19066280.00
14697,13940041.00
14698,7754025.50
14699,11979683.00
14700,12873021.00
14701,6309070.00
14702,22109912.00
14703,6649866.00
14704,13218866.00
14705,14824189.00
14706,18318636.00
14707,24854272.00
14708,13042995.00
14709,16315508.00
14710,14134316.00
14711,8208286.50
14712,22567636.00
14713,21068714.00
14714,13271528.00
14715,8629402.00
14716,5015152.00
14717,9666028.00
14718,12785242.00
14719,6580699.00
14720,20253732.00
14721,25810860.00
14722,11106816.00
14723,14623516.00
14724,11719795.00
14725,26822820.00
14726,13638106.00
14727,11511960.00
14728,25448712.00
14729,26301808.00
14730,46923660.00
14731,12401874.00
14732,16262506.00
14733,90084744.00
14734,6224320.00
14735,7006864.50
14736,15959072.00
14737,21902616.00
14738,7058483.00
14739,11692124.00
14740,16118097.00
14741,24714764.00
14742,28429696.00
14743,11365114.00
14744,8421196.00
14745,45985628.00
14746,10617426.00
14747,43437660.00
14748,51793280.00
14749,6132311.00
14750,13887958.00
14751,9992698.00
14752,6520558.50
14753,35682144.00
14754,25556236.00
14755,36279784.00
14756,13595613.00
14757,16455732.00
14758,7267079.50
14759,11234769.00
14760,20703776.00
14761,22549684.00
14762,13591105.00
14763,22949396.00
14764,23405988.00
14765,9752276.00
14766,9845086.00
14767,34173728.00
14768,7657573.00
14769,13438541.00
14770,9661054.00
14771,10528480.00
14772,20527896.00
14773,5444053.00
14774,11688472.00
14775,18405850.00
14776,10013957.00
14777,12933958.00
14778,6436750.50
14779,10371008.00
14780,10176262.00
14781,22042352.00
14782,14272908.00
14783,7935550.50
14784,16540920.00
14785,14718419.00
14786,16740312.00
14787,21725660.00
14788,15743924.00
14789,12124900.00
14790,19308062.00
14791,22207056.00
14792,4546330.00
14793,14830478.00
14794,48915024.00
14795,10605030.00
14796,9133039.00
14797,48588868.00
14798,7265074.00
14799,30368548.00
14800,17784336.00
14801,24170810.00
14802,11724640.00
14803,8703533.00
14804,8496457.00
14805,12363878.00
14806,18834620.00
14807,22579124.00
14808,14081777.00
14809,18100882.00
14810,9316532.00
14811,12905404.00
14812,15269965.00
14813,10180025.00
14814,5676676.00
14815,14130578.00
14816,6163678.50
14817,15317434.00
14818,11517946.00
14819,15373251.00
14820,18947772.00
14821,21746796.00
14822,8570532.00
14823,8280088.50
14824,17778466.00
14825,19590304.00
14826,24796102.00
14827,37191424.00
14828,18217478.00
14829,9075256.00
14830,11694970.00
14831,29046348.00
14832,15792723.00
14833,10144690.00
14834,9456012.00
14835,16602209.00
14836,17047874.00
14837,23354950.00
14838,15711078.00
14839,53545020.00
14840,14418717.00
14841,22752798.00
14842,5551777.50
14843,16311205.00
14844,27689292.00
14845,13826493.00
14846,16779674.00
14847,13294348.00
14848,18385544.00
14849,10873450.00
14850,90872896.00
14851,28651258.00
14852,16642737.00
14853,27188362.00
14854,12130051.00
14855,11316488.00
14856,12017238.00
14857,14178353.00
14858,10180025.00
14859,9674320.00
14860,10507862.00
14861,20925646.00
14862,25544372.00
14863,27343952.00
14864,8752354.00
14865,14399581.00
14866,16170255.00
14867,17674130.00
14868,7435473.50
14869,9741625.00
14870,11225850.00
14871,22428974.00
14872,25724328.00
14873,29769740.00
14874,54944680.00
14875,23193964.00
14876,10517993.00
14877,7375734.00
14878,32318800.00
14879,17859568.00
14880,16249957.00
14881,15289775.00
14882,16036982.00
14883,22390196.00
14884,14151965.00
14885,6641904.00
14886,13633457.00
14887,23155080.00
14888,12779962.00
14889,4492270.00
14890,47574732.00
14891,11676712.00
14892,23145684.00
14893,11860477.00
14894,14182694.00
14895,25910144.00
14896,22383908.00
14897,7570685.50
14898,38642604.00
14899,15989009.00
14900,14114812.00
14901,7732903.50
14902,17525122.00
14903,11654639.00
14904,20157018.00
14905,5848167.00
14906,12188709.00
14907,16395899.00
14908,9392746.00
14909,20544386.00
14910,11255672.00
14911,6573333.00
14912,16420653.00
14913,9293818.00
14914,6992649.00
14915,15163995.00
14916,15609439.00
14917,16638858.00
14918,6136576.00
14919,11589235.00
14920,20837948.00
14921,9157536.00
14922,20369676.00
14923,24134620.00
14924,9840326.00
14925,24550874.00
14926,11960402.00
14927,7760897.50
14928,20685456.00
14929,15018834.00
14930,5200455.00
14931,23578304.00
14932,13307942.00
14933,7502308.00
14934,20617400.00
14935,18441232.00
14936,9622310.00
14937,13200404.00
14938,27250648.00
14939,38882616.00
14940,11916659.00
14941,18001234.00
14942,47991916.00
14943,19436012.00
14944,18848556.00
14945,25393288.00
14946,10490270.00
14947,16546834.00
14948,19671718.00
14949,13560445.00
14950,9136285.00
14951,24452596.00
14952,12372246.00
14953,18105738.00
14954,10327952.00
14955,12730881.00
14956,22272588.00
14957,12745268.00
14958,195914560.00
14959,18753884.00
14960,26787444.00
14961,21786980.00
14962,18378924.00
14963,13085736.00
14964,22126690.00
14965,16258148.00
14966,14277441.00
14967,11520138.00
14968,20233716.00
14969,3493224.00
14970,13053612.00
14971,12751919.00
14972,12723953.00
14973,17587548.00
14974,5994265.00
14975,14067154.00
14976,13545812.00
14977,24480454.00
14978,13845051.00
14979,9112334.00
14980,82057608.00
14981,32078108.00
14982,8779186.00
14983,27899996.00
14984,11673462.00
14985,17049850.00
14986,8195005.00
14987,10409499.00
14988,14974732.00
14989,12295958.00
14990,11210801.00
14991,20634696.00
14992,32339912.00
14993,11828063.00
14994,9876240.00
14995,19845846.00
14996,6110446.00
14997,13297261.00
14998,19335492.00
14999,32244382.00
15000,21080586.00
15001,11517946.00
15002,12289292.00
15003,27570452.00
15004,25882978.00
15005,11550860.00
15006,51398552.00
15007,19086510.00
15008,8647276.00
15009,41553420.00
15010,15224716.00
15011,46322592.00
15012,13533576.00
15013,22131560.00
15014,15404954.00
15015,14529833.00
15016,18816986.00
15017,17112764.00
15018,9516428.00
15019,22786608.00
15020,14031041.00
15021,34489076.00
15022,49197928.00
15023,15966572.00
15024,20986304.00
15025,16809104.00
15026,8763838.00
15027,28419664.00
15028,8170180.00
15029,22531228.00
15030,8980629.00
15031,11482785.00
15032,14234600.00
15033,12376504.00
15034,9207098.00
15035,9209346.00
15036,38222264.00
15037,7101878.00
15038,11871675.00
15039,11248832.00
15040,11387384.00
15041,69801176.00
15042,13835360.00
15043,10654319.00
15044,12206903.00
15045,7004595.00
15046,52351560.00
15047,16801318.00
15048,21498682.00
15049,13860795.00
15050,13294348.00
15051,5205434.00
15052,8701170.00
15053,30993032.00
15054,11989416.00
15055,17397830.00
15056,15456180.00
15057,29363036.00
15058,17825770.00
15059,10879194.00
15060,21318976.00
15061,11638653.00
15062,13222052.00
15063,14317780.00
15064,7896404.50
15065,12075835.00
15066,15158947.00
15067,23116848.00
15068,10268657.00
15069,8192619.00
15070,30763462.00
15071,14560228.00
15072,41535168.00
15073,6891173.00
15074,25057324.00
15075,11422680.00
15076,24634064.00
15077,9621482.00
15078,12853772.00
15079,20089700.00
15080,15590291.00
15081,6398020.00
15082,15966894.00
15083,8197160.50
15084,40353192.00
15085,32392640.00
15086,14168489.00
15087,23912368.00
15088,22923928.00
15089,14298248.00
15090,6062209.50
15091,31468584.00
15092,25522188.00
15093,12872133.00
15094,12816068.00
15095,13090163.00
15096,13586703.00
15097,13072876.00
15098,14054403.00
15099,10631806.00
15100,13289148.00
15101,7468688.50
15102,18735866.00
15103,9626652.00
15104,16097425.00
15105,15861184.00
15106,6583866.00
15107,30908684.00
15108,7453068.00
15109,11665021.00
15110,61519940.00
15111,46704224.00
15112,29162978.00
15113,12451357.00
15114,10880470.00
15115,11609731.00
15116,7780901.00
15117,21817062.00
15118,18352956.00
15119,14289175.00
15120,21311598.00
15121,14435436.00
15122,32377160.00
15123,51940400.00
15124,12455212.00
15125,22982904.00
15126,11399634.00
15127,23612244.00
15128,23614086.00
15129,35675128.00
15130,11020150.00
15131,14598185.00
15132,10875548.00
15133,14185585.00
15134,18046412.00
15135,14874591.00
15136,23933456.00
15137,34077056.00
15138,7782944.00
15139,9534483.00
15140,10621128.00
15141,11705144.00
15142,8071984.00
15143,12364220.00
15144,8275617.50
15145,45104744.00
15146,9102235.00
15147,25756520.00
15148,9074784.00
15149,13447671.00
15150,18654796.00
15151,22217624.00
15152,7395421.50
15153,13793764.00
15154,29697416.00
15155,29280442.00
15156,12928248.00
15157,14215351.00
15158,88556296.00
15159,17106956.00
15160,13647628.00
15161,6529297.50
15162,104512632.00
15163,38189288.00
15164,19923452.00
15165,6410414.50
15166,10783112.00
15167,28074124.00
15168,31726804.00
15169,5987255.00
15170,12234447.00
15171,7427757.00
15172,6078610.00
15173,12717716.00
15174,19493348.00
15175,13244005.00
15176,11030180.00
15177,5272164.00
15178,9893682.00
15179,8913438.00
15180,30763820.00
15181,22655716.00
15182,6339702.00
15183,30441848.00
15184,11788678.00
15185,12749920.00
15186,9606074.00
15187,29301144.00
15188,24729968.00
15189,11509292.00
15190,28320076.00
15191,11501144.00
15192,25310180.00
15193,18067342.00
15194,14531715.00
15195,9781968.00
15196,19205176.00
15197,8734196.00
15198,13511971.00
15199,29962496.00
15200,22410892.00
15201,37058924.00
15202,16331480.00
15203,26768586.00
15204,9133883.00
15205,11183548.00
15206,13832755.00
15207,5126350.00
15208,17562182.00
15209,6948739.00
15210,20191152.00
15211,12192091.00
15212,4246381.00
15213,22334392.00
15214,33789480.00
15215,16937126.00
15216,20027608.00
15217,8807182.00
15218,26515432.00
15219,13713181.00
15220,17976404.00
15221,11907389.00
15222,12630208.00
15223,20893236.00
15224,9323099.00
15225,21536804.00
15226,11777562.00
15227,9522278.00
15228,8218168.50
15229,8533903.00
15230,23687768.00
15231,13764239.00
15232,11079228.00
15233,27375068.00
15234,63288188.00
15235,18512430.00
15236,28216778.00
15237,84349584.00
15238,15869576.00
15239,13666984.00
15240,13078734.00
15241,23119012.00
15242,34052300.00
15243,9344540.00
15244,25938490.00
15245,8887927.00
15246,9526511.00
15247,9313022.00
15248,24060024.00
15249,14176678.00
15250,13843873.00
15251,15609987.00
15252,33342592.00
15253,10595847.00
15254,17798984.00
15255,28783432.00
15256,9235072.00
15257,12468161.00
15258,11586710.00
15259,8241085.00
15260,42816600.00
15261,12511684.00
15262,11148815.00
15263,52059188.00
15264,31555468.00
15265,18383118.00
15266,21169584.00
15267,13830678.00
15268,20216138.00
15269,70467312.00
15270,26105580.00
15271,9799744.00
15272,25139276.00
15273,8558436.00
15274,49145124.00
15275,10801341.00
15276,11220460.00
15277,20634862.00
15278,8758556.00
15279,24612684.00
15280,11474536.00
15281,32014534.00
15282,25618310.00
15283,10728666.00
15284,10811512.00
15285,7354818.50
15286,7295072.00
15287,6747925.00
15288,19693750.00
15289,10001110.00
15290,15826395.00
15291,26162790.00
15292,50974900.00
15293,44865664.00
15294,13638186.00
15295,35511164.00
15296,16912312.00
15297,8682266.00
15298,14481175.00
15299,15372681.00
15300,14393482.00
15301,13743151.00
15302,13127630.00
15303,23553670.00
15304,25595916.00
15305,8915762.00
15306,12718426.00
15307,15577556.00
15308,12274938.00
15309,39415676.00
15310,25233128.00
15311,37493656.00
15312,4623682.00
15313,25699116.00
15314,42372184.00
15315,17047192.00
15316,10170534.00
15317,12951840.00
15318,39204096.00
15319,9976294.00
15320,11842519.00
15321,6627486.50
15322,13259342.00
15323,9632390.00
15324,22534168.00
15325,9588492.00
15326,13374915.00
15327,12518609.00
15328,32018676.00
15329,17092416.00
15330,27123594.00
15331,28292806.00
15332,11169574.00
15333,10006373.00
15334,27145492.00
15335,13506624.00
15336,11604166.00
15337,55691060.00
15338,16143628.00
15339,10546224.00
15340,24691668.00
15341,10356438.00
15342,11368648.00
15343,28858864.00
15344,22139392.00
15345,25731164.00
15346,17206496.00
15347,5492017.50
15348,10437667.00
15349,32352136.00
15350,12239743.00
15351,10471185.00
15352,53575956.00
15353,28870956.00
15354,13967724.00
15355,16188372.00
15356,10973635.00
15357,47872696.00
15358,37817180.00
15359,10320044.00
15360,22043322.00
15361,27402164.00
15362,16795436.00
15363,24353754.00
15364,19505934.00
15365,8401414.00
15366,6855829.00
15367,35876468.00
15368,16372276.00
15369,17656460.00
15370,21311598.00
15371,21811560.00
15372,9887823.00
15373,10841772.00
15374,21685130.00
15375,19404516.00
15376,17304180.00
15377,41379676.00
15378,20976144.00
15379,12184584.00
15380,19973988.00
15381,14918758.00
15382,19508076.00
15383,10650986.00
15384,16541687.00
15385,9313918.00
15386,12784562.00
15387,14207700.00
15388,12027128.00
15389,16275683.00
15390,29637122.00
15391,23094526.00
15392,7252942.50
15393,12079087.00
15394,11702220.00
15395,24276666.00
15396,17840162.00
15397,12254202.00
15398,8973666.00
15399,20191152.00
15400,22096762.00
15401,16218124.00
15402,10957786.00
15403,25020168.00
15404,21785082.00
15405,7355736.50
15406,18278424.00
15407,11298950.00
15408,8901328.00
15409,10610258.00
15410,12488787.00
15411,29011230.00
15412,7442645.00
15413,15133603.00
15414,26388300.00
15415,7354712.50
15416,10382163.00
15417,17231868.00
15418,6585357.00
15419,43315752.00
15420,14015948.00
15421,13704256.00
15422,8571125.00
15423,6987841.50
15424,23815454.00
15425,8899774.00
15426,26057672.00
15427,9942208.00
15428,17688632.00
15429,19312256.00
15430,29930870.00
15431,9990307.00
15432,11973774.00
15433,25833736.00
15434,16623380.00
15435,22264094.00
15436,22114754.00
15437,13863686.00
15438,13880547.00
15439,11879946.00
15440,18149238.00
15441,8163053.00
15442,19512174.00
15443,14035852.00
15444,14191798.00
15445,9772122.00
15446,23533050.00
15447,12258074.00
15448,10032131.00
15449,12889569.00
15450,7061504.00
15451,15040817.00
15452,9657180.00
15453,18351810.00
15454,21045752.00
15455,24807156.00
15456,33284656.00
15457,10386383.00
15458,16093556.00
15459,8930800.00
15460,53722356.00
15461,12220321.00
15462,13391148.00
15463,22665972.00
15464,16950192.00
15465,7589578.00
15466,5159091.00
15467,4000386.00
15468,12016352.00
15469,11632223.00
15470,12269441.00
15471,10286526.00
15472,16909244.00
15473,13252980.00
15474,13673801.00
15475,10180381.00
15476,11231050.00
15477,13083194.00
15478,14240300.00
15479,26016456.00
15480,21270590.00
15481,15954348.00
15482,7931634.50
15483,10037763.00
15484,7381201.50
15485,25131316.00
15486,33175828.00
15487,8626514.00
15488,6047529.00
15489,38193672.00
15490,13650893.00
15491,20268832.00
15492,13468197.00
15493,12279082.00
15494,18135784.00
15495,25554192.00
15496,17674130.00
15497,13932634.00
15498,14110079.00
15499,11692760.00
15500,12829249.00
15501,11428984.00
15502,9598401.00
15503,12541772.00
15504,30367546.00
15505,16420364.00
15506,12994031.00
15507,9886030.00
15508,7250953.50
15509,18936374.00
15510,17484120.00
15511,14186757.00
15512,23004840.00
15513,32886150.00
15514,25449022.00
15515,11035139.00
15516,6585854.50
15517,13591590.00
15518,16803450.00
15519,17495580.00
15520,11603442.00
15521,16814682.00
15522,5990695.50
15523,12870313.00
15524,22410378.00
15525,14489624.00
15526,34327908.00
15527,7616861.00
15528,25372288.00
15529,46591604.00
15530,18005272.00
15531,40663504.00
15532,5051060.00
15533,5406823.50
15534,9462702.00
15535,7369225.50
15536,19718218.00
15537,14530423.00
15538,24350152.00
15539,8228692.50
15540,21029614.00
15541,14654460.00
15542,34383440.00
15543,25265304.00
15544,21299338.00
15545,9826978.00
15546,13581494.00
15547,10826650.00
15548,15819610.00
15549,36664268.00
15550,28407926.00
15551,36769956.00
15552,23380902.00
15553,6058682.00
15554,15094810.00
15555,28962798.00
15556,15932157.00
15557,7389111.50
15558,11487404.00
15559,10834888.00
15560,17559896.00
15561,13190254.00
15562,13302324.00
15563,10419898.00
15564,16908636.00
15565,8750486.00
15566,12763292.00
15567,16838358.00
15568,15450031.00
15569,14664036.00
15570,4442273.00
15571,34338648.00
15572,22650734.00
15573,19021616.00
15574,14822377.00
15575,18710564.00
15576,8934751.00
15577,8866097.00
15578,12466254.00
15579,6504725.00
15580,19255498.00
15581,9893682.00
15582,22061992.00
15583,12966222.00
15584,23253912.00
15585,16178143.00
15586,15660160.00
15587,45208708.00
15588,12230254.00
15589,14562022.00
15590,10447187.00
15591,6244555.00
15592,8341617.50
15593,14664561.00
15594,107903096.00
15595,18471208.00
15596,12671932.00
15597,8452904.00
15598,11238012.00
15599,25203280.00
15600,10613499.00
15601,9673829.00
15602,34241228.00
15603,9872899.00
15604,23927064.00
15605,6017858.00
15606,19287794.00
15607,19613342.00
15608,27425036.00
15609,18687294.00
15610,10794107.00
15611,6096613.00
15612,13335647.00
15613,2721825.00
15614,6869534.50
15615,10480698.00
15616,20684850.00
15617,13981806.00
15618,22610274.00
15619,8075412.00
15620,9323624.00
15621,22927652.00
15622,11643580.00
15623,6673091.00
15624,29944924.00
15625,12722714.00
15626,12231363.00
15627,27343952.00
15628,7133251.00
15629,11645879.00
15630,21226282.00
15631,17387344.00
15632,15154143.00
15633,25685428.00
15634,26284702.00
15635,16335369.00
15636,10234016.00
15637,21348024.00
15638,7339501.00
15639,16353810.00
15640,6652406.00
15641,24745152.00
15642,30653276.00
15643,38986852.00
15644,33415440.00
15645,9554260.00
15646,6364550.00
15647,5536642.00
15648,17529134.00
15649,5574211.00
15650,29452920.00
15651,22793784.00
15652,25797224.00
15653,18494508.00
15654,15108218.00
15655,10589290.00
15656,33460260.00
15657,40058024.00
15658,7277219.00
15659,10385624.00
15660,7713664.00
15661,11072576.00
15662,24869084.00
15663,8290331.00
15664,7606134.00
15665,13874202.00
15666,10074213.00
15667,11369772.00
15668,19038312.00
15669,11036072.00
15670,10814740.00
15671,20278258.00
15672,7714813.50
15673,25156872.00
15674,7915719.50
15675,7885988.50
15676,6218754.00
15677,21971500.00
15678,33340998.00
15679,33745776.00
15680,19026768.00
15681,6098592.00
15682,30562060.00
15683,12988424.00
15684,11902127.00
15685,10519598.00
15686,13807974.00
15687,9978631.00
15688,10010471.00
15689,14345777.00
15690,5746584.50
15691,16947084.00
15692,10899720.00
15693,11962362.00
15694,22377496.00
15695,11785266.00
15696,11349091.00
15697,22700180.00
15698,10363694.00
15699,21565704.00
15700,28348664.00
15701,102067432.00
15702,21177168.00
15703,15427930.00
15704,11004029.00
15705,15464966.00
15706,22472456.00
15707,25892340.00
15708,20721502.00
15709,11749632.00
15710,27165324.00
15711,22922614.00
15712,26904428.00
15713,20353126.00
15714,19673840.00
15715,7955693.00
15716,12245349.00
15717,41551824.00
15718,19948456.00
15719,17926992.00
15720,19886118.00
15721,12974534.00
15722,69753336.00
15723,5888676.00
15724,14229882.00
15725,10138608.00
15726,29438622.00
15727,17222560.00
15728,88025568.00
15729,21534744.00
15730,9582350.00
15731,9610478.00
15732,10371662.00
15733,11606900.00
15734,10773386.00
15735,27719046.00
15736,15894889.00
15737,9102235.00
15738,18783292.00
15739,13938792.00
15740,18916336.00
15741,16824260.00
15742,7929121.50
15743,10431204.00
15744,12290380.00
15745,21553850.00
15746,13202877.00
15747,24976504.00
15748,17064222.00
15749,8557096.00
15750,18984214.00
15751,13648013.00
15752,20996652.00
15753,13327837.00
15754,18151912.00
15755,12053288.00
15756,9234555.00
15757,37795372.00
15758,8584010.00
15759,13867459.00
15760,27439540.00
15761,59491640.00
15762,18544320.00
15763,21659834.00
15764,13135885.00
15765,15176411.00
15766,18872778.00
15767,4617626.00
15768,20974644.00
15769,12065679.00
15770,15261541.00
15771,3722185.00
15772,20160058.00
15773,6244602.00
15774,22291968.00
15775,134306528.00
15776,18774930.00
15777,35666788.00
15778,6937259.00
15779,5344595.00
15780,9490038.00
15781,4622220.00
15782,17825238.00
15783,9206666.00
15784,20131350.00
15785,14848916.00
15786,26904364.00
15787,10718282.00
15788,32213498.00
15789,73481864.00
15790,69554768.00
15791,15787657.00
15792,24320168.00
15793,17547194.00
15794,23823798.00
15795,8479993.00
15796,23419074.00
15797,37450612.00
15798,8512582.00
15799,18107194.00
15800,47828560.00
15801,8366653.00
15802,11194981.00
15803,19681344.00
15804,17056198.00
15805,21514094.00
15806,12586796.00
15807,15706227.00
15808,30146238.00
15809,16229286.00
15810,10188088.00
15811,19678034.00
15812,10634907.00
15813,28453208.00
15814,12105426.00
15815,14723540.00
15816,33774276.00
15817,16240835.00
15818,19729516.00
15819,17763692.00
15820,10978423.00
15821,10400837.00
15822,18851284.00
15823,21915706.00
15824,7657917.50
15825,12609940.00
15826,9677216.00
15827,8914793.00
15828,9024798.00
15829,8674826.00
15830,11939016.00
15831,8883125.00
15832,18589738.00
15833,9839734.00
15834,8924726.00
15835,34449864.00
15836,27117484.00
15837,22043846.00
15838,16056783.00
15839,31353808.00
15840,12691194.00
15841,18687052.00
15842,10345950.00
15843,17905182.00
15844,7692799.50
15845,18839410.00
15846,9732200.00
15847,16265268.00
15848,9351497.00
15849,11007308.00
15850,11200320.00
15851,17644132.00
15852,25683760.00
15853,21884440.00
15854,13865388.00
15855,17252180.00
15856,12734039.00
15857,15854687.00
15858,17772290.00
15859,42319128.00
15860,11920029.00
15861,12929681.00
15862,20664640.00
15863,17614480.00
15864,14932808.00
15865,41177800.00
15866,13413486.00
15867,23253376.00
15868,9496054.00
15869,20838392.00
15870,14592154.00
15871,37576276.00
15872,15416339.00
15873,14960948.00
15874,18055486.00
15875,22727656.00
15876,25299052.00
15877,10824783.00
15878,22858822.00
15879,38212588.00
15880,7514587.00
15881,16587336.00
15882,20618626.00
15883,18114382.00
15884,11911075.00
15885,12184539.00
15886,23640164.00
15887,13392954.00
15888,9973658.00
15889,13132221.00
15890,27497560.00
15891,14056261.00
15892,7877790.50
15893,27782380.00
15894,13806225.00
15895,6751764.00
15896,29826344.00
15897,20363980.00
15898,15056040.00
15899,9569984.00
15900,23919116.00
15901,11610380.00
15902,30781660.00
15903,15089091.00
15904,17495698.00
15905,5351117.00
15906,14089085.00
15907,10518179.00
15908,49592428.00
15909,23548188.00
15910,8191733.00
15911,15680260.00
15912,11006674.00
15913,18738862.00
15914,26595992.00
15915,18458270.00
15916,24795898.00
15917,36589424.00
15918,18283384.00
15919,37856320.00
15920,6663555.00
15921,18683060.00
15922,3625361.00
15923,7349001.00
15924,6503772.00
15925,20905184.00
15926,22230216.00
15927,9085124.00
15928,13335846.00
15929,30077100.00
15930,11125818.00
15931,18474710.00
15932,11643580.00
15933,38847844.00
15934,9424458.00
15935,24940562.00
15936,46615100.00
15937,22542090.00
15938,6931232.50
15939,15094810.00
15940,8725154.00
15941,82365328.00
15942,15052655.00
15943,25427372.00
15944,14930399.00
15945,33217158.00
15946,14633597.00
15947,20389860.00
15948,19854952.00
15949,27868936.00
15950,18399008.00
15951,13310909.00
15952,65112216.00
15953,22335480.00
15954,47429260.00
15955,11821946.00
15956,10358140.00
15957,19920444.00
15958,29733452.00
15959,11183759.00
15960,16532820.00
15961,19596514.00
15962,17605256.00
15963,16421535.00
15964,12683624.00
15965,16500489.00
15966,13163433.00
15967,23124396.00
15968,7935026.50
15969,9228526.00
15970,11657649.00
15971,5945042.00
15972,10965567.00
15973,11543613.00
15974,21684388.00
15975,8528745.00
15976,11944253.00
15977,22321844.00
15978,20109558.00
15979,21493274.00
15980,11706788.00
15981,14016891.00
15982,12995279.00
15983,21554810.00
15984,29421584.00
15985,13575754.00
15986,21891288.00
15987,29178216.00
15988,3800165.00
15989,8978043.00
15990,12719892.00
15991,8700342.00
15992,16116653.00
15993,6691990.50
15994,25615800.00
15995,14217807.00
15996,26880488.00
15997,11012758.00
15998,9743540.00
15999,24927494.00
16000,16126253.00
16001,6085500.00
16002,19690754.00
16003,8213876.00
16004,7918196.50
16005,51922060.00
16006,11541554.00
16007,15787668.00
16008,20991860.00
16009,40639520.00
16010,27111800.00
16011,17358440.00
16012,12000325.00
16013,24565580.00
16014,7993639.00
16015,16458438.00
16016,26151768.00
16017,17227570.00
16018,35561232.00
16019,14732215.00
16020,14647487.00
16021,25797916.00
16022,9178282.00
16023,33840844.00
16024,9797789.00
16025,39077720.00
16026,17872608.00
16027,10199474.00
16028,13979724.00
16029,18002842.00
16030,10519656.00
16031,10477618.00
16032,11381277.00
16033,27400136.00
16034,11768951.00
16035,9660658.00
16036,20359576.00
16037,20232634.00
16038,15319608.00
16039,13552403.00
16040,43921432.00
16041,14778094.00
16042,14410362.00
16043,14799973.00
16044,16910564.00
16045,29543824.00
16046,16805196.00
16047,28607244.00
16048,8657164.00
16049,11494051.00
16050,14633007.00
16051,44247276.00
16052,13896618.00
16053,9664326.00
16054,27459298.00
16055,41446932.00
16056,7567206.50
16057,17895662.00
16058,90562840.00
16059,30564706.00
16060,12840803.00
16061,14137386.00
16062,19384552.00
16063,12145398.00
16064,13758012.00
16065,20755898.00
16066,14187114.00
16067,4861488.00
16068,19294850.00
16069,13390248.00
16070,16623142.00
16071,18103752.00
16072,27200020.00
16073,14915215.00
16074,11108353.00
16075,39471624.00
16076,14602970.00
16077,10939764.00
16078,19157192.00
16079,27949038.00
16080,6511719.50
16081,35821176.00
16082,12368428.00
16083,20509376.00
16084,4861234.00
16085,37135080.00
16086,16554048.00
16087,23314004.00
16088,39376580.00
16089,15653791.00
16090,8841056.00
16091,13071439.00
16092,20214942.00
16093,27639472.00
16094,7555933.00
16095,13878438.00
16096,11566732.00
16097,9078772.00
16098,10655204.00
16099,44864884.00
16100,11601723.00
16101,16382204.00
16102,7824933.00
16103,22262876.00
16104,8240032.50
16105,14431604.00
16106,9087840.00
16107,15982280.00
16108,13068038.00
16109,17883074.00
16110,8133300.50
16111,10411285.00
16112,17189280.00
16113,10247652.00
16114,12599021.00
16115,9996740.00
16116,9358294.00
16117,11957882.00
16118,19436186.00
16119,11123677.00
16120,33915812.00
16121,6494821.00
16122,21913368.00
16123,10366668.00
16124,47787600.00
16125,32038244.00
16126,10014026.00
16127,14031987.00
16128,11723245.00
16129,11305888.00
16130,13283026.00
16131,10840716.00
16132,11274420.00
16133,6481468.00
16134,18192626.00
16135,10591324.00
16136,10805379.00
16137,22968308.00
16138,6818253.00
16139,9338516.00
16140,6999195.50
16141,22012888.00
16142,16276124.00
16143,5189797.00
16144,11035364.00
16145,44233636.00
16146,10834036.00
16147,24007280.00
16148,25822932.00
16149,13140406.00
16150,25607636.00
16151,40932212.00
16152,9346834.00
16153,21542330.00
16154,11232855.00
16155,10545942.00
16156,20609520.00
16157,10985384.00
16158,40596976.00
16159,6110362.00
16160,56992444.00
16161,9597210.00
16162,14676042.00
16163,10121038.00
16164,19557330.00
16165,7700913.50
16166,18945310.00
16167,10196804.00
16168,15971241.00
16169,11494502.00
16170,14180456.00
16171,9105241.00
16172,16715553.00
16173,9778788.00
16174,15185574.00
16175,4588548.00
16176,9179549.00
16177,16146984.00
16178,9322312.00
16179,15231398.00
16180,33064290.00
16181,6118403.00
16182,42861900.00
16183,18841970.00
16184,10693280.00
16185,31828872.00
16186,22306864.00
16187,8718678.00
16188,20275000.00
16189,8925198.00
16190,28173322.00
16191,6819126.00
16192,19737392.00
16193,13323301.00
16194,8022994.00
16195,9260691.00
16196,12966413.00
16197,14060051.00
16198,19293856.00
16199,18412984.00
16200,17915318.00
16201,18006422.00
16202,12409628.00
16203,7635087.50
16204,23419532.00
16205,10518179.00
16206,46000884.00
16207,16579709.00
16208,19915536.00
16209,19833440.00
16210,41296232.00
16211,32676276.00
16212,11767492.00
16213,6379462.00
16214,19181286.00
16215,28311266.00
16216,16873292.00
16217,11162191.00
16218,12676815.00
16219,12883716.00
16220,11845370.00
16221,9199814.00
16222,20295580.00
16223,13251395.00
16224,7002701.50
16225,13085332.00
16226,6930645.00
16227,20477278.00
16228,14666684.00
16229,17981568.00
16230,17194360.00
16231,9301098.00
16232,26908324.00
16233,26827512.00
16234,11610132.00
16235,7237698.50
16236,14233751.00
16237,16917340.00
16238,20410884.00
16239,6054426.00
16240,11775578.00
16241,20710340.00
16242,8552338.00
16243,49944544.00
16244,6643939.00
16245,13564504.00
16246,11172630.00
16247,13046856.00
16248,15479924.00
16249,18892544.00
16250,12254634.00
16251,17365782.00
16252,11502760.00
16253,7857363.00
16254,10053681.00
16255,21099394.00
16256,46650308.00
16257,12770868.00
16258,20018912.00
16259,15473929.00
16260,8653213.00
16261,7858965.00
16262,134520272.00
16263,18239684.00
16264,27881442.00
16265,7621230.50
16266,12261765.00
16267,26306102.00
16268,14622230.00
16269,47814784.00
16270,6028121.00
16271,13358029.00
16272,7735203.00
16273,6826691.00
16274,11694723.00
16275,6795829.00
16276,10472534.00
16277,9744392.00
16278,27361052.00
16279,10940262.00
16280,7526003.00
16281,11994414.00
16282,16991496.00
16283,8822193.00
16284,12118129.00
16285,21974694.00
16286,28412744.00
16287,21288370.00
16288,11650575.00
16289,17617150.00
16290,15372681.00
16291,10829074.00
16292,8902785.00
16293,16677647.00
16294,15270785.00
16295,12522956.00
16296,22329232.00
16297,32173988.00
16298,9717696.00
16299,29903352.00
16300,15649370.00
16301,29366216.00
16302,17020236.00
16303,16727273.00
16304,12872352.00
16305,15245763.00
16306,8442167.00
16307,16160906.00
16308,11943500.00
16309,13697864.00
16310,11830516.00
16311,40289112.00
16312,8914793.00
16313,31258472.00
16314,14429728.00
16315,30241798.00
16316,20178026.00
16317,45757884.00
16318,7240196.50
16319,16390589.00
16320,41251560.00
16321,15753896.00
16322,36159456.00
16323,17869100.00
16324,21407788.00
16325,28307952.00
16326,28175674.00
16327,8222606.50
16328,13192662.00
16329,17598404.00
16330,17867470.00
16331,5496517.00
16332,14891030.00
16333,13357089.00
16334,34077908.00
16335,10639456.00
16336,28246068.00
16337,25906076.00
16338,13160072.00
16339,17951666.00
16340,10535265.00
16341,11477187.00
16342,26857776.00
16343,19851404.00
16344,20900532.00
16345,13238700.00
16346,11307276.00
16347,19820088.00
16348,18475504.00
16349,36772140.00
16350,16238630.00
16351,23830438.00
16352,18118858.00
16353,16466121.00
16354,18526770.00
16355,19225414.00
16356,11119900.00
16357,42954592.00
16358,9619538.00
16359,6860182.00
16360,21010796.00
16361,12302652.00
16362,9977025.00
16363,10248370.00
16364,8481821.00
16365,24876232.00
16366,20125260.00
16367,18119368.00
16368,14771963.00
16369,16152607.00
16370,10278685.00
16371,10926927.00
16372,14906912.00
16373,8427876.00
16374,5593700.00
16375,21444986.00
16376,11360079.00
16377,20987426.00
16378,12895388.00
16379,28721018.00
16380,8975575.00
16381,4967057.00
16382,20019074.00
16383,40936016.00
16384,12462675.00
16385,18270660.00
16386,11108910.00
16387,22952524.00
16388,17920086.00
16389,13532669.00
16390,15644210.00
16391,14028928.00
16392,19617988.00
16393,6869534.50
16394,15756991.00
16395,26827504.00
16396,10048687.00
16397,19422078.00
16398,6048810.00
16399,38235544.00
16400,22111948.00
16401,12794638.00
16402,22768876.00
16403,10477098.00
16404,4677587.00
16405,11214333.00
16406,14338203.00
16407,9036954.00
16408,18992258.00
16409,16646966.00
16410,12814510.00
16411,23382242.00
16412,29940112.00
16413,121742824.00
16414,15695066.00
16415,33701608.00
16416,7606027.00
16417,22390196.00
16418,8238480.00
16419,16054522.00
16420,12141875.00
16421,21268626.00
16422,18542184.00
16423,14154755.00
16424,27487970.00
16425,16947870.00
16426,11758180.00
16427,12325969.00
16428,13360568.00
16429,10809667.00
16430,7239599.50
16431,11194812.00
16432,16902458.00
16433,13264300.00
16434,19956446.00
16435,12784550.00
16436,17980512.00
16437,10511492.00
16438,33952648.00
16439,9442184.00
16440,25423270.00
16441,9227698.00
16442,9158707.00
16443,16244915.00
16444,34270588.00
16445,6770985.00
16446,11927706.00
16447,14650173.00
16448,8543109.00
16449,11836033.00
16450,10371080.00
16451,21795290.00
16452,10895470.00
16453,45094988.00
16454,22412050.00
16455,42797620.00
16456,31670180.00
16457,8985640.00
16458,16947368.00
16459,19547878.00
16460,8970712.00
16461,22187258.00
16462,12308934.00
16463,27774896.00
16464,11183548.00
16465,36888260.00
16466,12790246.00
16467,35734944.00
16468,8627510.00
16469,10030083.00
16470,12648515.00
16471,14467308.00
16472,9984565.00
16473,12765548.00
16474,10758680.00
16475,8833293.00
16476,17250914.00
16477,20416298.00
16478,21043400.00
16479,32296100.00
16480,9587834.00
16481,29736344.00
16482,9644774.00
16483,6783498.00
16484,10142686.00
16485,13862746.00
16486,21439866.00
16487,6841342.50
16488,10748852.00
16489,8121341.00
16490,18367428.00
16491,24285278.00
16492,33001244.00
16493,9307684.00
16494,9055482.00
16495,25650608.00
16496,13149893.00
16497,13258019.00
16498,6698723.00
16499,13421356.00
16500,5294895.00
16501,72482160.00
16502,8228195.00
16503,10940004.00
16504,25786138.00
16505,22109806.00
16506,20257440.00
16507,18925984.00
16508,10198046.00
16509,6673998.50
16510,14981390.00
16511,22531228.00
16512,25618712.00
16513,12891327.00
16514,23236614.00
16515,16805196.00
16516,35461540.00
16517,32682408.00
16518,17990884.00
16519,10753091.00
16520,9461914.00
16521,41635360.00
16522,12737432.00
16523,19888446.00
16524,34571056.00
16525,15344125.00
16526,18278932.00
16527,45704268.00
16528,16262418.00
16529,9890892.00
16530,13157663.00
16531,15393969.00
16532,12032518.00
16533,27614878.00
16534,8406204.00
16535,17025968.00
16536,22510202.00
16537,69820448.00
16538,9877282.00
16539,32731060.00
16540,20203720.00
16541,18188886.00
16542,10382923.00
16543,7874368.00
16544,14583066.00
16545,7923464.50
16546,25603334.00
16547,12107615.00
16548,11334595.00
16549,17641208.00
16550,6271449.00
16551,16939078.00
16552,52064232.00
16553,31088798.00
16554,15828210.00
16555,10440189.00
16556,10408027.00
16557,18577892.00
16558,27347280.00
16559,15926042.00
16560,33919248.00
16561,35921216.00
16562,10193402.00
16563,15931799.00
16564,10421320.00
16565,15328602.00
16566,11690208.00
16567,38532140.00
16568,12382618.00
16569,6905728.00
16570,10881778.00
16571,6159187.00
16572,12952120.00
16573,31117890.00
16574,10301026.00
16575,24490124.00
16576,14552628.00
16577,12399857.00
16578,7755190.50
16579,4552695.00
16580,12866147.00
16581,22728574.00
16582,14078180.00
16583,20143286.00
16584,19823964.00
16585,23149836.00
16586,4561382.00
16587,40016416.00
16588,11888093.00
16589,11776110.00
16590,22653580.00
16591,16371292.00
16592,15045804.00
16593,23380350.00
16594,10979747.00
16595,23583724.00
16596,10825115.00
16597,12160774.00
16598,11988251.00
16599,19269030.00
16600,25594764.00
16601,16843772.00
16602,18118888.00
16603,4250564.00
16604,16076786.00
16605,16615395.00
16606,21453844.00
16607,23206754.00
16608,10189211.00
16609,7852548.00
16610,19862698.00
16611,10842490.00
16612,30073360.00
16613,36345484.00
16614,13152694.00
16615,9058680.00
16616,9961900.00
16617,10400226.00
16618,29856838.00
16619,11574816.00
16620,34605012.00
16621,18734754.00
16622,17820506.00
16623,18696660.00
16624,22214170.00
16625,6926749.00
16626,8152506.00
16627,19607232.00
16628,18763694.00
16629,15019057.00
16630,15526669.00
16631,15701556.00
16632,18739344.00
16633,10766424.00
16634,5677749.00
16635,10058800.00
16636,27891212.00
16637,8552215.00
16638,13892910.00
16639,9142908.00
16640,37839564.00
16641,9056324.00
16642,49503732.00
16643,30597342.00
16644,9971973.00
16645,54870328.00
16646,12109079.00
16647,12101056.00
16648,5309530.00
16649,46149528.00
16650,13776108.00
16651,10755645.00
16652,24168442.00
16653,26262452.00
16654,16342612.00
16655,26265756.00
16656,22463802.00
16657,31446964.00
16658,14482307.00
16659,9362604.00
16660,18887884.00
16661,19535192.00
16662,17178348.00
16663,8653492.00
16664,10071337.00
16665,29182710.00
16666,100265152.00
16667,25004770.00
16668,43713320.00
16669,18579294.00
16670,118380312.00
16671,4883486.00
16672,15597263.00
16673,10590038.00
16674,11583482.00
16675,41900872.00
16676,13360406.00
16677,11266816.00
16678,12952225.00
16679,45534824.00
16680,41164740.00
16681,22802194.00
16682,15054895.00
16683,14712831.00
16684,13273541.00
16685,10144034.00
16686,7878498.50
16687,25473080.00
16688,20563160.00
16689,11456872.00
16690,17277738.00
16691,11586710.00
16692,23848862.00
16693,9178131.00
16694,10594852.00
16695,31239032.00
16696,18841448.00
16697,5554386.00
16698,7664662.50
16699,10040105.00
16700,17740214.00
16701,8438186.00
16702,15467203.00
16703,20079368.00
16704,7864251.50
16705,12385979.00
16706,8697278.00
16707,17920824.00
16708,9036286.00
16709,43454228.00
16710,21266552.00
16711,7995753.50
16712,12728644.00
16713,90194720.00
16714,20668850.00
16715,21561254.00
16716,17755064.00
16717,10614582.00
16718,21545680.00
16719,27420224.00
16720,8384586.00
16721,19372168.00
16722,11485446.00
16723,8212647.50
16724,9234114.00
16725,20646188.00
16726,21322494.00
16727,13401668.00
16728,19079188.00
16729,38093092.00
16730,15094694.00
16731,12065385.00
16732,10593822.00
16733,7859415.50
16734,20356066.00
16735,7904768.50
16736,12767834.00
16737,16404189.00
16738,12392628.00
16739,16049988.00
16740,18847790.00
16741,18355544.00
16742,17284332.00
16743,10944751.00
16744,7055571.00
16745,12174365.00
16746,9778920.00
16747,12541151.00
16748,10832520.00
16749,14808077.00
16750,12161524.00
16751,20035198.00
16752,27971090.00
16753,91219536.00
16754,25008656.00
16755,23058968.00
16756,21961892.00
16757,9843323.00
16758,7353975.00
16759,19230726.00
16760,14262287.00
16761,23149900.00
16762,10776527.00
16763,22608268.00
16764,15394490.00
16765,11728323.00
16766,13390902.00
16767,17301698.00
16768,34953408.00
16769,13747583.00
16770,9827628.00
16771,28886886.00
16772,6761268.50
16773,9046995.00
16774,17624126.00
16775,16172069.00
16776,8313067.00
16777,11617542.00
16778,20696344.00
16779,21719908.00
16780,23276474.00
16781,20048352.00
16782,9235573.00
16783,12259615.00
16784,8233095.50
16785,9385971.00
16786,7615573.00
16787,108740672.00
16788,9715970.00
16789,30032070.00
16790,11193972.00
16791,18952952.00
16792,12011907.00
16793,12041596.00
16794,17071462.00
16795,135150704.00
16796,12203485.00
16797,28538772.00
16798,5954933.00
16799,17474856.00
16800,26845668.00
16801,23270010.00
16802,15528799.00
16803,12841929.00
16804,8071486.00
16805,11821489.00
16806,20979064.00
16807,12308445.00
16808,12824490.00
16809,7686360.50
16810,8624024.00
16811,9631672.00
16812,9006658.00
16813,30593108.00
16814,11584831.00
16815,8712742.00
16816,10504636.00
16817,20755634.00
16818,24585118.00
16819,13950838.00
16820,16448513.00
16821,11194051.00
16822,17662590.00
16823,11156564.00
16824,12573363.00
16825,8532910.00
16826,19448502.00
16827,12752416.00
16828,26231278.00
16829,11166200.00
16830,6819643.00
16831,14255962.00
16832,10434605.00
16833,22934074.00
16834,19451900.00
16835,50171276.00
16836,15833004.00
16837,20180304.00
16838,15261240.00
16839,10124898.00
16840,8408279.00
16841,18793788.00
16842,26237292.00
16843,17570074.00
16844,10343713.00
16845,15248157.00
16846,12708796.00
16847,11867110.00
16848,31842776.00
16849,35024732.00
16850,20773256.00
16851,18704400.00
16852,50133048.00
16853,20528298.00
16854,10834888.00
16855,8065343.50
16856,25117420.00
16857,20001356.00
16858,38025440.00
16859,11005059.00
16860,16049015.00
16861,6702510.50
16862,9031418.00
16863,11400585.00
16864,12095558.00
16865,17123838.00
16866,15443917.00
16867,23402000.00
16868,11303359.00
16869,17084978.00
16870,12418963.00
16871,20082554.00
16872,10528423.00
16873,7224013.00
16874,19600704.00
16875,29918110.00
16876,12593539.00
16877,17316986.00
16878,16390803.00
16879,63309016.00
16880,38858616.00
16881,9638952.00
16882,5353658.00
16883,28333812.00
16884,5470242.00
16885,10113314.00
16886,11699332.00
16887,11271524.00
16888,17759486.00
16889,39628408.00
16890,13612797.00
16891,9697925.00
16892,11139631.00
16893,48635496.00
16894,20991344.00
16895,34399872.00
16896,7077309.00
16897,20412450.00
16898,37314972.00
16899,17190636.00
16900,15014484.00
16901,16184579.00
16902,15078351.00
16903,17628564.00
16904,12293844.00
16905,30236808.00
16906,22932172.00
16907,8192570.00
16908,14765201.00
16909,38796316.00
16910,33658008.00
16911,9429078.00
16912,12590243.00
16913,6299273.00
16914,12279110.00
16915,25926260.00
16916,14828855.00
16917,15281260.00
16918,15431914.00
16919,15646964.00
16920,18603654.00
16921,6722411.00
16922,17903872.00
16923,36816468.00
16924,9394572.00
16925,18453040.00
16926,13965036.00
16927,10041558.00
16928,20358840.00
16929,66590616.00
16930,9054398.00
16931,11704251.00
16932,17710732.00
16933,33909620.00
16934,12054139.00
16935,13493080.00
16936,21302248.00
16937,10943981.00
16938,13029777.00
16939,18812566.00
16940,39159548.00
16941,4972824.00
16942,7989245.00
16943,22680104.00
16944,10544334.00
16945,26634466.00
16946,9964690.00
16947,7779894.50
16948,7661709.00
16949,10167879.00
16950,14157242.00
16951,8871716.00
16952,150290624.00
16953,22465978.00
16954,24204184.00
16955,28516516.00
16956,27010650.00
16957,17724272.00
16958,61314164.00
16959,15434190.00
16960,14540778.00
16961,7619488.50
16962,31449588.00
16963,16696372.00
16964,8321312.50
16965,22081472.00
16966,28820066.00
16967,40719292.00
16968,13919092.00
16969,11080932.00
16970,18998784.00
16971,27591312.00
16972,25904314.00
16973,25531980.00
16974,20301048.00
16975,10234016.00
16976,10491328.00
16977,38774920.00
16978,16845068.00
16979,17576784.00
16980,13453396.00
16981,5340840.00
16982,17314570.00
16983,9448072.00
16984,9474446.00
16985,15793002.00
16986,6815106.50
16987,20214942.00
16988,11028320.00
16989,15985900.00
16990,18542184.00
16991,8549762.00
16992,42140736.00
16993,9719994.00
16994,6167786.00
16995,11399197.00
16996,13366826.00
16997,10027164.00
16998,30141232.00
16999,13592678.00
17000,21630418.00
17001,28489396.00
17002,32608948.00
17003,9666340.00
17004,28310882.00
17005,22999304.00
17006,36010968.00
17007,12602792.00
17008,7462852.00
17009,41233152.00
17010,10900628.00
17011,19003998.00
17012,31193344.00
17013,13340152.00
17014,10701905.00
17015,9765460.00
17016,10252491.00
17017,19811820.00
17018,17112764.00
17019,30192838.00
17020,43950776.00
17021,24073832.00
17022,8960354.00
17023,14902163.00
17024,11818214.00
17025,16351404.00
17026,9609905.00
17027,20166198.00
17028,7484926.50
17029,23643906.00
17030,5827134.50
17031,28778398.00
17032,19731380.00
17033,9215532.00
17034,23861382.00
17035,10969198.00
17036,23435100.00
17037,23529152.00
17038,23525400.00
17039,16689626.00
17040,24658234.00
17041,10681979.00
17042,10021021.00
17043,10400418.00
17044,7853274.00
17045,21283984.00
17046,10696802.00
17047,24396368.00
17048,12046273.00
17049,6895933.00
17050,14374446.00
17051,15094810.00
17052,15137734.00
17053,13331977.00
17054,10679787.00
17055,38678924.00
17056,9111330.00
17057,25813574.00
17058,14016184.00
17059,15013500.00
17060,9072419.00
17061,16201586.00
17062,14636343.00
17063,23549264.00
17064,29489928.00
17065,25996396.00
17066,10496318.00
17067,14122621.00
17068,10107612.00
17069,21704634.00
17070,53177680.00
17071,12020844.00
17072,23458074.00
17073,11070298.00
17074,9366814.00
17075,36059772.00
17076,44626272.00
17077,14096426.00
17078,12777522.00
17079,13605519.00
17080,29207496.00
17081,9359340.00
17082,20778614.00
17083,9526364.00
17084,21696838.00
17085,12928348.00
17086,14346449.00
17087,21098136.00
17088,15598618.00
17089,43506380.00
17090,31634750.00
17091,22488340.00
17092,8601429.00
17093,11142100.00
17094,10769778.00
17095,6446505.00
17096,30514292.00
17097,19061998.00
17098,41332476.00
17099,12041912.00
17100,8130655.50
17101,23177968.00
17102,18735230.00
17103,37597792.00
17104,15252815.00
17105,20155738.00
17106,16792506.00
17107,23600390.00
17108,10318660.00
17109,12720294.00
17110,5695209.00
17111,21867952.00
17112,15731295.00
17113,27352930.00
17114,18742260.00
17115,13829339.00
17116,17609864.00
17117,62263628.00
17118,20439356.00
17119,7915719.50
17120,33704552.00
17121,44147476.00
17122,7072633.00
17123,8929876.00
17124,6640022.00
17125,14688154.00
17126,18226670.00
17127,25430244.00
17128,19332414.00
17129,12857812.00
17130,5510453.00
17131,9331464.00
17132,13422106.00
17133,17432278.00
17134,11767149.00
17135,11262790.00
17136,19984640.00
17137,10063698.00
17138,7603454.50
17139,39940000.00
17140,21355992.00
17141,11248607.00
17142,11950103.00
17143,33579820.00
17144,13312786.00
17145,20284660.00
17146,18503024.00
17147,6568615.50
17148,17231868.00
17149,16537678.00
17150,5077152.00
17151,21451080.00
17152,27107764.00
17153,5233747.00
17154,6798830.50
17155,36500504.00
17156,6074519.00
17157,32418352.00
17158,10267719.00
17159,9692550.00
17160,45472076.00
17161,9403820.00
17162,29358180.00
17163,12784835.00
17164,15807135.00
17165,10065344.00
17166,11022310.00
17167,8523336.00
17168,18420232.00
17169,46122136.00
17170,14699032.00
17171,36066692.00
17172,12851642.00
17173,12120796.00
17174,5792805.00
17175,18727928.00
17176,8244728.50
17177,8104855.50
17178,13116893.00
17179,8685352.00
17180,26889428.00
17181,13456477.00
17182,16563429.00
17183,16506861.00
17184,6999332.50
17185,6242602.00
17186,6108723.00
17187,25169602.00
17188,13042651.00
17189,12574780.00
17190,10178732.00
17191,17444928.00
17192,16236713.00
17193,12775794.00
17194,10500870.00
17195,9724043.00
17196,10431656.00
17197,45800252.00
17198,15224570.00
17199,49539168.00
17200,38046956.00
17201,25584616.00
17202,16908260.00
17203,14647098.00
17204,25682220.00
17205,23270462.00
17206,8803884.00
17207,9209198.00
17208,24347264.00
17209,10394936.00
17210,14684954.00
17211,11866216.00
17212,10513566.00
17213,12648237.00
17214,9876906.00
17215,15697841.00
17216,21751878.00
17217,19727822.00
17218,10089176.00
17219,11328503.00
17220,10950204.00
17221,15487200.00
17222,10605774.00
17223,10920878.00
17224,10310640.00
17225,44425656.00
17226,17516454.00
17227,47393300.00
17228,12522956.00
17229,17510060.00
17230,15863414.00
17231,26970800.00
17232,5103502.00
17233,19926308.00
17234,18806680.00
17235,9821250.00
17236,4702987.00
17237,30116938.00
17238,26565128.00
17239,6942706.50
17240,16446217.00
17241,26239716.00
17242,85887408.00
17243,11730760.00
17244,8284671.50
17245,35686260.00
17246,18441614.00
17247,7066561.50
17248,13509733.00
17249,9623814.00
17250,17588892.00
17251,22508120.00
17252,28630380.00
17253,29615424.00
17254,30076936.00
17255,15929367.00
17256,6812705.50
17257,11765187.00
17258,27716976.00
17259,14774726.00
17260,27319580.00
17261,17577720.00
17262,13834740.00
17263,23848244.00
17264,12640104.00
17265,22302208.00
17266,49125392.00
17267,10962399.00
17268,21051492.00
17269,18208952.00
17270,6419619.00
17271,9618440.00
17272,51291540.00
17273,8292534.50
17274,12172682.00
17275,12244374.00
17276,50384544.00
17277,23081300.00
17278,17830320.00
17279,7823960.50
17280,28012140.00
17281,46275344.00
17282,12683599.00
17283,17820454.00
17284,12153628.00
17285,6760906.00
17286,10176237.00
17287,5605197.00
17288,5953927.00
17289,10376730.00
17290,39589668.00
17291,11781746.00
17292,13975085.00
17293,8405286.00
17294,9055482.00
17295,9780701.00
17296,9900005.00
17297,16261485.00
17298,14870444.00
17299,10980968.00
17300,10464556.00
17301,19373660.00
17302,7876311.50
17303,8279984.00
17304,15274918.00
17305,13070764.00
17306,11643580.00
17307,13407020.00
17308,32919768.00
17309,17395670.00
17310,11100387.00
17311,10129437.00
17312,19865304.00
17313,7817021.00
17314,27797716.00
17315,17198584.00
17316,15690481.00
17317,8261620.50
17318,16909664.00
17319,7698284.00
17320,9483486.00
17321,20866556.00
17322,11970499.00
17323,17525900.00
17324,10882353.00
17325,14002354.00
17326,16305816.00
17327,11522828.00
17328,13090255.00
17329,22756282.00
17330,30848300.00
17331,6440538.00
17332,13152325.00
17333,7891081.00
17334,5154929.00
17335,36303024.00
17336,23245630.00
17337,7666639.50
17338,17203812.00
17339,15906307.00
17340,10498862.00
17341,18374074.00
17342,40078600.00
17343,11519638.00
17344,8773638.00
17345,11624453.00
17346,23777054.00
17347,13140740.00
17348,21672998.00
17349,19723136.00
17350,6646078.00
17351,16615174.00
17352,11622932.00
17353,13077012.00
17354,11092445.00
17355,15953633.00
17356,8887156.00
17357,22070656.00
17358,9820610.00
17359,7252942.50
17360,6489532.00
17361,17993448.00
17362,103836976.00
17363,6764643.00
17364,10828913.00
17365,8809320.00
17366,7580325.00
17367,14653682.00
17368,21925114.00
17369,23832478.00
17370,10749133.00
17371,13187427.00
17372,32998856.00
17373,20766540.00
17374,10600323.00
17375,15944829.00
17376,22050160.00
17377,13278659.00
17378,9271022.00
17379,11402636.00
17380,22235910.00
17381,18419940.00
17382,13040493.00
17383,6078164.00
17384,15973062.00
17385,1920177.88
17386,6524670.50
17387,56665936.00
17388,12805307.00
17389,9385971.00
17390,24274296.00
17391,7067603.00
17392,14682865.00
17393,40385440.00
17394,15148090.00
17395,17992088.00
17396,15963651.00
17397,22734272.00
17398,14780622.00
17399,33712204.00
17400,38394044.00
17401,18271862.00
17402,13952489.00
17403,7407581.50
17404,10831318.00
17405,12488049.00
17406,4375710.00
17407,18338356.00
17408,9598428.00
17409,6903435.00
17410,23182438.00
17411,46153668.00
17412,7944551.50
17413,17010718.00
17414,16357892.00
17415,9295732.00
17416,17259080.00
17417,22155556.00
17418,14642541.00
17419,8171522.50
17420,11312340.00
17421,29358180.00
17422,21347218.00
17423,6491291.00
17424,6673197.00
17425,17169524.00
17426,14379852.00
17427,29324482.00
17428,22717246.00
17429,40184424.00
17430,16127395.00
17431,17292034.00
17432,9782368.00
17433,20792458.00
17434,36122272.00
17435,16572490.00
17436,13402038.00
17437,10801341.00
17438,13390148.00
17439,9165724.00
17440,11273667.00
17441,21060720.00
17442,12121358.00
17443,27092544.00
17444,16777170.00
17445,13438927.00
17446,17383648.00
17447,46001716.00
17448,40470148.00
17449,36419240.00
17450,8929348.00
17451,10275258.00
17452,14996902.00
17453,17254326.00
17454,15164899.00
17455,13033016.00
17456,8995726.00
17457,11979796.00
17458,10470707.00
17459,14391539.00
17460,11895365.00
17461,12114943.00
17462,20486208.00
17463,17951544.00
17464,16417811.00
17465,14495904.00
17466,12449733.00
17467,10585070.00
17468,38133208.00
17469,13657996.00
17470,9517406.00
17471,10923919.00
17472,26929780.00
17473,15193009.00
17474,12679471.00
17475,28299252.00
17476,10303483.00
17477,13877292.00
17478,11982834.00
17479,7849472.00
17480,9640958.00
17481,21758616.00
17482,15830632.00
17483,23086196.00
17484,14764339.00
17485,19130858.00
17486,9157536.00
17487,20292192.00
17488,14947457.00
17489,16633676.00
17490,17466400.00
17491,5382098.00
17492,10473116.00
17493,21486170.00
17494,29435362.00
17495,12805149.00
17496,30483740.00
17497,17828010.00
17498,22881368.00
17499,14092902.00
17500,14467588.00
17501,15595487.00
17502,13043341.00
17503,12201027.00
17504,10632983.00
17505,48529232.00
17506,31513786.00
17507,16847034.00
17508,19408456.00
17509,42740172.00
17510,16507404.00
17511,36314892.00
17512,11681859.00
17513,12548973.00
17514,34238144.00
17515,7187703.00
17516,9969678.00
17517,15957391.00
17518,8590270.00
17519,52114608.00
17520,17587412.00
17521,15137683.00
17522,22181428.00
17523,40336384.00
17524,12820927.00
17525,15118223.00
17526,31741786.00
17527,45340812.00
17528,6821399.50
17529,16732483.00
17530,18384036.00
17531,8810779.00
17532,13626196.00
17533,15919962.00
17534,13546972.00
17535,15438607.00
17536,16001583.00
17537,12048020.00
17538,7785843.00
17539,31070674.00
17540,25938042.00
17541,18548474.00
17542,13729048.00
17543,12243238.00
17544,26915860.00
17545,6405165.00
17546,26822856.00
17547,6324409.00
17548,26257380.00
17549,14295630.00
17550,17940018.00
17551,11618804.00
17552,10499840.00
17553,14139133.00
17554,9465363.00
17555,10112833.00
17556,8324510.50
17557,9954026.00
17558,4992064.00
17559,11929618.00
17560,17475660.00
17561,13856527.00
17562,14342813.00
17563,20166198.00
17564,37762948.00
17565,22090520.00
17566,24517324.00
17567,15132068.00
17568,13003511.00
17569,19006442.00
17570,19910294.00
17571,71414512.00
17572,13496876.00
17573,15382008.00
17574,7402046.00
17575,6685348.00
17576,25741882.00
17577,7551628.00
17578,12372250.00
17579,38694860.00
17580,20023648.00
17581,4838718.00
17582,6972334.00
17583,14103793.00
17584,28858644.00
17585,11695452.00
17586,33149456.00
17587,10701905.00
17588,9758473.00
17589,16708681.00
17590,9408492.00
17591,9292180.00
17592,10295021.00
17593,25955896.00
17594,15365601.00
17595,21694454.00
17596,39822568.00
17597,11663529.00
17598,13370237.00
17599,32832432.00
17600,8707796.00
17601,14896643.00
17602,20228328.00
17603,19351462.00
17604,9067498.00
17605,8706358.00
17606,13263817.00
17607,9997318.00
17608,23492368.00
17609,7512812.00
17610,10697768.00
17611,7781182.50
17612,8932402.00
17613,19840440.00
17614,1745581.00
17615,10478582.00
17616,15100573.00
17617,41346092.00
17618,8528878.00
17619,31547788.00
17620,13275183.00
17621,8694982.00
17622,9627986.00
17623,9336076.00
17624,10378329.00
17625,14217021.00
17626,38809848.00
17627,12696733.00
17628,10486823.00
17629,11812324.00
17630,17174226.00
17631,11069376.00
17632,22207184.00
17633,22973434.00
17634,13711392.00
17635,67757824.00
17636,9883520.00
17637,9690376.00
17638,13221126.00
17639,4694493.00
17640,21400872.00
17641,6643543.50
17642,11992178.00
17643,15439964.00
17644,8529208.00
17645,14867939.00
17646,6510903.00
17647,13436955.00
17648,18073146.00
17649,18205694.00
17650,8694341.00
17651,8427200.00
17652,15726533.00
17653,28809036.00
17654,18878826.00
17655,7930781.00
17656,20855486.00
17657,23551626.00
17658,13226125.00
17659,9327000.00
17660,10275928.00
17661,13849322.00
17662,27324130.00
17663,33341148.00
17664,6010571.00
17665,20316052.00
17666,17747348.00
17667,11087566.00
17668,8326276.50
17669,12961044.00
17670,13089098.00
17671,18149960.00
17672,13709851.00
17673,10536049.00
17674,9060646.00
17675,14087069.00
17676,17001216.00
17677,7179860.00
17678,29994924.00
17679,26419952.00
17680,8761310.00
17681,7446690.00
17682,40462380.00
17683,9856408.00
17684,11285782.00
17685,15702876.00
17686,10497869.00
17687,12995626.00
17688,10574603.00
17689,17283428.00
17690,10709420.00
17691,10198900.00
17692,11159095.00
17693,9453520.00
17694,28786078.00
17695,23499984.00
17696,77577576.00
17697,17420700.00
17698,20867028.00
17699,14791857.00
17700,8209166.50
17701,15491373.00
17702,16742084.00
17703,9964130.00
17704,9122075.00
17705,5222515.00
17706,17329284.00
17707,6231883.00
17708,15698131.00
17709,20536616.00
17710,28127796.00
17711,35963164.00
17712,10517993.00
17713,15858106.00
17714,42271972.00
17715,26577768.00
17716,8805064.00
17717,24228534.00
17718,18511220.00
17719,8808534.00
17720,12722612.00
17721,12098964.00
17722,7866970.00
17723,37898108.00
17724,16213275.00
17725,39858472.00
17726,12007520.00
17727,42283956.00
17728,25649344.00
17729,35019408.00
17730,11252266.00
17731,24025116.00
17732,10004872.00
17733,11670647.00
17734,14791857.00
17735,34898824.00
17736,30044324.00
17737,28373452.00
17738,8621650.00
17739,17886522.00
17740,10668904.00
17741,20864700.00
17742,13336417.00
17743,10670403.00
17744,16203283.00
17745,11134013.00
17746,7867463.50
17747,21849786.00
17748,8342614.00
17749,26527340.00
17750,27960424.00
17751,12857444.00
17752,9819480.00
17753,17824100.00
17754,11030180.00
17755,30654288.00
17756,10267498.00
17757,39314924.00
17758,24132956.00
17759,14106930.00
17760,14175946.00
17761,9666266.00
17762,7241120.00
17763,28582466.00
17764,25160164.00
17765,17817920.00
17766,14412673.00
17767,12770468.00
17768,9227316.00
17769,10256420.00
17770,41213092.00
17771,9296376.00
17772,21565284.00
17773,23997050.00
17774,19842812.00
17775,20128424.00
17776,10869716.00
17777,8062451.00
17778,23326348.00
17779,9416030.00
17780,15655994.00
17781,12012826.00
17782,7283384.50
17783,18659164.00
17784,8348234.00
17785,19061154.00
17786,35684708.00
17787,14360522.00
17788,17519956.00
17789,17091020.00
17790,20261676.00
17791,11476270.00
17792,6079798.00
17793,22243066.00
17794,17059706.00
17795,35212952.00
17796,17069926.00
17797,20264552.00
17798,22846966.00
17799,19783516.00
17800,6421238.00
17801,25470504.00
17802,18885112.00
17803,26164712.00
17804,19412988.00
17805,30549460.00
17806,17284638.00
17807,8843372.00
17808,23307764.00
17809,10414521.00
17810,19872296.00
17811,11585884.00
17812,6879849.00
17813,21183052.00
17814,22003142.00
17815,27163980.00
17816,14009672.00
17817,11491045.00
17818,43073484.00
17819,4708911.00
17820,21144548.00
17821,16041457.00
17822,25068102.00
17823,5380283.00
17824,31040568.00
17825,17572480.00
17826,9064372.00
17827,18542752.00
17828,11167707.00
17829,9756572.00
17830,11079610.00
17831,51253048.00
17832,13183456.00
17833,40845628.00
17834,17544758.00
17835,28837712.00
17836,4509296.00
17837,10679812.00
17838,29855354.00
17839,9434908.00
17840,16173068.00
17841,13641763.00
17842,20121054.00
17843,9144468.00
17844,16315729.00
17845,31255546.00
17846,20398752.00
17847,11108586.00
17848,27293912.00
17849,9945611.00
17850,11986354.00
17851,26483596.00
17852,7984307.00
17853,21803660.00
17854,18241850.00
17855,16895138.00
17856,12583355.00
17857,16240952.00
17858,6198890.00
17859,30204460.00
17860,10293068.00
17861,8460658.00
17862,23131928.00
17863,10904000.00
17864,15360986.00
17865,8344925.00
17866,7982584.50
17867,7139865.00
17868,88456488.00
17869,10110200.00
17870,11468013.00
17871,14868413.00
17872,8920326.00
17873,11172870.00
17874,13886961.00
17875,25269754.00
17876,29548980.00
17877,12378132.00
17878,12938339.00
17879,38390828.00
17880,30037724.00
17881,27506240.00
17882,13090163.00
17883,7979187.00
17884,10305876.00
17885,8329876.50
17886,9326916.00
17887,9451377.00
17888,7378675.00
17889,17222144.00
17890,9616286.00
17891,5240795.00
17892,8119941.00
17893,26466888.00
17894,19449828.00
17895,8244690.50
17896,8315030.50
17897,11458394.00
17898,11126660.00
17899,18238394.00
17900,12457169.00
17901,9122532.00
17902,11247904.00
17903,36362996.00
17904,20379804.00
17905,24998632.00
17906,18834824.00
17907,12135021.00
17908,18775544.00
17909,13838574.00
17910,20140680.00
17911,12143716.00
17912,8093986.00
17913,12258300.00
17914,8177495.00
17915,13473379.00
17916,11850208.00
17917,20545714.00
17918,14257056.00
17919,18540396.00
17920,22597474.00
17921,12330516.00
17922,18701516.00
17923,65650608.00
17924,16135923.00
17925,8568618.00
17926,5657030.00
17927,22182668.00
17928,20853204.00
17929,16577871.00
17930,22605036.00
17931,9490638.00
17932,10897507.00
17933,18507664.00
17934,13184966.00
17935,12491558.00
17936,11981857.00
17937,25118540.00
17938,11410883.00
17939,16335245.00
17940,18008292.00
17941,6712631.00
17942,13374915.00
17943,14765907.00
17944,9123455.00
17945,41779716.00
17946,19853202.00
17947,9418121.00
17948,18798428.00
17949,21922480.00
17950,11654109.00
17951,16953828.00
17952,31532312.00
17953,6180987.00
17954,20216138.00
17955,9257256.00
17956,16309879.00
17957,45836840.00
17958,14825780.00
17959,31647032.00
17960,15199430.00
17961,9874337.00
17962,12874500.00
17963,12141875.00
17964,15387855.00
17965,12888239.00
17966,13580180.00
17967,7013976.50
17968,6860182.00
17969,27369078.00
17970,13413834.00
17971,7133129.50
17972,16750327.00
17973,14671461.00
17974,12003933.00
17975,29705734.00
17976,11484128.00
17977,27279650.00
17978,44144000.00
17979,25068574.00
17980,15024054.00
17981,8168291.00
17982,12752846.00
17983,19603882.00
17984,15996119.00
17985,28680698.00
17986,19111140.00
17987,124914384.00
17988,8342614.00
17989,10414452.00
17990,10491148.00
17991,17395412.00
17992,135415904.00
17993,22938128.00
17994,12280817.00
17995,6896845.00
17996,10032093.00
17997,23770826.00
17998,14931462.00
17999,36015600.00
18000,10292502.00
18001,9553438.00
18002,7723837.50
18003,12502020.00
18004,4948866.00
18005,18056680.00
18006,10325823.00
18007,10477844.00
18008,34277536.00
18009,12239826.00
18010,8198329.00
18011,20687412.00
18012,10171617.00
18013,11501108.00
18014,37696316.00
18015,22431370.00
18016,9479527.00
18017,16501398.00
18018,21832670.00
18019,14824910.00
18020,14667375.00
18021,41586856.00
18022,20555036.00
18023,24387916.00
18024,18222332.00
18025,36590808.00
18026,13762204.00
18027,6797822.50
18028,13830840.00
18029,36623932.00
18030,10484134.00
18031,23443274.00
18032,7396187.50
18033,6312725.00
18034,16335245.00
18035,15052655.00
18036,39193896.00
18037,10704144.00
18038,43966464.00
18039,6069051.00
18040,17268336.00
18041,22935128.00
18042,25522168.00
18043,40587580.00
18044,31729912.00
18045,9259538.00
18046,16966312.00
18047,11977005.00
18048,10676398.00
18049,18330864.00
18050,8075190.50
18051,10908543.00
18052,6984723.00
18053,18599348.00
18054,13621784.00
18055,9276926.00
18056,7292020.50
18057,15805498.00
18058,44558396.00
18059,19191866.00
18060,41807812.00
18061,12725775.00
18062,57215464.00
18063,6401321.00
18064,13774098.00
18065,12602383.00
18066,12495775.00
18067,17002274.00
18068,9197026.00
18069,20157432.00
18070,21224740.00
18071,9460265.00
18072,24820728.00
18073,20835868.00
18074,14158002.00
18075,21634280.00
18076,11849359.00
18077,24967304.00
18078,8700227.00
18079,16018685.00
18080,25742938.00
18081,20092742.00
18082,9110706.00
18083,29956926.00
18084,36671116.00
18085,14937783.00
18086,13697778.00
18087,10632983.00
18088,35041032.00
18089,7777130.00
18090,22873436.00
18091,10211665.00
18092,43425188.00
18093,20569916.00
18094,30712116.00
18095,13765624.00
18096,7334046.50
18097,16824664.00
18098,42232024.00
18099,21341986.00
18100,5018843.00
18101,15121407.00
18102,21038282.00
18103,12069882.00
18104,10717721.00
18105,15136180.00
18106,26267368.00
18107,26656108.00
18108,61200972.00
18109,10152427.00
18110,10061932.00
18111,12895022.00
18112,13944886.00
18113,10687954.00
18114,41493956.00
18115,16236180.00
18116,8896580.00
18117,15418276.00
18118,19530698.00
18119,20972804.00
18120,22992162.00
18121,11447277.00
18122,19682482.00
18123,8752432.00
18124,9389599.00
18125,26461370.00
18126,23545856.00
18127,15626747.00
18128,16987592.00
18129,33762188.00
18130,11107365.00
18131,15556438.00
18132,6885248.00
18133,29154274.00
18134,9852838.00
18135,10688522.00
18136,14839165.00
18137,10037874.00
18138,12781732.00
18139,24550874.00
18140,8883597.00
18141,7525646.00
18142,7933201.50
18143,21009580.00
18144,42928956.00
18145,29622498.00
18146,18542636.00
18147,28683624.00
18148,35935912.00
18149,72240632.00
18150,28314626.00
18151,9608393.00
18152,7680919.50
18153,21636410.00
18154,8073304.50
18155,28597148.00
18156,19540008.00
18157,6637269.00
18158,13119516.00
18159,17922120.00
18160,35999648.00
18161,17111862.00
18162,13428623.00
18163,21432448.00
18164,9570234.00
18165,8510463.00
18166,9536504.00
18167,18273508.00
18168,12707305.00
18169,10116523.00
18170,10911144.00
18171,82882528.00
18172,10065939.00
18173,11228733.00
18174,17454538.00
18175,12381041.00
18176,46115312.00
18177,12507581.00
18178,7255972.50
18179,17472752.00
18180,8289917.00
18181,12989659.00
18182,52081284.00
18183,20305980.00
18184,13107064.00
18185,12637784.00
18186,27040148.00
18187,13878816.00
18188,38979256.00
18189,23584390.00
18190,22135756.00
18191,25730572.00
18192,8399923.00
18193,9947519.00
18194,7647647.50
18195,68439560.00
18196,12096325.00
18197,11717376.00
18198,15045914.00
18199,25068574.00
18200,25619312.00
18201,33342416.00
18202,11316488.00
18203,20534180.00
18204,21697896.00
18205,8787666.00
18206,25808396.00
18207,26193292.00
18208,10066708.00
18209,15719675.00
18210,7783403.50
18211,27727320.00
18212,14812077.00
18213,10830202.00
18214,3666673.00
18215,12794638.00
18216,5869319.00
18217,13330676.00
18218,10877535.00
18219,9402547.00
18220,12885981.00
18221,10412794.00
18222,9610500.00
18223,23214480.00
18224,18797888.00
18225,19580890.00
18226,18348444.00
18227,7721305.00
18228,34926052.00
18229,16769725.00
18230,13803668.00
18231,28594886.00
18232,10595733.00
18233,24626240.00
18234,17363426.00
18235,25095294.00
18236,10398370.00
18237,12560788.00
18238,41334336.00
18239,11408006.00
18240,7126862.50
18241,16655062.00
18242,9588492.00
18243,13321236.00
18244,15214264.00
18245,28165068.00
18246,10838140.00
18247,15572012.00
18248,10577206.00
18249,43983696.00
18250,13964253.00
18251,12189885.00
18252,21315220.00
18253,12089036.00
18254,8479605.00
18255,12975037.00
18256,22873436.00
18257,10988380.00
18258,30779108.00
18259,15436796.00
18260,13411021.00
18261,7559656.50
18262,8861815.00
18263,23708516.00
18264,16940536.00
18265,25657436.00
18266,4207081.00
18267,43344676.00
18268,61029632.00
18269,15517472.00
18270,16225847.00
18271,18283152.00
18272,6934094.50
18273,17906500.00
18274,10632983.00
18275,6773579.50
18276,15804669.00
18277,20474278.00
18278,6999747.00
18279,9892201.00
18280,9399118.00
18281,10533100.00
18282,50968996.00
18283,17991478.00
18284,22904194.00
18285,30128144.00
18286,18751218.00
18287,41642344.00
18288,9241718.00
18289,10983558.00
18290,43071604.00
18291,19389262.00
18292,13110500.00
18293,13464120.00
18294,9641792.00
18295,8406727.00
18296,14111750.00
18297,13842728.00
18298,23845242.00
18299,26052116.00
18300,10551056.00
18301,28444916.00
18302,228011808.00
18303,46130876.00
18304,19146846.00
18305,14806904.00
18306,22241674.00
18307,13493682.00
18308,13121373.00
18309,22706018.00
18310,6726547.00
18311,18184778.00
18312,20719192.00
18313,14349748.00
18314,28060546.00
18315,12235053.00
18316,61024400.00
18317,8070180.00
18318,281134912.00
18319,32643512.00
18320,33578764.00
18321,8366883.00
18322,18143690.00
18323,12679165.00
18324,21855860.00
18325,36059772.00
18326,29945908.00
18327,19592934.00
18328,33323782.00
18329,9158720.00
18330,9025414.00
18331,6375868.00
18332,11253702.00
18333,21350942.00
18334,15915878.00
18335,20066886.00
18336,11893146.00
18337,25917918.00
18338,19688652.00
18339,27053924.00
18340,31204194.00
18341,11861394.00
18342,10283834.00
18343,23761328.00
18344,38012920.00
18345,17694794.00
18346,31853648.00
18347,31116940.00
18348,28107590.00
18349,20976812.00
18350,91972360.00
18351,40502452.00
18352,16454364.00
18353,11610112.00
18354,19210120.00
18355,13555305.00
18356,18342990.00
18357,17051996.00
18358,32409542.00
18359,6207783.50
18360,17396952.00
18361,21136254.00
18362,10649694.00
18363,28006260.00
18364,14399318.00
18365,39104020.00
18366,52350832.00
18367,26330708.00
18368,36766384.00
18369,22911098.00
18370,6461486.00
18371,18027552.00
18372,9705483.00
18373,11392454.00
18374,7831056.00
18375,20976624.00
18376,41307836.00
18377,16745379.00
18378,47817296.00
18379,11336411.00
18380,11331820.00
18381,11364238.00
18382,9563344.00
18383,18313172.00
18384,7953091.00
18385,14851749.00
18386,8180438.00
18387,9132286.00
18388,7475989.00
18389,22017868.00
18390,22141744.00
18391,10151680.00
18392,15441288.00
18393,22386216.00
18394,12119611.00
18395,12635590.00
18396,23303014.00
18397,24832220.00
18398,14567155.00
18399,20094130.00
18400,12583588.00
18401,19584270.00
18402,10539292.00
18403,21620066.00
18404,10553502.00
18405,11610108.00
18406,5550032.00
18407,18563870.00
18408,7488770.00
18409,26697520.00
18410,9581126.00
18411,25785544.00
18412,8695646.00
18413,15754255.00
18414,8385192.50
18415,27964824.00
18416,5328893.00
18417,21719802.00
18418,20633736.00
18419,11578243.00
18420,17028400.00
18421,15910936.00
18422,11709211.00
18423,11672749.00
18424,7108176.00
18425,14738455.00
18426,46844880.00
18427,6109486.50
18428,28847912.00
18429,10300446.00
18430,21465396.00
18431,24019152.00
18432,14323619.00
18433,16163299.00
18434,9225436.00
18435,10530288.00
18436,13804609.00
18437,8823826.00
18438,12587730.00
18439,16167820.00
18440,6250388.00
18441,20619472.00
18442,21175624.00
18443,11509859.00
18444,15067716.00
18445,7527222.00
18446,12059730.00
18447,35172680.00
18448,10385491.00
18449,11908227.00
18450,9235956.00
18451,20263868.00
18452,17576424.00
18453,7759198.50
18454,35317944.00
18455,57818496.00
18456,13638522.00
18457,21349692.00
18458,8926389.00
18459,12000160.00
18460,18047646.00
18461,21345100.00
18462,12168131.00
18463,19787272.00
18464,8545001.00
18465,40688684.00
18466,12533581.00
18467,24382064.00
18468,29415674.00
18469,26594084.00
18470,25750940.00
18471,14451254.00
18472,22992162.00
18473,13774459.00
18474,9993881.00
18475,6871998.50
18476,31174424.00
18477,16541687.00
18478,23122234.00
18479,10583586.00
18480,12319226.00
18481,9157474.00
18482,25715402.00
18483,6643543.50
18484,15018124.00
18485,25009780.00
18486,5165684.00
18487,18508370.00
18488,51202072.00
18489,28066184.00
18490,29826344.00
18491,83018360.00
18492,11182765.00
18493,18712966.00
18494,16193620.00
18495,7763714.00
18496,7300461.00
18497,8206327.50
18498,8065343.50
18499,13299089.00
18500,12359985.00
18501,22496122.00
18502,30143696.00
18503,12830687.00
18504,10446146.00
18505,20855252.00
18506,13588431.00
18507,6735188.50
18508,14908429.00
18509,10776797.00
18510,14253914.00
18511,8482316.00
18512,12532511.00
18513,13457309.00
18514,11882450.00
18515,12341612.00
18516,15964613.00
18517,16007607.00
18518,21049798.00
18519,14467366.00
18520,12532138.00
18521,45395224.00
18522,20264796.00
18523,11219666.00
18524,15828938.00
18525,9989318.00
18526,9345194.00
18527,35569016.00
18528,12026903.00
18529,8450349.00
18530,28145492.00
18531,13051732.00
18532,18070796.00
18533,99436832.00
18534,13216230.00
18535,59810536.00
18536,11026596.00
18537,13227904.00
18538,7984307.00
18539,18978998.00
18540,33689132.00
18541,11081983.00
18542,14978348.00
18543,14708925.00
18544,10288966.00
18545,12422284.00
18546,6253880.50
18547,10880838.00
18548,18264738.00
18549,4456953.00
18550,9623958.00
18551,6034403.00
18552,11381203.00
18553,26309036.00
18554,16129798.00
18555,4627160.00
18556,12758685.00
18557,35544160.00
18558,13868325.00
18559,22514284.00
18560,20294802.00
18561,30005254.00
18562,18101572.00
18563,17264526.00
18564,16003370.00
18565,8921210.00
18566,31449588.00
18567,19502614.00
18568,11712828.00
18569,14711442.00
18570,14707964.00
18571,18264154.00
18572,10316837.00
18573,8414686.00
18574,13540879.00
18575,15837797.00
18576,21239632.00
18577,10176712.00
18578,11516310.00
18579,46201668.00
18580,11947397.00
18581,11636931.00
18582,5854123.00
18583,32460800.00
18584,11587011.00
18585,14453860.00
18586,15015808.00
18587,13714333.00
18588,21244856.00
18589,17951852.00
18590,15659489.00
18591,13036562.00
18592,48762052.00
18593,10727020.00
18594,10819235.00
18595,13676868.00
18596,49712388.00
18597,32833054.00
18598,13005469.00
18599,35316564.00
18600,12117850.00
18601,18072074.00
18602,9580040.00
18603,14549208.00
18604,42459164.00
18605,20098080.00
18606,7080477.00
18607,24295888.00
18608,11415571.00
18609,8013243.50
18610,17683652.00
18611,10808532.00
18612,9954990.00
18613,6246730.00
18614,16237524.00
18615,12113016.00
18616,23569896.00
18617,10759690.00
18618,29913928.00
18619,19529922.00
18620,26038292.00
18621,13110175.00
18622,26763910.00
18623,13646583.00
18624,15600858.00
18625,16382870.00
18626,21876264.00
18627,12509757.00
18628,13158208.00
18629,18757936.00
18630,19010026.00
18631,7433499.50
18632,9543226.00
18633,41918440.00
18634,25087580.00
18635,18975044.00
18636,12748748.00
18637,12185190.00
18638,25339980.00
18639,12863296.00
18640,8589083.00
18641,12433377.00
18642,20189604.00
18643,18392902.00
18644,5383566.00
18645,13859098.00
18646,15569012.00
18647,13113303.00
18648,15009885.00
18649,11102138.00
18650,21059196.00
18651,13941123.00
18652,12765569.00
18653,83726280.00
18654,13029476.00
18655,28703970.00
18656,65411348.00
18657,26210440.00
18658,13322890.00
18659,18460912.00
18660,8481822.00
18661,18193336.00
18662,13444326.00
18663,10222942.00
18664,8390620.00
18665,6313761.50
18666,19575392.00
18667,22263760.00
18668,11973990.00
18669,16440526.00
18670,16441467.00
18671,42957876.00
18672,11038971.00
18673,28917096.00
18674,30567354.00
18675,148036720.00
18676,24418462.00
18677,21460078.00
18678,49572276.00
18679,4436530.00
18680,18425510.00
18681,17011024.00
18682,23697250.00
18683,10771679.00
18684,9552816.00
18685,15286090.00
18686,17640382.00
18687,15538388.00
18688,18081496.00
18689,9431374.00
18690,32625112.00
18691,12646321.00
18692,15782331.00
18693,18590424.00
18694,56730392.00
18695,43004520.00
18696,19208730.00
18697,22187544.00
18698,20376660.00
18699,31028062.00
18700,41486444.00
18701,4080648.00
18702,14418641.00
18703,19411306.00
18704,7549831.00
18705,35747452.00
18706,33480442.00
18707,7387241.50
18708,47881384.00
18709,6043084.00
18710,25834010.00
18711,10886328.00
18712,13975085.00
18713,18926692.00
18714,21842284.00
18715,20575892.00
18716,13696303.00
18717,35224680.00
18718,7770509.00
18719,11251844.00
18720,21804440.00
18721,18735708.00
18722,8660526.00
18723,169437360.00
18724,12205030.00
18725,9981446.00
18726,44801404.00
18727,29635768.00
18728,17357066.00
18729,16913196.00
18730,11381708.00
18731,20212616.00
18732,29764296.00
18733,11485138.00
18734,29961688.00
18735,12467127.00
18736,25826242.00
18737,8656036.00
18738,17321352.00
18739,11303302.00
18740,12003364.00
18741,20095326.00
18742,16717219.00
18743,22268492.00
18744,22510528.00
18745,6842782.50
18746,8713888.00
18747,37173020.00
18748,32330398.00
18749,18302774.00
18750,11411293.00
18751,5130555.00
18752,13961492.00
18753,8558436.00
18754,32417260.00
18755,21912442.00
18756,12498758.00
18757,29607012.00
18758,9863481.00
18759,19907912.00
18760,21438774.00
18761,9758313.00
18762,8821732.00
18763,12334342.00
18764,5696912.00
18765,13135043.00
18766,11287835.00
18767,9309930.00
18768,9693596.00
18769,20311364.00
18770,5879310.50
18771,21207772.00
18772,11492869.00
18773,15131633.00
18774,14145400.00
18775,17394286.00
18776,55421636.00
18777,18079944.00
18778,5953726.50
18779,15686126.00
18780,20662546.00
18781,19684412.00
18782,9326406.00
18783,17091020.00
18784,10860914.00
18785,12177242.00
18786,14707062.00
18787,12479540.00
18788,23419244.00
18789,16777566.00
18790,48581908.00
18791,30792378.00
18792,18044346.00
18793,20630618.00
18794,7382800.00
18795,9977816.00
18796,13011598.00
18797,7382197.00
18798,19097654.00
18799,16441670.00
18800,43451636.00
18801,15050161.00
18802,12969830.00
18803,41952908.00
18804,25919576.00
18805,11746787.00
18806,19659458.00
18807,13567400.00
18808,25335756.00
18809,15835636.00
18810,19999524.00
18811,5354827.00
18812,18880616.00
18813,19953320.00
18814,6180987.00
18815,9586861.00
18816,16705254.00
18817,7492702.00
18818,19228644.00
18819,13754660.00
18820,12671825.00
18821,10677476.00
18822,21407588.00
18823,16715950.00
18824,9350882.00
18825,7945702.00
18826,29498302.00
18827,10818510.00
18828,29470342.00
18829,22773174.00
18830,14947576.00
18831,11295901.00
18832,8924659.00
18833,35449444.00
18834,19455660.00
18835,29819774.00
18836,38287476.00
18837,24474544.00
18838,8093176.50
18839,29002508.00
18840,17677264.00
18841,11591622.00
18842,22464780.00
18843,4208410.00
18844,13945097.00
18845,14292596.00
18846,21192528.00
18847,11298179.00
18848,22892956.00
18849,24014878.00
18850,15956429.00
18851,22689640.00
18852,10950054.00
18853,18292992.00
18854,17039566.00
18855,9225939.00
18856,10205056.00
18857,4577079.00
18858,23446756.00
18859,14755660.00
18860,42917516.00
18861,11262877.00
18862,21079904.00
18863,9442951.00
18864,16878162.00
18865,39649204.00
18866,14639654.00
18867,12269609.00
18868,14905510.00
18869,11388882.00
18870,9388299.00
18871,25799296.00
18872,10162133.00
18873,17365782.00
18874,6264397.00
18875,22714654.00
18876,14733683.00
18877,6740803.00
18878,17882806.00
18879,13787374.00
18880,19648400.00
18881,7128064.00
18882,9981945.00
18883,13214691.00
18884,24872104.00
18885,17030232.00
18886,14544975.00
18887,10080636.00
18888,18493210.00
18889,14282260.00
18890,12209682.00
18891,10838510.00
18892,28725174.00
18893,13201161.00
18894,6939659.50
18895,21210404.00
18896,24083558.00
18897,21442988.00
18898,11433779.00
18899,8630470.00
18900,6673197.00
18901,7064023.00
18902,11029546.00
18903,21723038.00
18904,12067804.00
18905,11072259.00
18906,16853512.00
18907,18596708.00
18908,13971771.00
18909,11582874.00
18910,18228000.00
18911,13008890.00
18912,13876762.00
18913,8449623.00
18914,20194964.00
18915,9947836.00
18916,5989332.00
18917,8085857.50
18918,8104434.00
18919,24869608.00
18920,1745581.00
18921,13264844.00
18922,12349942.00
18923,27343052.00
18924,16476374.00
18925,26012002.00
18926,38303428.00
18927,143025840.00
18928,8130046.50
18929,15582991.00
18930,12702956.00
18931,8325110.00
18932,8115027.00
18933,9655494.00
18934,8986606.00
18935,5243092.00
18936,11713533.00
18937,13086769.00
18938,12691098.00
18939,6656342.00
18940,14836120.00
18941,19443078.00
18942,15558120.00
18943,8495473.00
18944,13501505.00
18945,17575108.00
18946,21611556.00
18947,13103459.00
18948,12794049.00
18949,16216986.00
18950,13506624.00
18951,16016351.00
18952,11073042.00
18953,16405295.00
18954,21771592.00
18955,36607312.00
18956,19340096.00
18957,38041152.00
18958,20040162.00
18959,9391880.00
18960,9002920.00
18961,6077080.50
18962,12775734.00
18963,22980684.00
18964,28844608.00
18965,9020086.00
18966,54100412.00
18967,12122528.00
18968,22209034.00
18969,7532382.50
18970,21309450.00
18971,21576436.00
18972,19068996.00
18973,6121950.00
18974,45084928.00
18975,16051635.00
18976,43343932.00
18977,42179252.00
18978,20907082.00
18979,6275003.00
18980,8320856.50
18981,23349766.00
18982,22626532.00
18983,12594089.00
18984,17540972.00
18985,16116703.00
18986,20948412.00
18987,13153970.00
18988,32181524.00
18989,11376399.00
18990,7319355.50
18991,17197304.00
18992,22335480.00
18993,12279524.00
18994,6671318.50
18995,11964744.00
18996,28899740.00
18997,15542121.00
18998,6795662.50
18999,18150482.00
19000,15425915.00
19001,9131319.00
19002,13924468.00
19003,19926700.00
19004,6937784.50
19005,21716654.00
19006,25069340.00
19007,18039368.00
19008,7486306.50
19009,12287885.00
19010,8673310.00
19011,11688934.00
19012,16611448.00
19013,13619978.00
19014,17014776.00
19015,19700794.00
19016,18175880.00
19017,9798462.00
19018,14937402.00
19019,14944000.00
19020,12695622.00
19021,29415674.00
19022,14734380.00
19023,17525454.00
19024,46445720.00
19025,10409944.00
19026,12962744.00
19027,9954134.00
19028,6790404.50
19029,33368036.00
19030,7871363.00
19031,14873501.00
19032,16941996.00
19033,7285153.50
19034,14900466.00
19035,13573635.00
19036,8235007.50
19037,14241222.00
19038,19638734.00
19039,47715792.00
19040,24508552.00
19041,21664012.00
19042,4419167.00
19043,19540008.00
19044,17566272.00
19045,26110238.00
19046,12918367.00
19047,14990401.00
19048,16091182.00
19049,7534301.00
19050,13300476.00
19051,9665712.00
19052,18916336.00
19053,37279704.00
19054,12662493.00
19055,11714885.00
19056,7818732.00
19057,12708666.00
19058,37856656.00
19059,84495264.00
19060,16946702.00
19061,5986347.00
19062,37823700.00
19063,9592854.00
19064,41057224.00
19065,9054136.00
19066,14848916.00
19067,29402760.00
19068,6287856.00
19069,11417933.00
19070,18998170.00
19071,43061084.00
19072,17555580.00
19073,33791296.00
19074,55981720.00
19075,38451696.00
19076,11044573.00
19077,37056984.00
19078,12179025.00
19079,5579470.50
19080,20512296.00
19081,28341284.00
19082,9504402.00
19083,10329164.00
19084,17637998.00
19085,16035500.00
19086,27307380.00
19087,8674912.00
19088,13941964.00
19089,28556958.00
19090,15653908.00
19091,13462420.00
19092,55334900.00
19093,14568833.00
19094,12440310.00
19095,13945473.00
19096,13033471.00
19097,8329597.00
19098,18528126.00
19099,15465084.00
19100,13674017.00
19101,8631898.00
19102,7597736.50
19103,7431122.00
19104,20987848.00
19105,10962269.00
19106,22826522.00
19107,38708112.00
19108,16293162.00
19109,11770860.00
19110,11412626.00
19111,16000718.00
19112,13043238.00
19113,24633094.00
19114,9978893.00
19115,23533510.00
19116,7567206.50
19117,20899156.00
19118,10518488.00
19119,10386662.00
19120,48689296.00
19121,13157468.00
19122,28609100.00
19123,9391806.00
19124,19503390.00
19125,17653912.00
19126,10078177.00
19127,11711107.00
19128,26228196.00
19129,8482088.00
19130,9919912.00
19131,13028477.00
19132,19643448.00
19133,7643245.50
19134,12128337.00
19135,5415100.00
19136,42837992.00
19137,52171204.00
19138,22978872.00
19139,40044588.00
19140,8734586.00
19141,11106250.00
19142,14201055.00
19143,13356699.00
19144,9294800.00
19145,12889106.00
19146,14014618.00
19147,9885046.00
19148,23537862.00
19149,10616912.00
19150,15015580.00
19151,10759090.00
19152,15807551.00
19153,41015132.00
19154,31369048.00
19155,15175156.00
19156,16459660.00
19157,19014824.00
19158,17454028.00
19159,21983686.00
19160,12754396.00
19161,27037352.00
19162,20155366.00
19163,13014748.00
19164,19154542.00
19165,10891965.00
19166,14225021.00
19167,26174866.00
19168,7031624.50
19169,7886054.00
19170,11378953.00
19171,20265830.00
19172,21028932.00
19173,49965092.00
19174,6939620.50
19175,21488072.00
19176,23649298.00
19177,10483450.00
19178,17935772.00
19179,22267464.00
19180,25556312.00
19181,14038253.00
19182,20728154.00
19183,8836168.00
19184,13408366.00
19185,28932962.00
19186,36965140.00
19187,3344162.00
19188,10509626.00
19189,11374520.00
19190,23304510.00
19191,16586728.00
19192,50529976.00
19193,12864604.00
19194,42943892.00
19195,11036810.00
19196,22667898.00
19197,5599998.00
19198,39504476.00
19199,18504234.00
19200,1467039.00
19201,21960634.00
19202,15082872.00
19203,8275395.00
19204,9688320.00
19205,15084543.00
19206,18632080.00
19207,8959279.00
19208,12890822.00
19209,4518277.00
19210,18144834.00
19211,7345130.00
19212,11794867.00
19213,21849314.00
19214,13606217.00
19215,21319770.00
19216,8526643.00
19217,21741378.00
19218,42930912.00
19219,39009272.00
19220,9017022.00
19221,20120192.00
19222,40682588.00
19223,102594992.00
19224,11087462.00
19225,9931016.00
19226,5650855.50
19227,7197478.50
19228,36488168.00
19229,6671191.50
19230,10266610.00
19231,12327640.00
19232,15839476.00
19233,146684128.00
19234,25803816.00
19235,14162778.00
19236,32356592.00
19237,22382792.00
19238,12381614.00
19239,7165915.00
19240,10771679.00
19241,16282025.00
19242,38830648.00
19243,39419156.00
19244,11605786.00
19245,21272180.00
19246,11726084.00
19247,10029154.00
19248,15661917.00
19249,28340628.00
19250,14302623.00
19251,13541633.00
19252,6757536.00
19253,11225940.00
19254,20646794.00
19255,21396496.00
19256,12017944.00
19257,13831212.00
19258,13529228.00
19259,8756485.00
19260,16566437.00
19261,11353522.00
19262,19018432.00
19263,7344935.50
19264,8932940.00
19265,39387936.00
19266,20826608.00
19267,14397943.00
19268,53608800.00
19269,5162914.00
19270,11155593.00
19271,15512451.00
19272,11905532.00
19273,32700936.00
19274,10238510.00
19275,13524308.00
19276,13070764.00
19277,32979344.00
19278,13556918.00
19279,34748848.00
19280,38008440.00
19281,17657312.00
19282,12401294.00
19283,12230822.00
19284,10882309.00
19285,19388890.00
19286,10277116.00
19287,18168828.00
19288,17907084.00
19289,19585640.00
19290,23130192.00
19291,22700172.00
19292,12427736.00
19293,19156260.00
19294,11032319.00
19295,26980440.00
19296,10865317.00
19297,15599604.00
19298,8052517.00
19299,15837774.00
19300,10738171.00
19301,46978864.00
19302,14978508.00
19303,27167686.00
19304,37804092.00
19305,21709716.00
19306,22169144.00
19307,11563300.00
19308,15080018.00
19309,28079400.00
19310,12964378.00
19311,5555869.00
19312,31535760.00
19313,10885775.00
19314,22882530.00
19315,11645660.00
19316,9343500.00
19317,23716468.00
19318,9183158.00
19319,10345990.00
19320,29249188.00
19321,14733711.00
19322,9832697.00
19323,13156287.00
19324,23537496.00
19325,55497712.00
19326,15839185.00
19327,10904047.00
19328,6934548.00
19329,20406462.00
19330,9027406.00
19331,14270365.00
19332,6791862.00
19333,10942563.00
19334,25625744.00
19335,10425035.00
19336,31620940.00
19337,9723370.00
19338,42887320.00
19339,18990338.00
19340,7800814.50
19341,26012002.00
19342,7379599.50
19343,15453149.00
19344,36119496.00
19345,28561094.00
19346,8966780.00
19347,5805776.00
19348,22055140.00
19349,6640957.50
19350,12266190.00
19351,53147992.00
19352,10202322.00
19353,12875828.00
19354,17646556.00
19355,14425862.00
19356,10080984.00
19357,16155977.00
19358,22764032.00
19359,15006154.00
19360,9856003.00
19361,21942736.00
19362,22481886.00
19363,9073577.00
19364,32791900.00
19365,16466198.00
19366,5566068.00
19367,8686110.00
19368,8829818.00
19369,11584954.00
19370,11093638.00
19371,19451178.00
19372,10281011.00
19373,12011907.00
19374,12296477.00
19375,7678941.00
19376,10265808.00
19377,16006816.00
19378,11732343.00
19379,8901421.00
19380,21809564.00
19381,19788586.00
19382,8175358.50
19383,17850448.00
19384,11709267.00
19385,12758916.00
19386,19376932.00
19387,29149364.00
19388,31666998.00
19389,11660292.00
19390,10433941.00
19391,8735216.00
19392,11843612.00
19393,15521595.00
19394,6026135.00
19395,52695244.00
19396,10098811.00
19397,10714745.00
19398,14705203.00
19399,9862694.00
19400,10679325.00
19401,13927020.00
19402,16392003.00
19403,8314931.00
19404,38706888.00
19405,13138271.00
19406,24600496.00
19407,36585056.00
19408,12258874.00
19409,32732204.00
19410,45298192.00
19411,11770847.00
19412,8509400.00
19413,39850528.00
19414,13263892.00
19415,27233392.00
19416,5907579.00
19417,14565838.00
19418,18661762.00
19419,11168163.00
19420,6069387.00
19421,10502248.00
19422,16320234.00
19423,9854032.00
19424,10073770.00
19425,12420534.00
19426,16495948.00
19427,21020958.00
19428,6111744.00
19429,9653004.00
19430,16321571.00
19431,30983032.00
19432,6402052.00
19433,10717084.00
19434,18698136.00
19435,14151965.00
19436,17492812.00
19437,23702604.00
19438,9790196.00
19439,14937025.00
19440,42314384.00
19441,41169068.00
19442,13669384.00
19443,21919732.00
19444,13668788.00
19445,13244404.00
19446,21217552.00
19447,8074249.00
19448,14902483.00
19449,18742888.00
19450,23231954.00
19451,10717070.00
19452,23002764.00
19453,18884130.00
19454,9056862.00
19455,20893732.00
19456,41738644.00
19457,19237524.00
19458,13275232.00
19459,69467128.00
19460,16581620.00
19461,13985222.00
19462,13389405.00
19463,7582300.00
19464,10079692.00
19465,11965775.00
19466,24659176.00
19467,30585844.00
19468,33689712.00
19469,12014857.00
19470,17069710.00
19471,22390950.00
19472,25435044.00
19473,6056131.00
19474,7707407.50
19475,62300428.00
19476,11136727.00
19477,6971342.00
19478,22542544.00
19479,26112320.00
19480,28378942.00
19481,20724624.00
19482,9887152.00
19483,11980276.00
19484,16105558.00
19485,27311002.00
19486,17550204.00
19487,13910022.00
19488,10020025.00
19489,33608004.00
19490,34427360.00
19491,9696045.00
19492,16726678.00
19493,8275357.00
19494,52685904.00
19495,13392422.00
19496,21842462.00
19497,13207235.00
19498,8861330.00
19499,8654204.00
19500,6875522.50
19501,35416756.00
19502,21964948.00
19503,39930980.00
19504,7829056.50
19505,17447598.00
19506,31381864.00
19507,7192246.00
19508,5027146.00
19509,10429150.00
19510,10477098.00
19511,23222228.00
19512,19269168.00
19513,22618996.00
19514,19039072.00
19515,4901679.00
19516,13386648.00
19517,29004108.00
19518,11858250.00
19519,15538474.00
19520,11747130.00
19521,13891825.00
19522,27178504.00
19523,16499299.00
19524,34196828.00
19525,19822488.00
19526,11276509.00
19527,22624812.00
19528,11953356.00
19529,45242260.00
19530,11615290.00
19531,12510427.00
19532,18859964.00
19533,9898182.00
19534,11414145.00
19535,9723945.00
19536,14397702.00
19537,21737990.00
19538,12939372.00
19539,15600216.00
19540,428749.00
19541,191100336.00
19542,10422682.00
19543,11259261.00
19544,10564461.00
19545,39361936.00
19546,9758128.00
19547,15819540.00
19548,9570424.00
19549,14291987.00
19550,12481362.00
19551,15589705.00
19552,15692372.00
19553,51320928.00
19554,23103768.00
19555,9463917.00
19556,9916786.00
19557,5309190.00
19558,22558984.00
19559,18671996.00
19560,21993296.00
19561,12786437.00
19562,17683156.00
19563,14100236.00
19564,6574043.00
19565,20180304.00
19566,24068648.00
19567,15439843.00
19568,7961672.50
19569,9647104.00
19570,11654540.00
19571,6373863.50
19572,29671860.00
19573,25243904.00
19574,39119608.00
19575,4398753.00
19576,23041270.00
19577,12136556.00
19578,11807094.00
19579,14222671.00
19580,16062828.00
19581,16151869.00
19582,8430465.00
19583,26679930.00
19584,15041650.00
19585,8316401.50
19586,28992390.00
19587,22014144.00
19588,18057186.00
19589,30048314.00
19590,29087704.00
19591,11001638.00
19592,9822242.00
19593,22841734.00
19594,28339700.00
19595,13275272.00
19596,19358464.00
19597,18070160.00
19598,9200160.00
19599,16153043.00
19600,7295160.50
19601,9346618.00
19602,16099071.00
19603,8018350.50
19604,31116940.00
19605,10160120.00
19606,10394936.00
19607,7357953.50
19608,8851462.00
19609,7813771.00
19610,7876311.50
19611,41964496.00
19612,47989528.00
19613,16655062.00
19614,9658808.00
19615,22767668.00
19616,11633425.00
19617,18563870.00
19618,19839096.00
19619,28526620.00
19620,13889902.00
19621,13664799.00
19622,13841798.00
19623,6608979.00
19624,18308850.00
19625,8267171.00
19626,7576126.50
19627,18894414.00
19628,10091492.00
19629,19580896.00
19630,17773488.00
19631,15436184.00
19632,19451178.00
19633,30669976.00
19634,12710852.00
19635,32982812.00
19636,74187752.00
19637,7754399.50
19638,8246547.00
19639,7306535.50
19640,10758538.00
19641,21476116.00
19642,45066508.00
19643,10872676.00
19644,10792227.00
19645,17084580.00
19646,25259976.00
19647,7426443.50
19648,10572007.00
19649,10091780.00
19650,11734799.00
19651,23141314.00
19652,22336044.00
19653,4132575.00
19654,12359916.00
19655,12817606.00
19656,7650286.50
19657,11512905.00
19658,11614601.00
19659,19614744.00
19660,18134060.00
19661,34856264.00
19662,13760596.00
19663,27967834.00
19664,18167400.00
19665,27812248.00
19666,12696174.00
19667,21380792.00
19668,11833082.00
19669,8255714.50
19670,15894889.00
19671,17821920.00
19672,21501044.00
19673,12167782.00
19674,16658033.00
19675,15621897.00
19676,27934924.00
19677,26442932.00
19678,9858704.00
19679,22813612.00
19680,10519564.00
19681,24689680.00
19682,16772150.00
19683,47123600.00
19684,15904698.00
19685,15480307.00
19686,12568316.00
19687,36696124.00
19688,30139816.00
19689,11566321.00
19690,32770924.00
19691,16255237.00
19692,8827831.00
19693,15805713.00
19694,11143770.00
19695,9796738.00
19696,17489308.00
19697,33098746.00
19698,13843858.00
19699,7291085.50
19700,14455713.00
19701,9955963.00
19702,8063271.00
19703,36735000.00
19704,24072256.00
19705,11870445.00
19706,14271549.00
19707,13325367.00
19708,11537432.00
19709,17741692.00
19710,16167820.00
19711,6183988.00
19712,26431388.00
19713,7034429.00
19714,10802002.00
19715,36421256.00
19716,24156408.00
19717,6472343.00
19718,8211169.50
19719,22364730.00
19720,17969270.00
19721,10417892.00
19722,8292567.50
19723,18466770.00
19724,16764210.00
19725,13002404.00
19726,12214333.00
19727,6886126.50
19728,22230774.00
19729,15714826.00
19730,21085402.00
19731,34460252.00
19732,13194194.00
19733,17634216.00
19734,15792927.00
19735,27797716.00
19736,20825752.00
19737,40147108.00
19738,13131485.00
19739,11485838.00
19740,8728936.00
19741,14596358.00
19742,20870682.00
19743,19964806.00
19744,13337459.00
19745,15610703.00
19746,53154340.00
19747,19917934.00
19748,30894616.00
19749,8436884.00
19750,15971814.00
19751,10749944.00
19752,8457192.00
19753,11475683.00
19754,63132980.00
19755,7236125.50
19756,19165924.00
19757,22271882.00
19758,19293240.00
19759,14508840.00
19760,12212182.00
19761,17359100.00
19762,28674622.00
19763,8018581.00
19764,16007427.00
19765,24367800.00
19766,9543226.00
19767,22839944.00
19768,21517788.00
19769,11383962.00
19770,10175055.00
19771,9117314.00
19772,14030930.00
19773,6562658.00
19774,18057818.00
19775,3714051.00
19776,15025423.00
19777,13331174.00
19778,37777228.00
19779,39831736.00
19780,10352945.00
19781,9079714.00
19782,10395222.00
19783,15290630.00
19784,35634920.00
19785,15804099.00
19786,10754179.00
19787,45328976.00
19788,14077021.00
19789,6643939.00
19790,15887140.00
19791,17645262.00
19792,14558771.00
19793,16960370.00
19794,9628404.00
19795,14295548.00
19796,27270034.00
19797,19627104.00
19798,12434529.00
19799,43102916.00
19800,19123316.00
19801,12815409.00
19802,31506252.00
19803,15820298.00
19804,12424143.00
19805,19077716.00
19806,11903610.00
19807,8651900.00
19808,10688479.00
19809,33517818.00
19810,8281916.00
19811,13774312.00
19812,13582423.00
19813,44739712.00
19814,16784118.00
19815,18775312.00
19816,23854952.00
19817,8313764.00
19818,19160960.00
19819,5832636.00
19820,11768248.00
19821,23400070.00
19822,12204367.00
19823,9778788.00
19824,12096438.00
19825,10234274.00
19826,13775402.00
19827,12093554.00
19828,12748390.00
19829,15430858.00
19830,11184360.00
19831,17760556.00
19832,5390857.00
19833,9478480.00
19834,32379678.00
19835,22051928.00
19836,38780776.00
19837,15353660.00
19838,6533225.00
19839,37753972.00
19840,12023748.00
19841,15547145.00
19842,13634874.00
19843,12974506.00
19844,15727517.00
19845,20900532.00
19846,21725598.00
19847,25867700.00
19848,16824664.00
19849,41010016.00
19850,16959228.00
19851,11714877.00
19852,13047460.00
19853,21801764.00
19854,17907282.00
19855,21684766.00
19856,18113886.00
19857,10313100.00
19858,20377814.00
19859,36042928.00
19860,10272747.00
19861,20058910.00
19862,12585955.00
19863,19748296.00
19864,13730264.00
19865,721320.94
19866,22734214.00
19867,35965948.00
19868,18383068.00
19869,4573689.00
19870,17700794.00
19871,5654311.00
19872,31307060.00
19873,18303346.00
19874,15645687.00
19875,17449090.00
19876,9875861.00
19877,10704899.00
19878,6121621.00
19879,19196150.00
19880,30025152.00
19881,21859590.00
19882,16693684.00
19883,41155164.00
19884,36794440.00
19885,13535726.00
19886,15980991.00
19887,49294212.00
19888,12816187.00
19889,27952244.00
19890,25761424.00
19891,23433846.00
19892,13409407.00
19893,20871468.00
19894,20448858.00
19895,13155799.00
19896,16378446.00
19897,30830832.00
19898,18337048.00
19899,21963110.00
19900,17471128.00
19901,42632168.00
19902,28173690.00
19903,16516476.00
19904,19121128.00
19905,12046476.00
19906,6729508.50
19907,20991988.00
19908,21320726.00
19909,30668168.00
19910,9604430.00
19911,28028664.00
19912,8121968.00
19913,16991422.00
19914,9200466.00
19915,19997926.00
19916,7325267.00
19917,10294217.00
19918,7495636.50
19919,9128952.00
19920,10224916.00
19921,18690942.00
19922,6840627.00
19923,32123294.00
19924,15249460.00
19925,11081861.00
19926,19668572.00
19927,7214476.00
19928,10659048.00
19929,11142226.00
19930,39955264.00
19931,33893672.00
19932,122817360.00
19933,14519785.00
19934,11389774.00
19935,11118348.00
19936,14444735.00
19937,18023234.00
19938,16051263.00
19939,12212628.00
19940,11351779.00
19941,26931608.00
19942,10742557.00
19943,25472222.00
19944,26970204.00
19945,28412744.00
19946,8474812.00
19947,14837370.00
19948,8509894.00
19949,9260691.00
19950,21458438.00
19951,31680820.00
19952,10811534.00
19953,9419376.00
19954,13526278.00
19955,7317463.00
19956,16199203.00
19957,34601188.00
19958,13282586.00
19959,7830294.00
19960,19377422.00
19961,13514644.00
19962,13682609.00
19963,15306980.00
19964,17983256.00
19965,10779310.00
19966,21711798.00
19967,25808922.00
19968,10965690.00
19969,16273750.00
19970,9661054.00
19971,12293494.00
19972,13227904.00
19973,12003846.00
19974,13899804.00
19975,7142348.00
19976,17810242.00
19977,17465358.00
19978,10757691.00
19979,14746824.00
19980,19317150.00
19981,28341284.00
19982,22431128.00
19983,24821040.00
19984,10486622.00
19985,12776628.00
19986,12901827.00
19987,15791887.00
19988,11723693.00
19989,19831424.00
19990,6101566.50
19991,13263566.00
19992,12202030.00
19993,18668164.00
19994,9447193.00
19995,20286234.00
19996,12038373.00
19997,4548081.00
19998,37459960.00
19999,11411434.00
20000,21396838.00
20001,11827343.00
20002,15014026.00
20003,15576891.00
20004,44026960.00
20005,7969561.50
20006,4878269.00
20007,13259040.00
20008,11011411.00
20009,10539820.00
20010,11430170.00
20011,14484024.00
20012,7526997.00
20013,25146470.00
20014,12649126.00
20015,36391168.00
20016,28328186.00
20017,8708394.00
20018,12583622.00
20019,12465452.00
20020,13327852.00
20021,17937392.00
20022,17092326.00
20023,18290502.00
20024,25677928.00
20025,18478114.00
20026,35785728.00
20027,8076870.00
20028,7268012.00
20029,17722572.00
20030,9910089.00
20031,16638464.00
20032,16363427.00
20033,11788198.00
20034,22010194.00
20035,15430188.00
20036,34546272.00
20037,27021696.00
20038,12815188.00
20039,10992058.00
20040,11694161.00
20041,20224636.00
20042,6460858.00
20043,17911672.00
20044,17240552.00
20045,19078702.00
20046,7576241.50
20047,25365032.00
20048,17850592.00
20049,20072818.00
20050,11000874.00
20051,42572884.00
20052,8052424.50
20053,10088122.00
20054,9454687.00
20055,17357874.00
20056,8001406.50
20057,12806845.00
20058,8946673.00
20059,24025544.00
20060,7816690.00
20061,36327652.00
20062,13364777.00
20063,11644415.00
20064,14455739.00
20065,11598100.00
20066,17466022.00
20067,36751100.00
20068,10070094.00
20069,23183112.00
20070,15050716.00
20071,10244868.00
20072,10510048.00
20073,20732700.00
20074,6488600.50
20075,20987144.00
20076,18822526.00
20077,25778332.00
20078,14904831.00
20079,8106590.50
20080,10564380.00
20081,8779312.00
20082,8456263.00
20083,11076215.00
20084,14746441.00
20085,14243148.00
20086,15613716.00
20087,7661027.00
20088,17388512.00
20089,32756496.00
20090,13172869.00
20091,8652994.00
20092,12583588.00
20093,17474110.00
20094,27315348.00
20095,10268596.00
20096,10591188.00
20097,23474972.00
20098,9048030.00
20099,36652244.00
20100,24138964.00
20101,15674272.00
20102,11875044.00
20103,34173404.00
20104,10861380.00
20105,8993420.00
20106,12135259.00
20107,19640698.00
20108,9415168.00
20109,18214240.00
20110,24995596.00
20111,42239180.00
20112,23013852.00
20113,8714990.00
20114,7074573.50
20115,26229978.00
20116,8706663.00
20117,34414652.00
20118,20408444.00
20119,19581794.00
20120,8188733.50
20121,13692035.00
20122,17593864.00
20123,10564461.00
20124,8930676.00
20125,35085408.00
20126,29298056.00
20127,12661240.00
20128,6620350.00
20129,16906524.00
20130,20993736.00
20131,11501690.00
20132,22317468.00
20133,27048460.00
20134,17166430.00
20135,9448990.00
20136,71823904.00
20137,7331390.50
20138,22519512.00
20139,12729324.00
20140,22074120.00
20141,12664186.00
20142,11804237.00
20143,11126258.00
20144,17571706.00
20145,22263760.00
20146,30899962.00
20147,23895972.00
20148,20111420.00
20149,6503772.00
20150,150102160.00
20151,24338508.00
20152,30676016.00
20153,29932260.00
20154,13429292.00
20155,21471972.00
20156,39775352.00
20157,8842256.00
20158,13021400.00
20159,17310172.00
20160,16644474.00
20161,12385317.00
20162,18918150.00
20163,12614573.00
20164,14230348.00
20165,16727676.00
20166,9427404.00
20167,23559416.00
20168,19486704.00
20169,16005933.00
20170,10333406.00
20171,10440750.00
20172,10739062.00
20173,31554744.00
20174,5568414.00
20175,14318659.00
20176,32819352.00
20177,7656477.00
20178,30138990.00
20179,8579264.00
20180,15952484.00
20181,4023919.00
20182,13820349.00
20183,25078618.00
20184,4634754.00
20185,12032561.00
20186,32533284.00
20187,53070264.00
20188,21019812.00
20189,12326834.00
20190,7114618.00
20191,28268442.00
20192,26044166.00
20193,17117058.00
20194,37712212.00
20195,14456986.00
20196,18381904.00
20197,6846542.00
20198,9933088.00
20199,19603882.00
20200,8142235.50
20201,29984978.00
20202,16490246.00
20203,8427788.00
20204,22005852.00
20205,12838680.00
20206,26420480.00
20207,8582064.00
20208,20121506.00
20209,9465703.00
20210,13607942.00
20211,12772413.00
20212,8693195.00
20213,11734326.00
20214,8355395.00
20215,11671960.00
20216,5917821.00
20217,27676824.00
20218,19160352.00
20219,7731419.50
20220,16051263.00
20221,8816612.00
20222,22598498.00
20223,11703820.00
20224,8510279.00
20225,35823624.00
20226,21608912.00
20227,14519459.00
20228,21456718.00
20229,9833218.00
20230,21098100.00
20231,16594212.00
20232,9764575.00
20233,8505844.00
20234,20949348.00
20235,10577198.00
20236,7760241.50
20237,7572696.50
20238,38448540.00
20239,16970822.00
20240,18542752.00
20241,13598077.00
20242,10793002.00
20243,96863280.00
20244,19830802.00
20245,10297990.00
20246,10979104.00
20247,8409294.00
20248,19682944.00
20249,18091666.00
20250,19147164.00
20251,24087918.00
20252,6655684.50
20253,28517604.00
20254,12327580.00
20255,17573140.00
20256,23609844.00
20257,35899048.00
20258,14692284.00
20259,32520176.00
20260,5390081.50
20261,13310909.00
20262,24924536.00
20263,26420214.00
20264,11457134.00
20265,46592568.00
20266,33643760.00
20267,19881494.00
20268,9109057.00
20269,14198214.00
20270,12845924.00
20271,16891820.00
20272,18816986.00
20273,12526753.00
20274,128266776.00
20275,16570156.00
20276,6793591.50
20277,22404730.00
20278,8091638.50
20279,29470638.00
20280,29114142.00
20281,8978860.00
20282,8676616.00
20283,8939730.00
20284,6527431.00
20285,10922368.00
20286,15748044.00
20287,18500262.00
20288,12183316.00
20289,19387152.00
20290,14558380.00
20291,12945129.00
20292,21117812.00
20293,25803816.00
20294,22976474.00
20295,13594164.00
20296,16099619.00
20297,11454074.00
20298,9782368.00
20299,33952592.00
20300,13572536.00
20301,10690522.00
20302,30219728.00
20303,24416030.00
20304,12544093.00
20305,9893682.00
20306,35973260.00
20307,20214942.00
20308,12765455.00
20309,85712168.00
20310,33511092.00
20311,16297455.00
20312,24563614.00
20313,13540879.00
20314,18018770.00
20315,13095269.00
20316,14158879.00
20317,19173072.00
20318,24826732.00
20319,14091173.00
20320,18743340.00
20321,5924802.00
20322,22727928.00
20323,12240362.00
20324,10909585.00
20325,16264317.00
20326,24296656.00
20327,14818484.00
20328,14732764.00
20329,41816056.00
20330,23792356.00
20331,16278380.00
20332,12030940.00
20333,29085032.00
20334,21841948.00
20335,11666572.00
20336,7653073.50
20337,7125030.00
20338,27246426.00
20339,18144810.00
20340,13611278.00
20341,7145810.00
20342,19659472.00
20343,37014816.00
20344,16299046.00
20345,8971824.00
20346,25965840.00
20347,10928014.00
20348,7567206.50
20349,21060228.00
20350,8956036.00
20351,12193725.00
20352,22296232.00
20353,44934888.00
20354,15543860.00
20355,15622624.00
20356,23901136.00
20357,11590892.00
20358,15172132.00
20359,10626053.00
20360,20625872.00
20361,15084000.00
20362,15960532.00
20363,13595648.00
20364,28270792.00
20365,23329132.00
20366,18701516.00
20367,11235653.00
20368,21340892.00
20369,33370880.00
20370,31792392.00
20371,9297542.00
20372,13040124.00
20373,32906864.00
20374,8257973.00
20375,19239470.00
20376,8582436.00
20377,11335402.00
20378,8843048.00
20379,10874496.00
20380,17095496.00
20381,9624346.00
20382,10450162.00
20383,8228618.00
20384,35417212.00
20385,21569374.00
20386,14675621.00
20387,10115514.00
20388,10091450.00
20389,14007759.00
20390,13232041.00
20391,10733878.00
20392,13586703.00
20393,17850550.00
20394,14321618.00
20395,16969388.00
20396,11824209.00
20397,10440292.00
20398,6874566.50
20399,13537618.00
20400,15705393.00
20401,15052791.00
20402,10714360.00
20403,16171656.00
20404,16199610.00
20405,1869238.12
20406,11686927.00
20407,14225691.00
20408,14513823.00
20409,25159640.00
20410,13647018.00
20411,19678662.00
20412,10393665.00
20413,13799334.00
20414,12345240.00
20415,10294736.00
20416,18478000.00
20417,20524796.00
20418,9977142.00
20419,4297196.00
20420,18448552.00
20421,17697018.00
20422,13608223.00
20423,5874320.00
20424,8932606.00
20425,16371421.00
20426,10053531.00
20427,9739650.00
20428,11027489.00
20429,22193512.00
20430,72701776.00
20431,58377140.00
20432,59551116.00
20433,14289078.00
20434,9657571.00
20435,39162652.00
20436,8315881.50
20437,27776438.00
20438,14050431.00
20439,9463540.00
20440,7711789.00
20441,8145431.00
20442,10479366.00
20443,9260692.00
20444,49541648.00
20445,11191647.00
20446,7321265.50
20447,32053980.00
20448,8264446.50
20449,38085576.00
20450,27246426.00
20451,17757438.00
20452,9728149.00
20453,47154536.00
20454,12590835.00
20455,44107520.00
20456,47325144.00
20457,20667068.00
20458,13553590.00
20459,14812077.00
20460,20462190.00
20461,22221178.00
20462,10299090.00
20463,6079918.00
20464,12569549.00
20465,11868808.00
20466,14132728.00
20467,10580484.00
20468,22050980.00
20469,17415736.00
20470,15187373.00
20471,14303968.00
20472,12022159.00
20473,10741608.00
20474,15724678.00
20475,7197618.00
20476,5239508.00
20477,9758614.00
20478,11640268.00
20479,19864488.00
20480,32115102.00
20481,21360782.00
20482,27508836.00
20483,12458249.00
20484,12511734.00
20485,18586242.00
20486,18175548.00
20487,9103915.00
20488,13194134.00
20489,14432568.00
20490,9070430.00
20491,10366488.00
20492,56555116.00
20493,11406936.00
20494,8442352.00
20495,9948879.00
20496,21971288.00
20497,12540666.00
20498,25136840.00
20499,16112471.00
20500,19669254.00
20501,19019108.00
20502,7747151.50
20503,9821982.00
20504,12363834.00
20505,25941218.00
20506,12848524.00
20507,16038980.00
20508,11821994.00
20509,10441854.00
20510,15912083.00
20511,24218210.00
20512,17930550.00
20513,12891647.00
20514,30936756.00
20515,36796888.00
20516,12250328.00
20517,11422248.00
20518,14568338.00
20519,27376064.00
20520,13643707.00
20521,6714785.50
20522,40506960.00
20523,14967013.00
20524,32741958.00
20525,26395362.00
20526,10057021.00
20527,35217904.00
20528,9452522.00
20529,7336711.00
20530,21586306.00
20531,13666984.00
20532,11347087.00
20533,35755724.00
20534,43322876.00
20535,18899190.00
20536,9670834.00
20537,29354682.00
20538,12755246.00
20539,13252417.00
20540,9486568.00
20541,6292169.00
20542,8543718.00
20543,21945608.00
20544,17032210.00
20545,9836514.00
20546,15499077.00
20547,8700414.00
20548,45749700.00
20549,8260966.00
20550,17623054.00
20551,12855398.00
20552,6759486.50
20553,3110288.00
20554,14467418.00
20555,8787666.00
20556,9463474.00
20557,10026013.00
20558,23124854.00
20559,22598278.00
20560,25403590.00
20561,15223515.00
20562,24653744.00
20563,22979136.00
20564,47787600.00
20565,7272860.00
20566,5304211.00
20567,9623814.00
20568,9670308.00
20569,13242982.00
20570,9419678.00
20571,11146049.00
20572,14669149.00
20573,30550970.00
20574,11177628.00
20575,33966416.00
20576,25226320.00
20577,30299124.00
20578,8206327.50
20579,24865170.00
20580,16499456.00
20581,12667625.00
20582,32266076.00
20583,16360940.00
20584,22665538.00
20585,15429888.00
20586,17203818.00
20587,22367476.00
20588,34167360.00
20589,16976692.00
20590,16781380.00
20591,13203881.00
20592,10511062.00
20593,6421997.00
20594,7894009.50
20595,18734922.00
20596,15762764.00
20597,25435044.00
20598,16001388.00
20599,21983686.00
20600,10760558.00
20601,11410230.00
20602,16285467.00
20603,7896497.50
20604,9083176.00
20605,19892750.00
20606,11863907.00
20607,20861670.00
20608,13557361.00
20609,20920768.00
20610,40288044.00
20611,25391240.00
20612,37099456.00
20613,16330979.00
20614,6776954.00
20615,14447994.00
20616,8586528.00
20617,24893672.00
20618,12333766.00
20619,8202886.00
20620,12916268.00
20621,9600293.00
20622,9688320.00
20623,22547928.00
20624,18926344.00
20625,878836.00
20626,11635826.00
20627,8941674.00
20628,7882751.50
20629,15403667.00
20630,12528451.00
20631,17662978.00
20632,69571896.00
20633,17437860.00
20634,12463982.00
20635,11747538.00
20636,17235012.00
20637,48918856.00
20638,10495924.00
20639,6798830.50
20640,22727866.00
20641,14492502.00
20642,14371926.00
20643,21069866.00
20644,21716654.00
20645,34278040.00
20646,13081870.00
20647,19121128.00
20648,10344981.00
20649,43449716.00
20650,8920966.00
20651,17314586.00
20652,7543869.00
20653,28703490.00
20654,49546940.00
20655,12409362.00
20656,10146718.00
20657,6881694.00
20658,20089544.00
20659,33150088.00
20660,29197120.00
20661,24895256.00
20662,17949684.00
20663,26432240.00
20664,37028732.00
20665,16492910.00
20666,14610970.00
20667,22718814.00
20668,7657955.00
20669,17801200.00
20670,12744406.00
20671,8744218.00
20672,6849603.00
20673,28131590.00
20674,18046620.00
20675,12926179.00
20676,9242804.00
20677,17006364.00
20678,8243027.00
20679,4423515.00
20680,12039770.00
20681,15236183.00
20682,20278226.00
20683,9284785.00
20684,18400026.00
20685,7096698.00
20686,9473404.00
20687,19415956.00
20688,43324476.00
20689,12142006.00
20690,8414936.00
20691,5477454.00
20692,22493954.00
20693,9090533.00
20694,9574134.00
20695,12731506.00
20696,11962004.00
20697,18039616.00
20698,6343574.00
20699,9965130.00
20700,7334241.50
20701,14906758.00
20702,16716178.00
20703,58678120.00
20704,11906883.00
20705,10092138.00
20706,7801012.50
20707,18789872.00
20708,9783062.00
20709,8836168.00
20710,13295561.00
20711,19884376.00
20712,14719348.00
20713,14862985.00
20714,13231588.00
20715,39337432.00
20716,32318800.00
20717,22664538.00
20718,24294476.00
20719,16246236.00
20720,10344288.00
20721,12836355.00
20722,9161922.00
20723,14594703.00
20724,10097294.00
20725,21019706.00
20726,13478566.00
20727,15595776.00
20728,20052506.00
20729,14197702.00
20730,8575224.00
20731,21459796.00
20732,14602089.00
20733,4710835.00
20734,12217932.00
20735,10177098.00
20736,19920402.00
20737,18229180.00
20738,27312660.00
20739,15725937.00
20740,20826316.00
20741,11767319.00
20742,26659572.00
20743,23882532.00
20744,22780112.00
20745,4780909.00
20746,118361376.00
20747,9276534.00
20748,18654884.00
20749,12777626.00
20750,21969764.00
20751,13540879.00
20752,16801964.00
20753,12246323.00
20754,9580040.00
20755,21931490.00
20756,22910512.00
20757,6761130.00
20758,9333508.00
20759,26413836.00
20760,12857841.00
20761,21992290.00
20762,70907488.00
20763,22180352.00
20764,18857232.00
20765,33777988.00
20766,14886116.00
20767,13097920.00
20768,17077360.00
20769,11477612.00
20770,18350642.00
20771,21284282.00
20772,35232656.00
20773,11916558.00
20774,19263834.00
20775,8165915.00
20776,25127204.00
20777,22345858.00
20778,11114708.00
20779,10989910.00
20780,9608393.00
20781,11584831.00
20782,30993734.00
20783,33139200.00
20784,25195480.00
20785,40609216.00
20786,9162299.00
20787,58493220.00
20788,6735597.50
20789,10472638.00
20790,102637448.00
20791,13238863.00
20792,7382519.50
20793,35522664.00
20794,16338621.00
20795,16739708.00
20796,4830856.00
20797,10555038.00
20798,31066426.00
20799,9997458.00
20800,36967816.00
20801,37795888.00
20802,16941328.00
20803,11309476.00
20804,44477368.00
20805,8655618.00
20806,12045152.00
20807,8759224.00
20808,5575384.50
20809,18214696.00
20810,25338624.00
20811,23720796.00
20812,10294736.00
20813,28752424.00
20814,7329122.00
20815,22217368.00
20816,12587811.00
20817,11134636.00
20818,15268287.00
20819,24228350.00
20820,24938344.00
20821,27467190.00
20822,9562202.00
20823,26141174.00
20824,10329389.00
20825,19225710.00
20826,22830428.00
20827,8542434.00
20828,11757590.00
20829,8449734.00
20830,21112730.00
20831,33411148.00
20832,9123878.00
20833,8303136.50
20834,19895172.00
20835,28306084.00
20836,6589118.50
20837,10465324.00
20838,19667640.00
20839,14594324.00
20840,24313260.00
20841,13038922.00
20842,13737574.00
20843,26894796.00
20844,14679090.00
20845,8187109.00
20846,12684332.00
20847,6413476.00
20848,10172088.00
20849,15204046.00
20850,233316592.00
20851,8163836.00
20852,15108259.00
20853,34883668.00
20854,38062240.00
20855,46356376.00
20856,12515684.00
20857,7506577.50
20858,9599670.00
20859,46700592.00
20860,39040360.00
20861,16555918.00
20862,5754334.00
20863,10020533.00
20864,16439301.00
20865,7760241.50
20866,9807776.00
20867,18504528.00
20868,45071416.00
20869,5833513.00
20870,10000592.00
20871,16256010.00
20872,9381660.00
20873,21878288.00
20874,59296696.00
20875,13107082.00
20876,28647664.00
20877,22736870.00
20878,6196408.50
20879,12744312.00
20880,17547320.00
20881,20727608.00
20882,9764132.00
20883,14985622.00
20884,9808728.00
20885,6464910.50
20886,9713568.00
20887,10162526.00
20888,8625602.00
20889,13756029.00
20890,23328876.00
20891,40498872.00
20892,8943560.00
20893,20911936.00
20894,42119108.00
20895,11189088.00
20896,11277432.00
20897,7283286.50
20898,22017900.00
20899,15109894.00
20900,13413834.00
20901,16478874.00
20902,32386786.00
20903,13612548.00
20904,34056356.00
20905,12182298.00
20906,15580739.00
20907,22067962.00
20908,16585617.00
20909,16731274.00
20910,12974822.00
20911,20097428.00
20912,9684486.00
20913,12833370.00
20914,12631439.00
20915,10718516.00
20916,34381624.00
20917,7951355.00
20918,14454152.00
20919,22346394.00
20920,49824936.00
20921,41021400.00
20922,48142896.00
20923,13981036.00
20924,12525795.00
20925,14392076.00
20926,13321236.00
20927,9910089.00
20928,13184035.00
20929,11762294.00
20930,11628998.00
20931,11669012.00
20932,23407320.00
20933,36716344.00
20934,14724260.00
20935,34880252.00
20936,14483549.00
20937,15192340.00
20938,11633316.00
20939,8567358.00
20940,10462216.00
20941,11234932.00
20942,15320545.00
20943,10404678.00
20944,15232244.00
20945,39152668.00
20946,14488846.00
20947,20029420.00
20948,16277348.00
20949,11169160.00
20950,8306896.00
20951,12174216.00
20952,12179023.00
20953,9249543.00
20954,26893604.00
20955,13054081.00
20956,12428259.00
20957,6990804.00
20958,18650428.00
20959,15261189.00
20960,11557865.00
20961,21489216.00
20962,15759520.00
20963,41415520.00
20964,40206548.00
20965,23231462.00
20966,8917671.00
20967,18067392.00
20968,12948792.00
20969,26420480.00
20970,14286371.00
20971,39707128.00
20972,7149758.50
20973,21299540.00
20974,8748390.00
20975,21250818.00
20976,13609984.00
20977,18108032.00
20978,16548874.00
20979,14814442.00
20980,29791376.00
20981,29718284.00
20982,12254450.00
20983,7009442.50
20984,16981660.00
20985,9897772.00
20986,10829068.00
20987,25980328.00
20988,10685990.00
20989,25882978.00
20990,28485976.00
20991,13167868.00
20992,20355900.00
20993,33245504.00
20994,64558452.00
20995,40726908.00
20996,25044560.00
20997,17139320.00
20998,28297268.00
20999,29975592.00
21000,10387071.00
21001,4347133.00
21002,13021481.00
21003,9088554.00
21004,15172465.00
21005,17499284.00
21006,10473036.00
21007,12448255.00
21008,31292004.00
21009,25195992.00
21010,11210801.00
21011,22152990.00
21012,20296040.00
21013,22479724.00
21014,5222088.00
21015,20173978.00
21016,15720716.00
21017,26845780.00
21018,7766358.50
21019,15779941.00
21020,18245068.00
21021,17461738.00
21022,28282562.00
21023,10163561.00
21024,7988743.00
21025,10029512.00
21026,18025108.00
21027,15797100.00
21028,5267652.00
21029,9087840.00
21030,19781176.00
21031,13377276.00
21032,37087136.00
21033,21090592.00
21034,15317434.00
21035,20585316.00
21036,6963134.00
21037,11812538.00
21038,22133860.00
21039,22407768.00
21040,24588230.00
21041,11032728.00
21042,32472140.00
21043,8072689.50
21044,34384780.00
21045,17783734.00
21046,9740322.00
21047,14018829.00
21048,19840518.00
21049,12320686.00
21050,19878516.00
21051,36496156.00
21052,9715970.00
21053,6951635.00
21054,14325027.00
21055,15061853.00
21056,9319312.00
21057,5671531.00
21058,43207448.00
21059,7038074.00
21060,10836613.00
21061,43856276.00
21062,11693934.00
21063,37159468.00
21064,25133342.00
21065,11694022.00
21066,9122290.00
21067,7576759.50
21068,24102558.00
21069,21959558.00
21070,36386764.00
21071,16625652.00
21072,13887803.00
21073,15725146.00
21074,16776307.00
21075,8402507.00
21076,14684065.00
21077,15402103.00
21078,10440212.00
21079,32368040.00
21080,14607881.00
21081,20067098.00
21082,19138516.00
21083,10520349.00
21084,5804050.00
21085,36359028.00
21086,10033102.00
21087,7433466.00
21088,7674098.00
21089,14884485.00
21090,39880304.00
21091,20891774.00
21092,13470035.00
21093,25729672.00
21094,6310334.50
21095,17249076.00
21096,12667950.00
21097,23166758.00
21098,26915948.00
21099,13617623.00
21100,6611879.00
21101,16066950.00
21102,7101466.00
21103,21747674.00
21104,29218274.00
21105,20901258.00
21106,21195184.00
21107,16629231.00
21108,12064416.00
21109,18186194.00
21110,17480130.00
21111,14263012.00
21112,13207130.00
21113,23331642.00
21114,6359079.50
21115,19323736.00
21116,19806376.00
21117,20033124.00
21118,16187904.00
21119,9234230.00
21120,18441072.00
21121,11440300.00
21122,4595492.00
21123,10053824.00
21124,14248250.00
21125,11524145.00
21126,12160175.00
21127,43629336.00
21128,25129088.00
21129,13568599.00
21130,24833274.00
21131,13498207.00
21132,19839096.00
21133,25920848.00
21134,14581754.00
21135,11149997.00
21136,39890812.00
21137,22134910.00
21138,21507778.00
21139,40031108.00
21140,12449938.00
21141,21282436.00
21142,10748905.00
21143,39545020.00
21144,22340212.00
21145,100219616.00
21146,7707359.50
21147,16375319.00
21148,12532044.00
21149,13170252.00
21150,9739472.00
21151,25522188.00
21152,11831744.00
21153,9622310.00
21154,11780520.00
21155,20783620.00
21156,20547436.00
21157,8128560.50
21158,10047779.00
21159,16866768.00
21160,21089038.00
21161,8591851.00
21162,25565512.00
21163,13699377.00
21164,15215153.00
21165,7856404.50
21166,11567046.00
21167,18325240.00
21168,13677265.00
21169,5875783.00
21170,17942526.00
21171,17779800.00
21172,12732000.00
21173,8568050.00
21174,15273866.00
21175,7005060.00
21176,21207396.00
21177,50426892.00
21178,8364701.50
21179,10520024.00
21180,18080324.00
21181,14905489.00
21182,50210888.00
21183,9506799.00
21184,11686947.00
21185,23169108.00
21186,26343838.00
21187,34399864.00
21188,32113364.00
21189,17175966.00
21190,7456914.50
21191,15274996.00
21192,6844668.00
21193,10498862.00
21194,11418865.00
21195,12041812.00
21196,42518436.00
21197,29378926.00
21198,14469577.00
21199,9776195.00
21200,20296432.00
21201,18381014.00
21202,19685916.00
21203,6926749.00
21204,18319774.00
21205,9940088.00
21206,8471324.00
21207,19458654.00
21208,12243949.00
21209,15498275.00
21210,19729708.00
21211,44181840.00
21212,11878557.00
21213,13413834.00
21214,17464380.00
21215,46364744.00
21216,23908352.00
21217,10348306.00
21218,5789332.00
21219,32735756.00
21220,14335028.00
21221,16016351.00
21222,8658087.00
21223,12717940.00
21224,21785222.00
21225,10579572.00
21226,16596184.00
21227,9166748.00
21228,15222929.00
21229,17669482.00
21230,14278173.00
21231,35479108.00
21232,7328934.00
21233,11634752.00
21234,33357576.00
21235,17457128.00
21236,22534638.00
21237,4224477.00
21238,15121245.00
21239,15023644.00
21240,9049730.00
21241,5292592.00
21242,10320044.00
21243,10075780.00
21244,16527675.00
21245,22822300.00
21246,8650326.00
21247,10942673.00
21248,20009092.00
21249,18665426.00
21250,29216092.00
21251,12761926.00
21252,29622456.00
21253,16659185.00
21254,14823302.00
21255,10376300.00
21256,10181513.00
21257,13971771.00
21258,12391656.00
21259,11028370.00
21260,15134282.00
21261,16785284.00
21262,6680013.00
21263,11007914.00
21264,13945097.00
21265,24018112.00
21266,37145072.00
21267,25980004.00
21268,22642478.00
21269,6664296.50
21270,15503361.00
21271,13057274.00
21272,34963480.00
21273,13647018.00
21274,9873618.00
21275,31636020.00
21276,46585148.00
21277,23861328.00
21278,13250781.00
21279,11766396.00
21280,16025850.00
21281,13944282.00
21282,17117382.00
21283,9590884.00
21284,9797102.00
21285,20271552.00
21286,28307632.00
21287,13652646.00
21288,11486045.00
21289,16213507.00
21290,8694982.00
21291,10566812.00
21292,19667020.00
21293,26117004.00
21294,10709536.00
21295,13706092.00
21296,34534692.00
21297,12059180.00
21298,7666639.50
21299,16468028.00
21300,29296424.00
21301,20850432.00
21302,20254856.00
21303,12956024.00
21304,7168060.00
21305,10193803.00
21306,7228793.00
21307,10568962.00
21308,16361276.00
21309,20053464.00
21310,21924214.00
21311,34901688.00
21312,36558020.00
21313,7087607.00
21314,22011916.00
21315,20549998.00
21316,14964730.00
21317,8787666.00
21318,9884182.00
21319,13484488.00
21320,10416578.00
21321,12542634.00
21322,30850046.00
21323,30319112.00
21324,11282975.00
21325,17112108.00
21326,7190519.00
21327,15802938.00
21328,12931539.00
21329,23631832.00
21330,6256942.00
21331,11315663.00
21332,23004840.00
21333,13168143.00
21334,19669404.00
21335,14947457.00
21336,22730102.00
21337,16687918.00
21338,18303346.00
21339,10323244.00
21340,20184762.00
21341,12943462.00
21342,14785658.00
21343,15021368.00
21344,19201284.00
21345,15043881.00
21346,9286544.00
21347,10410854.00
21348,11941960.00
21349,14391727.00
21350,12100936.00
21351,8783982.00
21352,11012178.00
21353,20237676.00
21354,44070432.00
21355,13854730.00
21356,10488503.00
21357,36430224.00
21358,13730899.00
21359,25744798.00
21360,19686936.00
21361,15053659.00
21362,13925061.00
21363,16922810.00
21364,5360076.00
21365,18033386.00
21366,23298942.00
21367,11717990.00
21368,15127137.00
21369,7151878.50
21370,7971917.50
21371,8877825.00
21372,24218920.00
21373,4331387.00
21374,14758372.00
21375,15137989.00
21376,17259080.00
21377,28528646.00
21378,16949528.00
21379,45622576.00
21380,18591668.00
21381,12875983.00
21382,10940726.00
21383,23731576.00
21384,12323948.00
21385,133973208.00
21386,9497944.00
21387,45129752.00
21388,28538772.00
21389,9075116.00
21390,11325213.00
21391,10162598.00
21392,9553438.00
21393,20066620.00
21394,16106952.00
21395,7122212.50
21396,9730698.00
21397,6874962.50
21398,9330292.00
21399,18768952.00
21400,33006644.00
21401,28238088.00
21402,16430246.00
21403,6503320.50
21404,9241962.00
21405,19241974.00
21406,14711173.00
21407,29207572.00
21408,11527942.00
21409,26612270.00
21410,28829254.00
21411,6937648.00
21412,8972865.00
21413,4875785.00
21414,27371636.00
21415,42436212.00
21416,13034644.00
21417,21742690.00
21418,23322264.00
21419,12205324.00
21420,12089590.00
21421,28709260.00
21422,9893682.00
21423,14061924.00
21424,16309556.00
21425,17977280.00
21426,25285368.00
21427,10361937.00
21428,11088881.00
21429,13760270.00
21430,6723798.00
21431,7791278.00
21432,17157026.00
21433,13822943.00
21434,6808195.00
21435,30712116.00
21436,5470242.00
21437,33622696.00
21438,15897016.00
21439,9610642.00
21440,47935584.00
21441,13138312.00
21442,18790936.00
21443,26485858.00
21444,18894002.00
21445,9883520.00
21446,18259154.00
21447,7155831.00
21448,4698268.00
21449,28381528.00
21450,14356412.00
21451,15329478.00
21452,16169402.00
21453,17741190.00
21454,10491328.00
21455,20511700.00
21456,12762619.00
21457,17621522.00
21458,6388369.50
21459,14636343.00
21460,19372078.00
21461,16763382.00
21462,8887156.00
21463,14852067.00
21464,19057664.00
21465,22977332.00
21466,12914159.00
21467,12886593.00
21468,14202717.00
21469,16906524.00
21470,10414402.00
21471,11670909.00
21472,17056902.00
21473,22682566.00
21474,31914968.00
21475,22347366.00
21476,10267088.00
21477,55099696.00
21478,31238800.00
21479,10310906.00
21480,11841597.00
21481,12915741.00
21482,9899082.00
21483,11562912.00
21484,13558111.00
21485,12678971.00
21486,8496737.00
21487,10653200.00
21488,8452669.00
21489,24207878.00
21490,7485898.00
21491,11886179.00
21492,15821530.00
21493,8545198.00
21494,14909695.00
21495,30784368.00
21496,19669872.00
21497,19591828.00
21498,19814034.00
21499,4862846.00
21500,41260100.00
21501,22937500.00
21502,7632240.00
21503,25022818.00
21504,9049934.00
21505,9966249.00
21506,10795242.00
21507,14868524.00
21508,11454066.00
21509,14140244.00
21510,14977595.00
21511,14615185.00
21512,10215400.00
21513,12687844.00
21514,10590520.00
21515,8456948.00
21516,15272973.00
21517,13083145.00
21518,34450600.00
21519,6408490.00
21520,26937484.00
21521,10963937.00
21522,9192641.00
21523,25720212.00
21524,14764047.00
21525,13972128.00
21526,14700206.00
21527,28662406.00
21528,12462211.00
21529,14694394.00
21530,11450700.00
21531,7713664.00
21532,12611849.00
21533,11329883.00
21534,7254531.00
21535,19561612.00
21536,11496390.00
21537,93765384.00
21538,24898058.00
21539,39126312.00
21540,14022228.00
21541,6966759.50
21542,13224686.00
21543,7042663.50
21544,11193667.00
21545,10407720.00
21546,13457821.00
21547,15379665.00
21548,18960360.00
21549,21335142.00
21550,20354110.00
21551,27676824.00
21552,6437582.00
21553,36619900.00
21554,32300232.00
21555,10123858.00
21556,11480881.00
21557,10165475.00
21558,14688655.00
21559,19117462.00
21560,19768876.00
21561,12933356.00
21562,7799291.00
21563,9860730.00
21564,15385649.00
21565,39280832.00
21566,10727494.00
21567,12005005.00
21568,28303244.00
21569,17885170.00
21570,25810060.00
21571,9715970.00
21572,7280455.00
21573,11644442.00
21574,13830802.00
21575,8169666.00
21576,13276179.00
21577,30282480.00
21578,12386772.00
21579,80736744.00
21580,23633670.00
21581,20848022.00
21582,8595770.00
21583,14032855.00
21584,22149690.00
21585,15927964.00
21586,20739644.00
21587,7890015.50
21588,10605051.00
21589,9616785.00
21590,11959242.00
21591,12289345.00
21592,7708235.00
21593,40191248.00
21594,39484648.00
21595,13488810.00
21596,4909609.00
21597,21242180.00
21598,22810872.00
21599,16663395.00
21600,16262088.00
21601,22531508.00
21602,23858266.00
21603,12580404.00
21604,7458219.50
21605,7339347.00
21606,12714225.00
21607,31643512.00
21608,37734752.00
21609,10517084.00
21610,11708483.00
21611,22470418.00
21612,22054138.00
21613,3807499.00
21614,9947114.00
21615,12684998.00
21616,9223344.00
21617,10523420.00
21618,15446927.00
21619,25379776.00
21620,25675504.00
21621,29231078.00
21622,12918537.00
21623,12313870.00
21624,24022548.00
21625,9917512.00
21626,19600818.00
21627,17219778.00
21628,21383278.00
21629,17245048.00
21630,9546674.00
21631,10388776.00
21632,9239348.00
21633,17879272.00
21634,18439878.00
21635,11031144.00
21636,3150263.00
21637,9456866.00
21638,10998870.00
21639,7560934.00
21640,23134720.00
21641,17730532.00
21642,21788474.00
21643,7110676.00
21644,4852463.00
21645,13575141.00
21646,12054892.00
21647,27700572.00
21648,12105688.00
21649,18666338.00
21650,13586595.00
21651,30157568.00
21652,18284914.00
21653,9472415.00
21654,21862982.00
21655,20865686.00
21656,13799421.00
21657,18563102.00
21658,24835596.00
21659,18895838.00
21660,25274900.00
21661,14557684.00
21662,36278616.00
21663,15707075.00
21664,45607948.00
21665,7240731.00
21666,260021056.00
21667,6327213.00
21668,11511912.00
21669,16133297.00
21670,19070902.00
21671,20631894.00
21672,22314874.00
21673,10245790.00
21674,15887096.00
21675,21463588.00
21676,40039136.00
21677,24413090.00
21678,22830538.00
21679,16037925.00
21680,30214534.00
21681,15024220.00
21682,21693108.00
21683,36258964.00
21684,18302860.00
21685,15478243.00
21686,14706497.00
21687,18037984.00
21688,44651516.00
21689,31362726.00
21690,18706990.00
21691,10477642.00
21692,14889855.00
21693,17049992.00
21694,18696368.00
21695,20437944.00
21696,9408405.00
21697,8328228.00
21698,28066506.00
21699,19213034.00
21700,11706884.00
21701,11979136.00
21702,20038902.00
21703,20360704.00
21704,12542113.00
21705,8703020.00
21706,24029550.00
21707,9457638.00
21708,17488554.00
21709,12991215.00
21710,5965207.00
21711,43078224.00
21712,12802511.00
21713,16615749.00
21714,10039218.00
21715,11933286.00
21716,9776582.00
21717,16022024.00
21718,21835428.00
21719,13360596.00
21720,18051726.00
21721,14436412.00
21722,23393610.00
21723,20851412.00
21724,79594816.00
21725,22347628.00
21726,9985904.00
21727,23485176.00
21728,12249741.00
21729,22906192.00
21730,16275683.00
21731,15642787.00
21732,24691092.00
21733,19490448.00
21734,79668280.00
21735,23814810.00
21736,19561406.00
21737,15009348.00
21738,10183771.00
21739,10604022.00
21740,20991344.00
21741,19238008.00
21742,15563064.00
21743,6862707.00
21744,31090132.00
21745,12655526.00
21746,10353370.00
21747,19666218.00
21748,16631516.00
21749,14855739.00
21750,15771668.00
21751,13078828.00
21752,10373585.00
21753,23701032.00
21754,14980963.00
21755,16346380.00
21756,41587040.00
21757,15748547.00
21758,13833594.00
21759,50334256.00
21760,15499960.00
21761,23584948.00
21762,9200390.00
21763,12184218.00
21764,9597210.00
21765,9021306.00
21766,12094996.00
21767,14345713.00
21768,7255809.50
21769,7818818.50
21770,11142226.00
21771,12619606.00
21772,17237882.00
21773,14772541.00
21774,15864013.00
21775,13008881.00
21776,19000186.00
21777,27319580.00
21778,11945847.00
21779,29408600.00
21780,21016604.00
21781,13657606.00
21782,33565288.00
21783,12910879.00
21784,52482776.00
21785,20121506.00
21786,6997501.00
21787,11339008.00
21788,20466966.00
21789,8471386.00
21790,16739808.00
21791,7123306.00
21792,11801805.00
21793,22129108.00
21794,25853174.00
21795,12434456.00
21796,11468248.00
21797,16495828.00
21798,5484003.00
21799,17926860.00
21800,12710977.00
21801,14360803.00
21802,16017162.00
21803,27439340.00
21804,10665324.00
21805,26219164.00
21806,12656433.00
21807,7037618.50
21808,18125634.00
21809,23451028.00
21810,17120104.00
21811,18308850.00
21812,32931066.00
21813,13653316.00
21814,31875692.00
21815,13712719.00
21816,10743844.00
21817,19978942.00
21818,11122472.00
21819,11854653.00
21820,13499622.00
21821,11871734.00
21822,6310733.00
21823,19410606.00
21824,12242874.00
21825,21510360.00
21826,25157708.00
21827,16123807.00
21828,15544457.00
21829,12657608.00
21830,23100132.00
21831,19370798.00
21832,27547558.00
21833,9650390.00
21834,10905807.00
21835,52540156.00
21836,7637304.50
21837,18685450.00
21838,36903920.00
21839,15558909.00
21840,23757012.00
21841,10447147.00
21842,16416925.00
21843,22291576.00
21844,24279400.00
21845,14756316.00
21846,34940452.00
21847,7819421.00
21848,11536138.00
21849,16281821.00
21850,17471128.00
21851,7518036.00
21852,14454152.00
21853,29644644.00
21854,10181703.00
21855,42074196.00
21856,19610628.00
21857,41066876.00
21858,11926918.00
21859,22049094.00
21860,12746191.00
21861,20300430.00
21862,7448385.50
21863,25216484.00
21864,9456012.00
21865,16344402.00
21866,13740291.00
21867,9864156.00
21868,29211880.00
21869,20960176.00
21870,30602550.00
21871,12621578.00
21872,14100410.00
21873,13571127.00
21874,22885668.00
21875,23929466.00
21876,11587156.00
21877,10668512.00
21878,20558726.00
21879,14243994.00
21880,30635928.00
21881,11392207.00
21882,14927258.00
21883,8447544.00
21884,14094333.00
21885,19795956.00
21886,22451504.00
21887,10449312.00
21888,10888896.00
21889,7245751.50
21890,13020632.00
21891,29682160.00
21892,85918832.00
21893,10781357.00
21894,23102712.00
21895,14181690.00
21896,19341070.00
21897,19336814.00
21898,21334492.00
21899,17323748.00
21900,18577548.00
21901,14215351.00
21902,7765959.50
21903,9974974.00
21904,8296982.50
21905,14398633.00
21906,13566662.00
21907,54172208.00
21908,6143809.50
21909,15106113.00
21910,13141443.00
21911,21576724.00
21912,35212952.00
21913,16278563.00
21914,31837084.00
21915,10765583.00
21916,27420224.00
21917,12320056.00
21918,38570144.00
21919,21125406.00
21920,8127693.50
21921,29785986.00
21922,40908708.00
21923,22070040.00
21924,17381726.00
21925,16774787.00
21926,10830083.00
21927,7128701.50
21928,13539389.00
21929,16669251.00
21930,15984018.00
21931,13329891.00
21932,5057618.00
21933,14881815.00
21934,9509524.00
21935,9152447.00
21936,8265926.50
21937,30682004.00
21938,9382548.00
21939,17226502.00
21940,39052132.00
21941,17547100.00
21942,13329844.00
21943,11849308.00
21944,32631880.00
21945,17823404.00
21946,12839109.00
21947,11319383.00
21948,8740265.00
21949,5440258.00
21950,18386228.00
21951,21716952.00
21952,8812528.00
21953,13753661.00
21954,15918995.00
21955,27286310.00
21956,3945525.00
21957,22374292.00
21958,16000356.00
21959,15060465.00
21960,17731444.00
21961,6892836.00
21962,16706820.00
21963,6687562.00
21964,24067504.00
21965,6947746.50
21966,21391396.00
21967,16698874.00
21968,9820114.00
21969,19040006.00
21970,15559599.00
21971,37405808.00
21972,21257688.00
21973,13533258.00
21974,13219412.00
21975,14058838.00
21976,19215710.00
21977,19596514.00
21978,10254299.00
21979,23500050.00
21980,9463917.00
21981,32936748.00
21982,30328010.00
21983,19970472.00
21984,21928578.00
21985,14575939.00
21986,12276525.00
21987,32121884.00
21988,18847770.00
21989,20963496.00
21990,32267782.00
21991,163110688.00
21992,23401944.00
21993,9951404.00
21994,15918266.00
21995,16898618.00
21996,39377788.00
21997,16427740.00
21998,10776412.00
21999,40433316.00
22000,6593242.00
22001,48663376.00
22002,11106816.00
22003,22700180.00
22004,7260546.50
22005,12864604.00
22006,26389172.00
22007,23260112.00
22008,25274900.00
22009,13942546.00
22010,12410860.00
22011,13861622.00
22012,23259404.00
22013,27847208.00
22014,25615800.00
22015,20135130.00
22016,9460388.00
22017,20763028.00
22018,10417168.00
22019,10544480.00
22020,15021289.00
22021,14092404.00
22022,9666550.00
22023,12379032.00
22024,13543423.00
22025,50501820.00
22026,10939002.00
22027,19206538.00
22028,12006106.00
22029,8929264.00
22030,22257408.00
22031,21722014.00
22032,15347619.00
22033,6184855.00
22034,13413834.00
22035,7405579.00
22036,6700824.50
22037,13505920.00
22038,5406823.50
22039,9882756.00
22040,12803528.00
22041,15496040.00
22042,26125624.00
22043,17428176.00
22044,12395127.00
22045,8887156.00
22046,7472569.50
22047,11460506.00
22048,17011168.00
22049,16170079.00
22050,17594398.00
22051,13867657.00
22052,20758558.00
22053,5820500.00
22054,4275575.00
22055,7442645.00
22056,27777548.00
22057,16519936.00
22058,9434908.00
22059,18992708.00
22060,11256781.00
22061,14984623.00
22062,10565648.00
22063,11221322.00
22064,18052596.00
22065,32297542.00
22066,49954264.00
22067,8462002.00
22068,9901457.00
22069,15964376.00
22070,18150450.00
22071,23189708.00
22072,14736454.00
22073,10169846.00
22074,13289128.00
22075,18540906.00
22076,37503596.00
22077,41995280.00
22078,9432484.00
22079,11773473.00
22080,8648789.00
22081,15341818.00
22082,17323110.00
22083,22320320.00
22084,9449773.00
22085,21475704.00
22086,52258576.00
22087,16796034.00
22088,8653924.00
22089,11844515.00
22090,14475951.00
22091,21976152.00
22092,22042480.00
22093,30012142.00
22094,14321402.00
22095,12803675.00
22096,20076562.00
22097,22914686.00
22098,37060516.00
22099,8867442.00
22100,10611295.00
22101,17424778.00
22102,18789448.00
22103,22483120.00
22104,29597548.00
22105,27335764.00
22106,10530288.00
22107,31524154.00
22108,8529204.00
22109,10277076.00
22110,41408516.00
22111,12885453.00
22112,31562444.00
22113,20644752.00
22114,22304932.00
22115,21432974.00
22116,20979284.00
22117,12045990.00
22118,6718278.00
22119,16572741.00
22120,4975839.00
22121,19229852.00
22122,13971771.00
22123,21589382.00
22124,6830624.00
22125,13381171.00
22126,86606488.00
22127,14789521.00
22128,6529688.50
22129,14712831.00
22130,8140094.50
22131,24088436.00
22132,14152431.00
22133,32385880.00
22134,9492608.00
22135,16142665.00
22136,4652672.00
22137,9861770.00
22138,27431160.00
22139,14359917.00
22140,11122284.00
22141,13182373.00
22142,17255114.00
22143,28080246.00
22144,25623864.00
22145,28901882.00
22146,19533044.00
22147,37173020.00
22148,24762020.00
22149,18312490.00
22150,21198900.00
22151,32106036.00
22152,9616278.00
22153,21193670.00
22154,9481764.00
22155,12667849.00
22156,16288788.00
22157,20298612.00
22158,19137402.00
22159,26451412.00
22160,6124183.00
22161,38456288.00
22162,15599965.00
22163,9881372.00
22164,10740424.00
22165,20125344.00
22166,15075528.00
22167,9481890.00
22168,6581937.50
22169,9954026.00
22170,16745702.00
22171,21871888.00
22172,18613668.00
22173,21649096.00
22174,12504200.00
22175,9666232.00
22176,9409150.00
22177,9957097.00
22178,14950362.00
22179,15262669.00
22180,10496286.00
22181,14846348.00
22182,12495775.00
22183,5549336.50
22184,26283696.00
22185,25946988.00
22186,11935907.00
22187,11391965.00
22188,22506192.00
22189,20469226.00
22190,8650341.00
22191,11647156.00
22192,11516947.00
22193,10273302.00
22194,23682112.00
22195,13343264.00
22196,21920696.00
22197,14138088.00
22198,11119473.00
22199,25965480.00
22200,6039342.00
22201,14384026.00
22202,24860888.00
22203,7800290.50
22204,18084862.00
22205,39472856.00
22206,10500304.00
22207,9301806.00
22208,11238472.00
22209,13647085.00
22210,16139118.00
22211,14823075.00
22212,6316986.00
22213,11725559.00
22214,7150755.00
22215,14547732.00
22216,15458761.00
22217,13831130.00
22218,20248948.00
22219,5209357.00
22220,9591714.00
22221,13981012.00
22222,87909256.00
22223,10553750.00
22224,17163348.00
22225,11464599.00
22226,6888077.00
22227,19713576.00
22228,15562531.00
22229,18463374.00
22230,13505062.00
22231,16279974.00
22232,16159003.00
22233,14708925.00
22234,29980016.00
22235,13238939.00
22236,10209773.00
22237,31081524.00
22238,10829338.00
22239,18866304.00
22240,15192550.00
22241,23512784.00
22242,13436001.00
22243,23836672.00
22244,22710828.00
22245,25262162.00
22246,18129210.00
22247,8761992.00
22248,46384060.00
22249,14821491.00
22250,34334848.00
22251,29478612.00
22252,8047369.50
22253,14201055.00
22254,8082130.50
22255,19722720.00
22256,13740822.00
22257,6056789.00
22258,6720123.00
22259,8334498.50
22260,8078671.50
22261,26731766.00
22262,13716527.00
22263,19374796.00
22264,11077212.00
22265,21420886.00
22266,17181338.00
22267,31171876.00
22268,39298204.00
22269,8458236.00
22270,19789204.00
22271,19197838.00
22272,11380782.00
22273,14117091.00
22274,11182194.00
22275,7478982.00
22276,37304640.00
22277,14053025.00
22278,8505550.00
22279,8267839.50
22280,18255042.00
22281,8683422.00
22282,21727486.00
22283,13651396.00
22284,5869483.00
22285,22052956.00
22286,11582874.00
22287,8903482.00
22288,22595512.00
22289,19756472.00
22290,9814722.00
22291,14366822.00
22292,10546536.00
22293,6392697.00
22294,6202496.00
22295,12610813.00
22296,13136788.00
22297,33303256.00
22298,38882616.00
22299,12431174.00
22300,41331732.00
22301,14761284.00
22302,13353759.00
22303,13953178.00
22304,13425597.00
22305,18744776.00
22306,27581742.00
22307,41716452.00
22308,26347976.00
22309,15173597.00
22310,11649306.00
22311,7143931.00
22312,11180081.00
22313,15185327.00
22314,7602429.50
22315,11932763.00
22316,25366704.00
22317,11380782.00
22318,22468892.00
22319,144637632.00
22320,19085688.00
22321,21214564.00
22322,20302832.00
22323,6610480.00
22324,13342143.00
22325,9073274.00
22326,133284376.00
22327,17073076.00
22328,30310380.00
22329,16964812.00
22330,12369083.00
22331,33859780.00
22332,15484093.00
22333,6739158.50
22334,5235090.00
22335,12763292.00
22336,21912296.00
22337,13232365.00
22338,14602970.00
22339,11248637.00
22340,36019608.00
22341,40712280.00
22342,5524985.00
22343,14187712.00
22344,13571196.00
22345,19979406.00
22346,14648004.00
22347,12744084.00
22348,9542089.00
22349,26523422.00
22350,7970145.50
22351,18108372.00
22352,14080527.00
22353,18415796.00
22354,4829344.00
22355,18621820.00
22356,20441772.00
22357,25595940.00
22358,26084378.00
22359,16577667.00
22360,12148198.00
22361,27737024.00
22362,25772724.00
22363,19449164.00
22364,16321846.00
22365,7884400.00
22366,6342125.00
22367,18587740.00
22368,48650820.00
22369,44344308.00
22370,19893160.00
22371,13557361.00
22372,17693284.00
22373,10571292.00
22374,15553073.00
22375,9157688.00
22376,21880168.00
22377,11590268.00
22378,16558117.00
22379,14780622.00
22380,12887909.00
22381,10535572.00
22382,153915936.00
22383,4916485.00
22384,194389936.00
22385,17181210.00
22386,14654276.00
22387,32614512.00
22388,25377488.00
22389,23839488.00
22390,11639674.00
22391,10530288.00
22392,197716832.00
22393,11266755.00
22394,14271549.00
22395,13327607.00
22396,12131203.00
22397,10401109.00
22398,23591064.00
22399,8174179.00
22400,14362678.00
22401,9073666.00
22402,8011845.00
22403,20961480.00
22404,10635286.00
22405,11595546.00
22406,16902786.00
22407,28300572.00
22408,14614282.00
22409,17673358.00
22410,25537844.00
22411,12618342.00
22412,13878723.00
22413,9586821.00
22414,14257244.00
22415,15231398.00
22416,13016868.00
22417,23187374.00
22418,36986560.00
22419,12752186.00
22420,15697994.00
22421,7817145.50
22422,27252578.00
22423,15941262.00
22424,15818487.00
22425,37821380.00
22426,16623676.00
22427,10014304.00
22428,98494088.00
22429,10104852.00
22430,25859480.00
22431,20510968.00
22432,5328415.00
22433,15848353.00
22434,20234782.00
22435,9690234.00
22436,21613978.00
22437,8077432.50
22438,16541687.00
22439,38896292.00
22440,5690151.00
22441,29007170.00
22442,15073231.00
22443,20631014.00
22444,10080924.00
22445,17979680.00
22446,10505194.00
22447,10380280.00
22448,7098104.50
22449,25933208.00
22450,17060288.00
22451,17886182.00
22452,7877736.50
22453,20737366.00
22454,11188003.00
22455,34002504.00
22456,26345576.00
22457,21771146.00
22458,6921022.50
22459,11378152.00
22460,32733510.00
22461,15194445.00
22462,10127874.00
22463,13077499.00
22464,12123268.00
22465,17830876.00
22466,21723852.00
22467,7947197.00
22468,37164884.00
22469,26326132.00
22470,14054392.00
22471,5964736.00
22472,10233404.00
22473,9934856.00
22474,10964278.00
22475,16725985.00
22476,6785084.00
22477,21973568.00
22478,16102633.00
22479,16565105.00
22480,4696282.00
22481,12887909.00
22482,5690593.50
22483,19875800.00
22484,22710884.00
22485,20819652.00
22486,21625932.00
22487,14487759.00
22488,11240664.00
22489,16699633.00
22490,7064650.00
22491,10328692.00
22492,13795187.00
22493,13697975.00
22494,11823960.00
22495,19069660.00
22496,11649624.00
22497,19747840.00
22498,24454546.00
22499,16118237.00
22500,6238616.50
22501,24299052.00
22502,6292364.00
22503,15475898.00
22504,6046403.00
22505,15946632.00
22506,11675546.00
22507,9792473.00
22508,9423948.00
22509,15257628.00
22510,12997924.00
22511,15094990.00
22512,25104314.00
22513,23958832.00
22514,13723692.00
22515,4850597.00
22516,12481622.00
22517,18781384.00
22518,27314404.00
22519,17187868.00
22520,37643716.00
22521,35312852.00
22522,14130412.00
22523,37192868.00
22524,22733112.00
22525,35104660.00
22526,25178102.00
22527,46642852.00
22528,8273822.50
22529,8191144.50
22530,5194709.00
22531,10239036.00
22532,12299922.00
22533,32604096.00
22534,22470420.00
22535,21703298.00
22536,9985904.00
22537,21478872.00
22538,87681936.00
22539,11035150.00
22540,20897460.00
22541,25792458.00
22542,12478740.00
22543,12634595.00
22544,15807508.00
22545,6700818.00
22546,6802459.00
22547,13076122.00
22548,13185782.00
22549,14561156.00
22550,9525518.00
22551,23666566.00
22552,17269820.00
22553,42888720.00
22554,10193159.00
22555,17167360.00
22556,27491234.00
22557,8152056.50
22558,21239374.00
22559,13207392.00
22560,4161311.00
22561,8964916.00
22562,17715490.00
22563,15539548.00
22564,11832022.00
22565,12653110.00
22566,34880252.00
22567,6712429.50
22568,11904704.00
22569,50470176.00
22570,22642520.00
22571,18632902.00
22572,18525452.00
22573,36578768.00
22574,17184750.00
22575,15154226.00
22576,8703312.00
22577,42299700.00
22578,32516664.00
22579,25037818.00
22580,13354501.00
22581,9734420.00
22582,17170842.00
22583,11486506.00
22584,21097774.00
22585,23870726.00
22586,35664208.00
22587,21185850.00
22588,16226519.00
22589,18901798.00
22590,27996776.00
22591,19787386.00
22592,13109818.00
22593,7864097.50
22594,17645776.00
22595,12895886.00
22596,14172603.00
22597,19063204.00
22598,13477791.00
22599,19614744.00
22600,9363842.00
22601,19038618.00
22602,18492024.00
22603,14073183.00
22604,12295028.00
22605,15409836.00
22606,20219616.00
22607,13728196.00
22608,19619054.00
22609,7842510.50
22610,46664716.00
22611,15177663.00
22612,11456828.00
22613,19209012.00
22614,11233980.00
22615,12076380.00
22616,24505932.00
22617,16553985.00
22618,21451080.00
22619,5196576.00
22620,12945818.00
22621,14174367.00
22622,12078586.00
22623,8627565.00
22624,11499658.00
22625,16528620.00
22626,15561129.00
22627,20100146.00
22628,7761619.00
22629,9765460.00
22630,17296228.00
22631,17669284.00
22632,19113714.00
22633,18181310.00
22634,22626676.00
22635,18396248.00
22636,10703338.00
22637,18578110.00
22638,8599143.00
22639,49121700.00
22640,15908360.00
22641,26962230.00
22642,8018702.50
22643,21283014.00
22644,12126717.00
22645,11347580.00
22646,24707846.00
22647,21190472.00
22648,10440762.00
22649,30419476.00
22650,47843176.00
22651,22207430.00
22652,27952424.00
22653,17409542.00
22654,5339784.00
22655,30964312.00
22656,8948236.00
22657,14374624.00
22658,11425738.00
22659,8326976.50
22660,24014238.00
22661,12045166.00
22662,6200942.00
22663,19288962.00
22664,35926136.00
22665,11959808.00
22666,21006798.00
22667,7452125.00
22668,12971532.00
22669,28606372.00
22670,27648756.00
22671,14403727.00
22672,18805414.00
22673,10183826.00
22674,25111800.00
22675,48029336.00
22676,18735230.00
22677,8131062.00
22678,10126936.00
22679,25228716.00
22680,9921132.00
22681,20072520.00
22682,14484276.00
22683,14751933.00
22684,9691652.00
22685,12825180.00
22686,12262822.00
22687,22240094.00
22688,6036974.50
22689,7835121.50
22690,22095252.00
22691,16773105.00
22692,17932516.00
22693,32923576.00
22694,18399280.00
22695,21246924.00
22696,44853232.00
22697,7514608.50
22698,40283256.00
22699,17178348.00
22700,12108876.00
22701,23713300.00
22702,6098896.00
22703,12508163.00
22704,39417600.00
22705,4773016.00
22706,20291756.00
22707,16041137.00
22708,23160326.00
22709,9146903.00
22710,14722915.00
22711,11925612.00
22712,11944253.00
22713,12091773.00
22714,35118300.00
22715,27542700.00
22716,16315866.00
22717,11702257.00
22718,38461816.00
22719,22241798.00
22720,17647032.00
22721,18327226.00
22722,11794867.00
22723,8113210.00
22724,8410036.00
22725,9194178.00
22726,4690463.00
22727,42195116.00
22728,22060060.00
22729,4823346.00
22730,12432910.00
22731,13759462.00
22732,40806712.00
22733,12494854.00
22734,8430765.00
22735,17556050.00
22736,22880000.00
22737,12833416.00
22738,13273620.00
22739,32460496.00
22740,8375395.00
22741,13206377.00
22742,25897216.00
22743,12357875.00
22744,12852227.00
22745,10577588.00
22746,50218316.00
22747,12950720.00
22748,15819345.00
22749,13206198.00
22750,10985181.00
22751,3926717.00
22752,26029008.00
22753,23777054.00
22754,7254477.00
22755,18875450.00
22756,12210673.00
22757,13735615.00
22758,9922824.00
22759,16868750.00
22760,9309758.00
22761,15900895.00
22762,8181909.00
22763,20028256.00
22764,48656288.00
22765,35971688.00
22766,10128902.00
22767,20740962.00
22768,21589230.00
22769,21716964.00
22770,10382584.00
22771,16750573.00
22772,7781717.00
22773,13366904.00
22774,16275914.00
22775,15590136.00
22776,20438352.00
22777,16448847.00
22778,9451430.00
22779,41356408.00
22780,18060816.00
22781,9734410.00
22782,54941628.00
22783,10105885.00
22784,11194924.00
22785,23583132.00
22786,19442420.00
22787,9521340.00
22788,28264844.00
22789,11709898.00
22790,11013700.00
22791,8730940.00
22792,14666684.00
22793,38088256.00
22794,21097116.00
22795,11944253.00
22796,13568536.00
22797,12521204.00
22798,37993724.00
22799,11390333.00
22800,20277006.00
22801,11997434.00
22802,11905466.00
22803,21526252.00
22804,7232896.00
22805,34263340.00
22806,12992063.00
22807,18023760.00
22808,15113900.00
22809,8294107.00
22810,14583773.00
22811,15901236.00
22812,30892644.00
22813,17841816.00
22814,31094000.00
22815,10875951.00
22816,11698948.00
22817,10502036.00
22818,15739869.00
22819,39536636.00
22820,38388376.00
22821,16474548.00
22822,29220158.00
22823,9796526.00
22824,10192561.00
22825,17389902.00
22826,29741800.00
22827,19033754.00
22828,14124242.00
22829,5843404.00
22830,13058720.00
22831,12189750.00
22832,25680030.00
22833,19069132.00
22834,18987126.00
22835,11625825.00
22836,21325952.00
22837,68993192.00
22838,17927568.00
22839,25745990.00
22840,6173450.00
22841,33784484.00
22842,16924312.00
22843,29641548.00
22844,7079175.50
22845,9548938.00
22846,16163895.00
22847,48386884.00
22848,8195178.00
22849,15197865.00
22850,14823759.00
22851,17674604.00
22852,14037492.00
22853,20461646.00
22854,15949603.00
22855,11015875.00
22856,34299256.00
22857,30827700.00
22858,35163320.00
22859,11240664.00
22860,7431210.00
22861,11488535.00
22862,16677050.00
22863,25284516.00
22864,15928187.00
22865,8690031.00
22866,2289688.00
22867,13827924.00
22868,21348024.00
22869,7905881.50
22870,9808728.00
22871,8947031.00
22872,19332868.00
22873,31785776.00
22874,17646078.00
22875,17896718.00
22876,9912562.00
22877,14240660.00
22878,10655994.00
22879,11051261.00
22880,32251544.00
22881,14668463.00
22882,17060680.00
22883,10919532.00
22884,18429300.00
22885,16549203.00
22886,16908918.00
22887,24666106.00
22888,13376899.00
22889,7405081.50
22890,58105236.00
22891,16048804.00
22892,26740912.00
22893,9958167.00
22894,29633756.00
22895,20115724.00
22896,15120384.00
22897,9094505.00
22898,40500728.00
22899,11572963.00
22900,16330447.00
22901,15998900.00
22902,17365008.00
22903,11945477.00
22904,17547052.00
22905,7995277.50
22906,18747764.00
22907,25202588.00
22908,28721018.00
22909,22806704.00
22910,9886514.00
22911,21969210.00
22912,10060403.00
22913,26468880.00
22914,12455604.00
22915,25423238.00
22916,14697349.00
22917,10041558.00
22918,9685618.00
22919,17813772.00
22920,9738328.00
22921,14102950.00
22922,11269345.00
22923,7954237.00
22924,16425792.00
22925,13456498.00
22926,6872560.50
22927,9824028.00
22928,9508796.00
22929,8244431.50
22930,9496158.00
22931,14266205.00
22932,17392006.00
22933,31083702.00
22934,22266676.00
22935,14121315.00
22936,16594245.00
22937,12702956.00
22938,10607444.00
22939,11608114.00
22940,6699415.00
22941,13131270.00
22942,38495080.00
22943,12552018.00
22944,30335412.00
22945,30988696.00
22946,10237684.00
22947,13342154.00
22948,10543055.00
22949,56369200.00
22950,14477769.00
22951,9804030.00
22952,18948110.00
22953,14312648.00
22954,20817644.00
22955,14717256.00
22956,9223634.00
22957,24209116.00
22958,11727805.00
22959,9207266.00
22960,13171197.00
22961,20847424.00
22962,53866320.00
22963,10666901.00
22964,9901391.00
22965,15460134.00
22966,14671734.00
22967,20093402.00
22968,14202959.00
22969,19775710.00
22970,18409444.00
22971,39078400.00
22972,14232974.00
22973,15981748.00
22974,175677904.00
22975,9479527.00
22976,20335328.00
22977,8711094.00
22978,19201770.00
22979,13139942.00
22980,14151251.00
22981,5910245.00
22982,12780340.00
22983,59381912.00
22984,17269484.00
22985,18954200.00
22986,6923869.00
22987,40237536.00
22988,13873734.00
22989,7799731.00
22990,10140156.00
22991,48796492.00
22992,14558866.00
22993,7054419.00
22994,22118700.00
22995,26054184.00
22996,19742380.00
22997,4238584.00
22998,5987329.50
22999,22596968.00
23000,15319233.00
23001,13364154.00
23002,9325491.00
23003,13103255.00
23004,18235100.00
23005,18966456.00
23006,21516038.00
23007,5104761.00
23008,21659472.00
23009,14149857.00
23010,17796538.00
23011,11162467.00
23012,13067313.00
23013,13125725.00
23014,13030732.00
23015,18558868.00
23016,13963923.00
23017,23456780.00
23018,20150982.00
23019,66381728.00
23020,40783204.00
23021,25078106.00
23022,32035880.00
23023,26614564.00
23024,19720832.00
23025,11801271.00
23026,17029906.00
23027,34391808.00
23028,4528320.00
23029,18683060.00
23030,7325821.50
23031,12187716.00
23032,11933093.00
23033,12292029.00
23034,16238473.00
23035,25463700.00
23036,20033070.00
23037,9475106.00
23038,26052070.00
23039,6944427.00
23040,6910938.00
23041,9843800.00
23042,22154352.00
23043,8177511.50
23044,9631511.00
23045,29276598.00
23046,9653189.00
23047,11411706.00
23048,26068880.00
23049,14740890.00
23050,17667896.00
23051,14768081.00
23052,17541846.00
23053,26314724.00
23054,15091754.00
23055,12786148.00
23056,10143624.00
23057,12330358.00
23058,14506883.00
23059,6455326.50
23060,15589887.00
23061,15725498.00
23062,6257610.00
23063,16190039.00
23064,22360070.00
23065,12151601.00
23066,12936764.00
23067,18099196.00
23068,14175462.00
23069,18996340.00
23070,11823866.00
23071,20329362.00
23072,16167078.00
23073,30166312.00
23074,10502615.00
23075,9855577.00
23076,8053905.50
23077,9592946.00
23078,21100196.00
23079,14456986.00
23080,35308596.00
23081,12715843.00
23082,19499122.00
23083,13643064.00
23084,10421224.00
23085,13326478.00
23086,16218124.00
23087,19862742.00
23088,10833126.00
23089,8681584.00
23090,23697850.00
23091,13158208.00
23092,11887247.00
23093,12365298.00
23094,11773473.00
23095,10888799.00
23096,23530252.00
23097,25773560.00
23098,21312554.00
23099,22847132.00
23100,19392176.00
23101,24784200.00
23102,17512960.00
23103,33577820.00
23104,11427316.00
23105,17740762.00
23106,19107960.00
23107,18894862.00
23108,22002212.00
23109,8415266.00
23110,13188731.00
23111,11802755.00
23112,22239756.00
23113,15351548.00
23114,12557933.00
23115,9587834.00
23116,23706780.00
23117,16524704.00
23118,15333964.00
23119,22944532.00
23120,11921615.00
23121,19442420.00
23122,10205026.00
23123,8605715.00
23124,15870068.00
23125,12622399.00
23126,12493948.00
23127,7359904.50
23128,11879026.00
23129,19209380.00
23130,29221560.00
23131,11042236.00
23132,30351860.00
23133,15172940.00
23134,17464258.00
23135,23114796.00
23136,10004281.00
23137,10964224.00
23138,18757622.00
23139,14192536.00
23140,8809132.00
23141,17924494.00
23142,5450853.00
23143,20046666.00
23144,18113168.00
23145,21771064.00
23146,15142514.00
23147,9597210.00
23148,12366333.00
23149,17073092.00
23150,9294132.00
23151,19754578.00
23152,22816698.00
23153,30442586.00
23154,21290242.00
23155,10389621.00
23156,13060835.00
23157,19724374.00
23158,19868040.00
23159,14889855.00
23160,20638404.00
23161,82723368.00
23162,15924059.00
23163,5643326.50
23164,16360940.00
23165,10014467.00
23166,17804806.00
23167,18319774.00
23168,9823072.00
23169,6497361.50
23170,11346220.00
23171,10726272.00
23172,10422642.00
23173,15139855.00
23174,13404524.00
23175,32320314.00
23176,16800416.00
23177,9130474.00
23178,16439700.00
23179,16783176.00
23180,9196085.00
23181,45250896.00
23182,11282508.00
23183,23242140.00
23184,15793357.00
23185,8197098.00
23186,9443590.00
23187,22335480.00
23188,8451208.00
23189,23861588.00
23190,13459607.00
23191,18149764.00
23192,5967099.00
23193,29782114.00
23194,17091020.00
23195,22520578.00
23196,20197760.00
23197,9464721.00
23198,7455938.00
23199,28523650.00
23200,42739412.00
23201,19118012.00
23202,15747653.00
23203,31460340.00
23204,21043400.00
23205,12674095.00
23206,22103908.00
23207,10493578.00
23208,15055395.00
23209,11886790.00
23210,10002122.00
23211,11805664.00
23212,7596611.00
23213,11884730.00
23214,31718264.00
23215,9137796.00
23216,27113478.00
23217,17868918.00
23218,30593528.00
23219,40846384.00
23220,20797188.00
23221,22626676.00
23222,9987404.00
23223,8811760.00
23224,18282474.00
23225,8311600.00
23226,27077574.00
23227,16676954.00
23228,11273623.00
23229,8309665.50
23230,14445334.00
23231,16143628.00
23232,12470829.00
23233,9388204.00
23234,36730084.00
23235,24278996.00
23236,17547194.00
23237,19188884.00
23238,19000828.00
23239,6016585.00
23240,34303704.00
23241,14759081.00
23242,13096436.00
23243,12267565.00
23244,6841069.00
23245,6630873.00
23246,7499311.50
23247,16484399.00
23248,25912950.00
23249,34502252.00
23250,18703982.00
23251,13015200.00
23252,10382190.00
23253,9711455.00
23254,7309981.00
23255,18544564.00
23256,14562545.00
23257,20178736.00
23258,13426317.00
23259,31459246.00
23260,38171512.00
23261,22386542.00
23262,17423096.00
23263,14913574.00
23264,17381566.00
23265,9556573.00
23266,39854688.00
23267,15635909.00
23268,13499907.00
23269,19311580.00
23270,10364758.00
23271,28942814.00
23272,9610262.00
23273,8826330.00
23274,12200202.00
23275,40820332.00
23276,16219451.00
23277,12230822.00
23278,27822918.00
23279,38625524.00
23280,8529508.00
23281,9958658.00
23282,11095517.00
23283,25570264.00
23284,5262687.00
23285,8002506.00
23286,15839578.00
23287,13151798.00
23288,11277432.00
23289,14657844.00
23290,13127537.00
23291,10876332.00
23292,12472465.00
23293,21244992.00
23294,16040946.00
23295,16612700.00
23296,7524523.50
23297,7931634.50
23298,31802184.00
23299,20598836.00
23300,23133748.00
23301,4314136.00
23302,23537862.00
23303,16076890.00
23304,11104001.00
23305,15805260.00
23306,12062641.00
23307,31768692.00
23308,44091508.00
23309,23319092.00
23310,15161823.00
23311,15021070.00
23312,138686032.00
23313,14961857.00
23314,20599500.00
23315,11582778.00
23316,20505760.00
23317,16984262.00
23318,11702112.00
23319,21824488.00
23320,6777037.50
23321,10333970.00
23322,9475412.00
23323,17463294.00
23324,13810808.00
23325,15190147.00
23326,7377124.00
23327,7678696.50
23328,13975960.00
23329,19684678.00
23330,13858147.00
23331,12627261.00
23332,12542346.00
23333,22033584.00
23334,28223536.00
23335,15016470.00
23336,6303143.00
23337,11198529.00
23338,18075056.00
23339,17159858.00
23340,19760656.00
23341,7048661.00
23342,21466396.00
23343,14761284.00
23344,17734762.00
23345,22665384.00
23346,73616672.00
23347,13967336.00
23348,13771203.00
23349,17484700.00
23350,36895284.00
23351,8369667.00
23352,36276500.00
23353,24379038.00
23354,17036402.00
23355,21072232.00
23356,12668032.00
23357,7117147.50
23358,2663753.00
23359,15747098.00
23360,27537436.00
23361,9429704.00
23362,6274181.00
23363,27265896.00
23364,14879585.00
23365,17467852.00
23366,9126395.00
23367,11002548.00
23368,10394936.00
23369,32850950.00
23370,11981366.00
23371,50402340.00
23372,15773018.00
23373,12217594.00
23374,16041062.00
23375,8952420.00
23376,9321485.00
23377,13488947.00
23378,18842556.00
23379,26042664.00
23380,10135980.00
23381,13793266.00
23382,27004176.00
23383,18490744.00
23384,43956212.00
23385,28831430.00
23386,13062258.00
23387,8836168.00
23388,12908105.00
23389,16585617.00
23390,9452808.00
23391,11408305.00
23392,18882004.00
23393,27385542.00
23394,9964426.00
23395,24821396.00
23396,11168905.00
23397,18389198.00
23398,16727054.00
23399,5824206.00
23400,13933030.00
23401,12593311.00
23402,13360081.00
23403,14362678.00
23404,12127482.00
23405,19291268.00
23406,10074633.00
23407,14150651.00
23408,9066599.00
23409,10917283.00
23410,12994063.00
23411,9893711.00
23412,6565440.00
23413,13452922.00
23414,6332706.00
23415,11973268.00
23416,22804588.00
23417,199946768.00
23418,7301827.00
23419,21070488.00
23420,19727728.00
23421,10471754.00
23422,14000355.00
23423,10776572.00
23424,17905872.00
23425,22872894.00
23426,39667812.00
23427,18459344.00
23428,6598285.00
23429,13461399.00
23430,23409160.00
23431,18852226.00
23432,14162216.00
23433,13024225.00
23434,13915892.00
23435,13266587.00
23436,6330558.50
23437,10395874.00
23438,47670420.00
23439,11331988.00
23440,12750842.00
23441,21245792.00
23442,14180628.00
23443,11683587.00
23444,8469792.00
23445,8856601.00
23446,35689384.00
23447,18701180.00
23448,47223236.00
23449,20586516.00
23450,27881460.00
23451,8808514.00
23452,26270136.00
23453,8684697.00
23454,11449307.00
23455,8528782.00
23456,16221372.00
23457,19031348.00
23458,12183316.00
23459,13999930.00
23460,23350004.00
23461,13905437.00
23462,13042651.00
23463,26246920.00
23464,39823000.00
23465,8826020.00
23466,18245068.00
23467,8028459.50
23468,11206961.00
23469,12327293.00
23470,14158781.00
23471,8523318.00
23472,22796674.00
23473,15085738.00
23474,12444163.00
23475,20079368.00
23476,25360794.00
23477,17326072.00
23478,34802148.00
23479,7322886.00
23480,16084428.00
23481,10998109.00
23482,9838222.00
23483,12393946.00
23484,16904758.00
23485,6458516.00
23486,13801756.00
23487,20552302.00
23488,19370326.00
23489,5200811.00
23490,8210560.50
23491,14464803.00
23492,16800778.00
23493,20466268.00
23494,6558636.00
23495,14188394.00
23496,10725632.00
23497,29783192.00
23498,9500446.00
23499,19363020.00
23500,73647848.00
23501,27361768.00
23502,13746502.00
23503,8383485.00
23504,17944892.00
23505,11846321.00
23506,13387985.00
23507,13408444.00
23508,12249606.00
23509,13341545.00
23510,19926268.00
23511,12497681.00
23512,6998379.50
23513,35907644.00
23514,22577698.00
23515,12454664.00
23516,32054960.00
23517,8153628.00
23518,52549272.00
23519,9559879.00
23520,18761728.00
23521,9330292.00
23522,11446470.00
23523,7637076.00
23524,17634158.00
23525,25129528.00
23526,16419229.00
23527,14039602.00
23528,13815165.00
23529,21997676.00
23530,8291485.50
23531,10266542.00
23532,23991954.00
23533,24655212.00
23534,18773304.00
23535,11463928.00
23536,20609520.00
23537,30069548.00
23538,21725510.00
23539,24486492.00
23540,10892864.00
23541,14812050.00
23542,14060051.00
23543,18460128.00
23544,15759520.00
23545,20406444.00
23546,9343434.00
23547,43182608.00
23548,9271022.00
23549,28557084.00
23550,10844794.00
23551,10395802.00
23552,11773614.00
23553,34999000.00
23554,39119332.00
23555,14325443.00
23556,89759880.00
23557,31547788.00
23558,21004148.00
23559,20318348.00
23560,9807776.00
23561,10488802.00
23562,21471334.00
23563,10719541.00
23564,21590664.00
23565,10234525.00
23566,22438802.00
23567,31709528.00
23568,10703210.00
23569,14418362.00
23570,11996800.00
23571,8873390.00
23572,10483522.00
23573,9816502.00
23574,21594306.00
23575,11764685.00
23576,20452328.00
23577,17190812.00
23578,13540494.00
23579,33219668.00
23580,6230157.00
23581,17409542.00
23582,11791419.00
23583,13084700.00
23584,10538489.00
23585,17380940.00
23586,15739844.00
23587,13426746.00
23588,43807380.00
23589,7571007.50
23590,12407548.00
23591,15899008.00
23592,43002592.00
23593,17700286.00
23594,10296977.00
23595,12860084.00
23596,11741036.00
23597,9922824.00
23598,13028104.00
23599,13073975.00
23600,22020012.00
23601,14823759.00
23602,9601799.00
23603,25194202.00
23604,43494936.00
23605,12649126.00
23606,30931420.00
23607,35130428.00
23608,17503272.00
23609,12885341.00
23610,37054880.00
23611,11805252.00
23612,17998342.00
23613,44186344.00
23614,6521198.50
23615,11098854.00
23616,33972628.00
23617,33260528.00
23618,30252602.00
23619,44318744.00
23620,20788368.00
23621,21379120.00
23622,15558661.00
23623,7172697.00
23624,16506975.00
23625,14438804.00
23626,5829548.00
23627,25415912.00
23628,17367544.00
23629,18632902.00
23630,20084212.00
23631,8618666.00
23632,8570630.00
23633,8540626.00
23634,8694982.00
23635,9430802.00
23636,26360026.00
23637,59642380.00
23638,8265639.50
23639,15052138.00
23640,8922874.00
23641,15427753.00
23642,11996362.00
23643,22841692.00
23644,19286292.00
23645,7564596.00
23646,9557963.00
23647,8159314.50
23648,19873548.00
23649,33231320.00
23650,10772742.00
23651,17942388.00
23652,16610394.00
23653,8769372.00
23654,13759361.00
23655,8750749.00
23656,4918721.00
23657,6808705.50
23658,16389169.00
23659,9819090.00
23660,18555208.00
23661,12178267.00
23662,11251706.00
23663,11652401.00
23664,19340488.00
23665,12119026.00
23666,16006080.00
23667,18261714.00
23668,21736856.00
23669,19540008.00
23670,25874652.00
23671,20624072.00
23672,11295407.00
23673,18859004.00
23674,30573264.00
23675,18890772.00
23676,7675935.50
23677,20675942.00
23678,6823581.00
23679,8419640.00
23680,18661450.00
23681,14752244.00
23682,11999547.00
23683,7037427.00
23684,51264768.00
23685,12627448.00
23686,23113776.00
23687,10430343.00
23688,10678298.00
23689,26186700.00
23690,11108109.00
23691,87903256.00
23692,4280411.00
23693,4575045.00
23694,10920186.00
23695,31817380.00
23696,56869980.00
23697,34467380.00
23698,9423681.00
23699,8517164.00
23700,21915624.00
23701,20225972.00
23702,46760612.00
23703,10513350.00
23704,24714868.00
23705,12810812.00
23706,19738224.00
23707,22415226.00
23708,19976992.00
23709,14476156.00
23710,21523846.00
23711,23552832.00
23712,8910020.00
23713,23665910.00
23714,12886593.00
23715,21506632.00
23716,6719565.00
23717,16937126.00
23718,13516451.00
23719,13119185.00
23720,14361000.00
23721,10275258.00
23722,10666094.00
23723,36843380.00
23724,5510453.00
23725,13072829.00
23726,8266723.00
23727,19046582.00
23728,22495674.00
23729,11422748.00
23730,12087167.00
23731,32823756.00
23732,13478182.00
23733,37526488.00
23734,19301356.00
23735,30632182.00
23736,8504527.00
23737,15278193.00
23738,9070220.00
23739,20270244.00
23740,11486618.00
23741,14158383.00
23742,34425352.00
23743,9883696.00
23744,7797812.00
23745,38191224.00
23746,13771953.00
23747,7045753.00
23748,23753104.00
23749,23970792.00
23750,12075912.00
23751,12877204.00
23752,11832577.00
23753,9787475.00
23754,5520046.50
23755,12650531.00
23756,20001548.00
23757,8183771.50
23758,18194666.00
23759,12548317.00
23760,9063102.00
23761,27740840.00
23762,15670103.00
23763,6208628.00
23764,7567094.00
23765,12582244.00
23766,16546586.00
23767,10379504.00
23768,4918721.00
23769,22808728.00
23770,17677078.00
23771,54251836.00
23772,16109381.00
23773,10146930.00
23774,11190596.00
23775,18380450.00
23776,8383796.50
23777,12959182.00
23778,15735461.00
23779,23258158.00
23780,13652634.00
23781,16915022.00
23782,15790835.00
23783,19264002.00
23784,16379699.00
23785,13330028.00
23786,12815188.00
23787,12185545.00
23788,6088725.00
23789,11625551.00
23790,20517564.00
23791,17046752.00
23792,23701732.00
23793,36059772.00
23794,10229137.00
23795,25279124.00
23796,10543266.00
23797,19333784.00
23798,8717198.00
23799,19359672.00
23800,10638954.00
23801,10477553.00
23802,4291470.00
23803,33726464.00
23804,21403582.00
23805,16647636.00
23806,15795703.00
23807,13652186.00
23808,19634832.00
23809,13827613.00
23810,126578200.00
23811,10322787.00
23812,18617734.00
23813,19969398.00
23814,11798166.00
23815,10099729.00
23816,17226646.00
23817,16944504.00
23818,12285958.00
23819,21437914.00
23820,13228198.00
23821,33693672.00
23822,9207535.00
23823,8143474.00
23824,33261320.00
23825,11181711.00
23826,25592056.00
23827,22791948.00
23828,19691932.00
23829,52963708.00
23830,10810202.00
23831,14095716.00
23832,15435789.00
23833,12539551.00
23834,8831704.00
23835,12681610.00
23836,8612282.00
23837,17552732.00
23838,13044210.00
23839,14035764.00
23840,9246093.00
23841,11391940.00
23842,12744646.00
23843,14767425.00
23844,15983273.00
23845,25468526.00
23846,26152902.00
23847,11016449.00
23848,14810945.00
23849,11168337.00
23850,11675468.00
23851,14694296.00
23852,18611892.00
23853,12332915.00
23854,14447265.00
23855,18808700.00
23856,7359563.00
23857,17260140.00
23858,8795364.00
23859,19861352.00
23860,12377837.00
23861,9984866.00
23862,16070152.00
23863,12643064.00
23864,12703203.00
23865,25377512.00
23866,13027575.00
23867,17748332.00
23868,32710388.00
23869,18207480.00
23870,10087494.00
23871,19069002.00
23872,21559604.00
23873,12200088.00
23874,25032548.00
23875,9501506.00
23876,20415922.00
23877,9196102.00
23878,25059252.00
23879,24953524.00
23880,15690556.00
23881,10105400.00
23882,19383054.00
23883,33602708.00
23884,18712372.00
23885,17260520.00
23886,13214447.00
23887,16436559.00
23888,13653571.00
23889,9744862.00
23890,16036425.00
23891,28767738.00
23892,10074213.00
23893,21809846.00
23894,14627945.00
23895,9466910.00
23896,16749416.00
23897,11823404.00
23898,23898640.00
23899,9552542.00
23900,8619990.00
23901,12768163.00
23902,5544884.00
23903,15652300.00
23904,20653338.00
23905,22056948.00
23906,42579936.00
23907,16722394.00
23908,16999936.00
23909,16817352.00
23910,10756850.00
23911,30320392.00
23912,30184980.00
23913,20231038.00
23914,18900356.00
23915,10348193.00
23916,16557757.00
23917,11945158.00
23918,14437655.00
23919,13202136.00
23920,20330328.00
23921,9785140.00
23922,16015158.00
23923,9966764.00
23924,14456986.00
23925,9840250.00
23926,17410884.00
23927,8063647.50
23928,12682074.00
23929,13634794.00
23930,10920186.00
23931,41738800.00
23932,16828572.00
23933,10505174.00
23934,49448124.00
23935,22797778.00
23936,12334840.00
23937,18541520.00
23938,11963156.00
23939,23900884.00
23940,20172520.00
23941,25375558.00
23942,12152637.00
23943,10997732.00
23944,32158044.00
23945,25344856.00
23946,7314392.50
23947,23171684.00
23948,7541691.50
23949,32511646.00
23950,6261596.00
23951,9895925.00
23952,12974523.00
23953,12128236.00
23954,14539209.00
23955,21297116.00
23956,4126944.00
23957,13093430.00
23958,26208936.00
23959,33870016.00
23960,28490704.00
23961,23226398.00
23962,12686916.00
23963,31773888.00
23964,10300442.00
23965,20574300.00
23966,13447286.00
23967,90576360.00
23968,14306067.00
23969,11993651.00
23970,17240500.00
23971,37205680.00
23972,46584972.00
23973,26034554.00
23974,8935010.00
23975,19710816.00
23976,15164635.00
23977,16218950.00
23978,39993952.00
23979,14826557.00
23980,11032718.00
23981,8430240.00
23982,23207656.00
23983,8398795.00
23984,9243710.00
23985,21720890.00
23986,5284291.00
23987,32067380.00
23988,5731536.00
23989,11540854.00
23990,11381277.00
23991,9504402.00
23992,8835668.00
23993,7205485.00
23994,9455667.00
23995,19540246.00
23996,11077108.00
23997,11722889.00
23998,11275674.00
23999,13549112.00
24000,15156727.00
24001,12443228.00
24002,31462508.00
24003,10769704.00
24004,13436001.00
24005,17927538.00
24006,59465012.00
24007,10377230.00
24008,22217346.00
24009,19830670.00
24010,21472434.00
24011,5932944.00
24012,23869376.00
24013,6681521.50
24014,10565965.00
24015,11324274.00
24016,11269345.00
24017,12595546.00
24018,21209650.00
24019,6877136.50
24020,15935139.00
24021,20562002.00
24022,23322554.00
24023,27949576.00
24024,23461724.00
24025,27294942.00
24026,28992986.00
24027,18292504.00
24028,38339572.00
24029,7415747.00
24030,32619002.00
24031,16515188.00
24032,18633128.00
24033,6923127.00
24034,15658511.00
24035,18714464.00
24036,9678848.00
24037,9610500.00
24038,6217584.00
24039,33339228.00
24040,27230366.00
24041,14677716.00
24042,10559697.00
24043,11227841.00
24044,11989297.00
24045,17054896.00
24046,11312657.00
24047,25286128.00
24048,9888897.00
24049,12901030.00
24050,10207972.00
24051,26695378.00
24052,12641992.00
24053,17970128.00
24054,17503580.00
24055,18179012.00
24056,10733310.00
24057,48237968.00
24058,8338686.00
24059,17359550.00
24060,12210193.00
24061,6907943.50
24062,32181432.00
24063,23042868.00
24064,7621092.50
24065,27618808.00
24066,9159174.00
24067,6891978.00
24068,11781789.00
24069,7940542.50
24070,13461326.00
24071,30789574.00
24072,8321014.00
24073,11142412.00
24074,12896515.00
24075,11957609.00
24076,15911366.00
24077,212266704.00
24078,9718156.00
24079,7042859.50
24080,24018028.00
24081,21733752.00
24082,6215920.00
24083,23121060.00
24084,13638267.00
24085,16643750.00
24086,19540008.00
24087,11250892.00
24088,45389076.00
24089,10067422.00
24090,18857442.00
24091,14039962.00
24092,10058226.00
24093,14484024.00
24094,4789674.00
24095,22073444.00
24096,7381220.50
24097,28775084.00
24098,32333026.00
24099,13940659.00
24100,26295162.00
24101,8146134.00
24102,18124734.00
24103,13116390.00
24104,15527684.00
24105,12580998.00
24106,19473362.00
24107,23428834.00
24108,10513224.00
24109,19154094.00
24110,6843134.50
24111,7510042.00
24112,21399762.00
24113,11591025.00
24114,14653363.00
24115,5573222.00
24116,12611901.00
24117,26115640.00
24118,12167204.00
24119,15231942.00
24120,13116390.00
24121,14089908.00
24122,4517135.00
24123,20790942.00
24124,36282092.00
24125,25618260.00
24126,15120783.00
24127,9063021.00
24128,16064799.00
24129,18023234.00
24130,13038063.00
24131,12992726.00
24132,17226768.00
24133,175235200.00
24134,15739044.00
24135,18792074.00
24136,14362693.00
24137,7093923.00
24138,15931476.00
24139,16322876.00
24140,16567560.00
24141,15157610.00
24142,16440818.00
24143,7494145.50
24144,5951277.00
24145,12642554.00
24146,7543798.00
24147,24907704.00
24148,8140941.00
24149,25253336.00
24150,14761284.00
24151,11414564.00
24152,9051115.00
24153,23078036.00
24154,8265639.50
24155,7372670.00
24156,20260776.00
24157,7053910.00
24158,9557137.00
24159,22176128.00
24160,4524579.00
24161,5943357.00
24162,42269340.00
24163,13859674.00
24164,10421556.00
24165,6144041.00
24166,8256173.50
24167,31334128.00
24168,26431388.00
24169,26368656.00
24170,11627357.00
24171,21702604.00
24172,38539484.00
24173,14157426.00
24174,12262399.00
24175,46180548.00
24176,18064924.00
24177,21872374.00
24178,12249030.00
24179,6349734.00
24180,5289699.00
24181,17183384.00
24182,15052138.00
24183,15848282.00
24184,15043949.00
24185,13354417.00
24186,42063276.00
24187,6896182.00
24188,40477028.00
24189,12308445.00
24190,8732893.00
24191,12204879.00
24192,15257201.00
24193,16964760.00
24194,11814940.00
24195,10640582.00
24196,29305096.00
24197,13804023.00
24198,39314024.00
24199,25420644.00
24200,8856501.00
24201,7547491.00
24202,18830992.00
24203,14350181.00
24204,9849488.00
24205,42764588.00
24206,14028768.00
24207,17004626.00
24208,19810774.00
24209,11087439.00
24210,15806516.00
24211,6291490.00
24212,10667200.00
24213,17975076.00
24214,9326916.00
24215,23910492.00
24216,14585082.00
24217,42208848.00
24218,9620383.00
24219,19668220.00
24220,20370970.00
24221,45953464.00
24222,14117091.00
24223,15135697.00
24224,12309818.00
24225,16932620.00
24226,14358115.00
24227,6745804.00
24228,9005798.00
24229,12725252.00
24230,28562164.00
24231,11438500.00
24232,11600600.00
24233,36770880.00
24234,20436648.00
24235,11030592.00
24236,18375552.00
24237,18013318.00
24238,17091020.00
24239,25765448.00
24240,15948358.00
24241,24553436.00
24242,21107726.00
24243,31679998.00
24244,191173776.00
24245,12618342.00
24246,10705670.00
24247,16661024.00
24248,8795982.00
24249,23381736.00
24250,112541048.00
24251,11514010.00
24252,12264218.00
24253,11464937.00
24254,8980629.00
24255,19305698.00
24256,40422624.00
24257,5309530.00
24258,23558568.00
24259,32510616.00
24260,9934052.00
24261,14329787.00
24262,13736188.00
24263,18028540.00
24264,20146556.00
24265,6287012.00
24266,40168208.00
24267,27917420.00
24268,10511062.00
24269,39474300.00
24270,55689416.00
24271,10116523.00
24272,25355194.00
24273,25998494.00
24274,10188322.00
24275,27287818.00
24276,11479497.00
24277,11358126.00
24278,19918746.00
24279,14044768.00
24280,27685328.00
24281,10345945.00
24282,8228692.50
24283,31741786.00
24284,13590916.00
24285,13827030.00
24286,15996744.00
24287,12454269.00
24288,18499534.00
24289,42217644.00
24290,24001448.00
24291,8914793.00
24292,24401556.00
24293,8704836.00
24294,79883368.00
24295,10667718.00
24296,20587836.00
24297,22003878.00
24298,43356180.00
24299,35770552.00
24300,14608699.00
24301,21924214.00
24302,9062492.00
24303,13242333.00
24304,16281102.00
24305,17439386.00
24306,9879013.00
24307,13509047.00
24308,16234446.00
24309,43305568.00
24310,7070394.00
24311,12258300.00
24312,13065588.00
24313,17381996.00
24314,14105060.00
24315,12281676.00
24316,12961594.00
24317,14076225.00
24318,84000592.00
24319,9646830.00
24320,4268836.00
24321,12478705.00
24322,6176096.00
24323,12506124.00
24324,11479011.00
24325,16249484.00
24326,32339624.00
24327,46645600.00
24328,10103472.00
24329,42384160.00
24330,14023126.00
24331,10952783.00
24332,12740566.00
24333,19069002.00
24334,12263933.00
24335,13296566.00
24336,29641688.00
24337,12130621.00
24338,17232576.00
24339,13242111.00
24340,14138801.00
24341,14247171.00
24342,6065682.00
24343,21283296.00
24344,24260368.00
24345,20041310.00
24346,24869608.00
24347,11920806.00
24348,7752561.50
24349,13459090.00
24350,24368474.00
24351,23268440.00
24352,14491908.00
24353,8683494.00
24354,21096190.00
24355,6239685.00
24356,15812259.00
24357,26901058.00
24358,33160332.00
24359,17733018.00
24360,28760620.00
24361,56404740.00
24362,117331296.00
24363,39377740.00
24364,13456072.00
24365,24345772.00
24366,16384712.00
24367,10943566.00
24368,9193846.00
24369,21416114.00
24370,37572556.00
24371,21819172.00
24372,82882528.00
24373,19560792.00
24374,21256620.00
24375,5617347.00
24376,13301226.00
24377,22956806.00
24378,14676579.00
24379,10650124.00
24380,17709360.00
24381,31013776.00
24382,7474462.50
24383,24889380.00
24384,18613668.00
24385,10723785.00
24386,18216422.00
24387,13079820.00
24388,14937422.00
24389,4656982.00
24390,21801600.00
24391,9461714.00
24392,18637796.00
24393,16392335.00
24394,16151156.00
24395,11496860.00
24396,11446495.00
24397,61142960.00
24398,12458249.00
24399,31908764.00
24400,28425186.00
24401,5438128.00
24402,15739967.00
24403,9138410.00
24404,7623010.50
24405,16538926.00
24406,16926338.00
24407,18369128.00
24408,14094391.00
24409,15850710.00
24410,16759296.00
24411,10224801.00
24412,13360164.00
24413,15446927.00
24414,22233542.00
24415,28848552.00
24416,24970426.00
24417,12462600.00
24418,22428390.00
24419,8415266.00
24420,11808914.00
24421,8527753.00
24422,18757992.00
24423,6725802.00
24424,29670424.00
24425,14283420.00
24426,6211750.00
24427,13114413.00
24428,16597620.00
24429,14771860.00
24430,14095750.00
24431,25594764.00
24432,16170639.00
24433,28981020.00
24434,21062370.00
24435,19814708.00
24436,9380642.00
24437,10529686.00
24438,16625004.00
24439,10832420.00
24440,16321933.00
24441,11170930.00
24442,23214686.00
24443,15858243.00
24444,19535744.00
24445,17669270.00
24446,10838514.00
24447,3040489.00
24448,16014669.00
24449,7364686.50
24450,21214564.00
24451,10973926.00
24452,26492946.00
24453,32291528.00
24454,17186874.00
24455,23348232.00
24456,18583014.00
24457,23140026.00
24458,15838202.00
24459,35664044.00
24460,11248010.00
24461,52713376.00
24462,10821796.00
24463,25787448.00
24464,12607738.00
24465,10280794.00
24466,16438035.00
24467,13844081.00
24468,6589067.00
24469,20173444.00
24470,26438070.00
24471,15594962.00
24472,36787420.00
24473,21040624.00
24474,9122424.00
24475,10425014.00
24476,20842146.00
24477,19875880.00
24478,27359188.00
24479,20343188.00
24480,12390376.00
24481,18007094.00
24482,32852084.00
24483,20859496.00
24484,17245596.00
24485,13464547.00
24486,11944637.00
24487,20286182.00
24488,12310045.00
24489,30406522.00
24490,36224544.00
24491,45088268.00
24492,16228324.00
24493,6124224.00
24494,8539280.00
24495,17943252.00
24496,22542544.00
24497,13037036.00
24498,9980866.00
24499,31896632.00
24500,23757012.00
24501,13364402.00
24502,6553923.00
24503,26103726.00
24504,8399748.00
24505,32537492.00
24506,7036266.00
24507,30243884.00
24508,12961211.00
24509,9655138.00
24510,9360538.00
24511,24427160.00
24512,14319901.00
24513,6489322.00
24514,12240506.00
24515,5134533.00
24516,12972265.00
24517,11690714.00
24518,23752250.00
24519,14182694.00
24520,1428699.00
24521,5714439.00
24522,19956004.00
24523,19907196.00
24524,16058244.00
24525,20195452.00
24526,11677637.00
24527,17772290.00
24528,39179788.00
24529,14814451.00
24530,11567543.00
24531,30184624.00
24532,29765632.00
24533,10431204.00
24534,16254349.00
24535,11667300.00
24536,13348486.00
24537,11584735.00
24538,16444387.00
24539,5338742.00
24540,16850486.00
24541,9897772.00
24542,9659688.00
24543,11136769.00
24544,8606002.00
24545,14543331.00
24546,10861220.00
24547,13552998.00
24548,18521622.00
24549,29327208.00
24550,24998448.00
24551,12210419.00
24552,22547216.00
24553,10305168.00
24554,9626232.00
24555,14021888.00
24556,11716125.00
24557,30633300.00
24558,25060168.00
24559,35642916.00
24560,10986437.00
24561,45319736.00
24562,21953048.00
24563,13814205.00
24564,11568146.00
24565,21958220.00
24566,26162462.00
24567,15861184.00
24568,36013484.00
24569,9933507.00
24570,6026466.00
24571,9961900.00
24572,20706830.00
24573,39628408.00
24574,48382008.00
24575,15384352.00
24576,24046878.00
24577,13200764.00
24578,36607312.00
24579,27979060.00
24580,24522640.00
24581,32446818.00
24582,29880980.00
24583,23763044.00
24584,8680404.00
24585,49582312.00
24586,31734260.00
24587,11937240.00
24588,17025334.00
24589,26718242.00
24590,45786292.00
24591,23375728.00
24592,14897074.00
24593,8995151.00
24594,7266047.50
24595,12521093.00
24596,22542174.00
24597,10423448.00
24598,18261184.00
24599,4765241.00
24600,11461626.00
24601,8893252.00
24602,21417250.00
24603,25239582.00
24604,19072194.00
24605,9987844.00
24606,27145076.00
24607,43673960.00
24608,11010307.00
24609,1530209.88
24610,11617411.00
24611,18151050.00
24612,20956596.00
24613,11610108.00
24614,19293696.00
24615,33841548.00
24616,8354827.50
24617,10407774.00
24618,9030370.00
24619,9084166.00
24620,32438384.00
24621,33564204.00
24622,12571214.00
24623,8748770.00
24624,12760957.00
24625,6574601.00
24626,11246633.00
24627,18628888.00
24628,7127709.50
24629,10316972.00
24630,16726321.00
24631,5299164.00
24632,19010728.00
24633,45815656.00
24634,9329114.00
24635,9134078.00
24636,20809216.00
24637,50720976.00
24638,18023076.00
24639,8858671.00
24640,17333486.00
24641,13862185.00
24642,25786138.00
24643,18033256.00
24644,8105537.50
24645,6513104.00
24646,10704223.00
24647,16505414.00
24648,12804480.00
24649,13471409.00
24650,12203008.00
24651,29030316.00
24652,18652226.00
24653,11754804.00
24654,20203612.00
24655,6970016.00
24656,15749533.00
24657,11055602.00
24658,35882900.00
24659,20617400.00
24660,11543613.00
24661,23591084.00
24662,11254784.00
24663,47120616.00
24664,9369228.00
24665,27723444.00
24666,18389368.00
24667,5294068.00
24668,13837996.00
24669,70896672.00
24670,13116390.00
24671,9663218.00
24672,13846653.00
24673,10365416.00
24674,48270188.00
24675,14236303.00
24676,8055562.00
24677,9217492.00
24678,9546706.00
24679,40682588.00
24680,19239804.00
24681,22144336.00
24682,11960064.00
24683,18781350.00
24684,26209452.00
24685,14652498.00
24686,16301955.00
24687,16196954.00
24688,13795837.00
24689,5571724.00
24690,14095534.00
24691,15488067.00
24692,13938792.00
24693,5273193.00
24694,14552506.00
24695,16514157.00
24696,11501807.00
24697,14474231.00
24698,18325928.00
24699,9287594.00
24700,21668688.00
24701,17612100.00
24702,19247958.00
24703,37978520.00
24704,6296316.00
24705,9673829.00
24706,13356637.00
24707,8026644.00
24708,18953336.00
24709,32453164.00
24710,24282852.00
24711,30377960.00
24712,11240664.00
24713,24118860.00
24714,12928319.00
24715,20637300.00
24716,16183466.00
24717,14033466.00
24718,12468558.00
24719,19085180.00
24720,61839068.00
24721,15368497.00
24722,22477772.00
24723,10797024.00
24724,14146934.00
24725,10881778.00
24726,15050198.00
24727,11675270.00
24728,5795761.50
24729,18195474.00
24730,13380029.00
24731,20593420.00
24732,13154164.00
24733,12616061.00
24734,108154960.00
24735,11974531.00
24736,11122284.00
24737,8870539.00
24738,26188828.00
24739,15627754.00
24740,26940350.00
24741,13856527.00
24742,27574080.00
24743,64165776.00
24744,12819451.00
24745,7924472.50
24746,15595776.00
24747,15538474.00
24748,8679060.00
24749,60042640.00
24750,10530206.00
24751,9501674.00
24752,10687954.00
24753,25135688.00
24754,31430042.00
24755,30112350.00
24756,40805392.00
24757,13433120.00
24758,5521250.00
24759,14919245.00
24760,15809229.00
24761,8511028.00
24762,10675260.00
24763,60104028.00
24764,39256876.00
24765,17346356.00
24766,10126835.00
24767,15484456.00
24768,22088858.00
24769,21482438.00
24770,19778860.00
24771,19874410.00
24772,30109172.00
24773,12205894.00
24774,7415467.50
24775,10695230.00
24776,26692536.00
24777,39400964.00
24778,9571162.00
24779,24440694.00
24780,14742717.00
24781,4910303.00
24782,10833809.00
24783,13207859.00
24784,12813994.00
24785,5657858.00
24786,53386568.00
24787,47586580.00
24788,13035223.00
24789,13265157.00
24790,12756968.00
24791,12258173.00
24792,29629208.00
24793,32318800.00
24794,19997308.00
24795,18798852.00
24796,10936559.00
24797,20300352.00
24798,18983668.00
24799,20019524.00
24800,11572109.00
24801,11540237.00
24802,23830438.00
24803,19635314.00
24804,11536319.00
24805,28886886.00
24806,19339662.00
24807,23665354.00
24808,56368408.00
24809,16161836.00
24810,27077962.00
24811,8312274.50
24812,12080756.00
24813,22676108.00
24814,16493571.00
24815,14899023.00
24816,17659038.00
24817,13321585.00
24818,12616890.00
24819,14094333.00
24820,19213872.00
24821,23839352.00
24822,12920678.00
24823,73842128.00
24824,11149997.00
24825,22884976.00
24826,28061558.00
24827,13411140.00
24828,18884004.00
24829,6202446.50
24830,8555061.00
24831,11940849.00
24832,7133898.00
24833,11188077.00
24834,27558840.00
24835,10353370.00
24836,11309201.00
24837,11789408.00
24838,16566886.00
24839,29061306.00
24840,24134820.00
24841,6459958.00
24842,31560848.00
24843,11585956.00
24844,31495132.00
24845,33925916.00
24846,23716468.00
24847,20758220.00
24848,26195374.00
24849,12825025.00
24850,28226112.00
24851,14568735.00
24852,11208753.00
24853,11669083.00
24854,22223430.00
24855,29207496.00
24856,14430458.00
24857,27368612.00
24858,15543901.00
24859,9802610.00
24860,15399918.00
24861,11149888.00
24862,21880886.00
24863,9566439.00
24864,4577170.00
24865,21742362.00
24866,21669016.00
24867,16831414.00
24868,25866152.00
24869,50257980.00
24870,56780560.00
24871,18960360.00
24872,11074388.00
24873,11216108.00
24874,80999136.00
24875,10510048.00
24876,19340096.00
24877,18282968.00
24878,14529477.00
24879,11411306.00
24880,19039328.00
24881,8379060.50
24882,47032296.00
24883,16026668.00
24884,17578410.00
24885,14076274.00
24886,7921658.00
24887,7493901.00
24888,15991912.00
24889,21016604.00
24890,20113324.00
24891,30997830.00
24892,10744690.00
24893,16187092.00
24894,11711756.00
24895,18486258.00
24896,9860848.00
24897,8281869.00
24898,12200819.00
24899,7200378.00
24900,12930934.00
24901,14731183.00
24902,12694643.00
24903,11687980.00
24904,21580272.00
24905,16183301.00
24906,9849696.00
24907,19390166.00
24908,14842136.00
24909,10575937.00
24910,14765725.00
24911,14045658.00
24912,4721199.00
24913,13522723.00
24914,10785379.00
24915,7927592.50
24916,8588820.00
24917,17987392.00
24918,4916485.00
24919,21632614.00
24920,23501660.00
24921,7133129.50
24922,15748031.00
24923,21579694.00
24924,23893900.00
24925,16168184.00
24926,10145442.00
24927,11333372.00
24928,11029677.00
24929,20922868.00
24930,7877708.00
24931,14633202.00
24932,10715026.00
24933,7451740.00
24934,10754563.00
24935,30916956.00
24936,30782592.00
24937,131670640.00
24938,21250684.00
24939,25320776.00
24940,19014052.00
24941,37065720.00
24942,17749672.00
24943,13573334.00
24944,12521660.00
24945,45409872.00
24946,8445422.00
24947,16715730.00
24948,27049068.00
24949,6898717.00
24950,13056004.00
24951,12114908.00
24952,21032684.00
24953,7118305.50
24954,25036518.00
24955,16381887.00
24956,14684445.00
24957,5928166.00
24958,13635085.00
24959,15120735.00
24960,22821786.00
24961,15101885.00
24962,40701324.00
24963,36928388.00
24964,20109564.00
24965,11819686.00
24966,7377031.00
24967,20515228.00
24968,9869112.00
24969,13357089.00
24970,14279340.00
24971,7414886.50
24972,8149286.00
24973,25197940.00
24974,47367644.00
24975,5395082.00
24976,12297004.00
24977,14252500.00
24978,21308684.00
24979,13548972.00
24980,42758364.00
24981,17915148.00
24982,20904552.00
24983,18128522.00
24984,43866476.00
24985,9520089.00
24986,13635356.00
24987,13369548.00
24988,7449238.00
24989,19678936.00
24990,17685040.00
24991,21992396.00
24992,14912966.00
24993,22686590.00
24994,51632920.00
24995,14273981.00
24996,6046749.00
24997,12019935.00
24998,11146049.00
24999,15283942.00
25000,27375580.00
25001,16566422.00
25002,11439560.00
25003,10696858.00
25004,10063333.00
25005,11590668.00
25006,17196528.00
25007,11332454.00
25008,10320363.00
25009,13821861.00
25010,15985719.00
25011,13708070.00
25012,11365114.00
25013,19473136.00
25014,18540914.00
25015,17604690.00
25016,14925112.00
25017,23334028.00
25018,16440508.00
25019,15866557.00
25020,12357224.00
25021,22617576.00
25022,13333219.00
25023,10728424.00
25024,25077808.00
25025,10538664.00
25026,11583613.00
25027,6949886.50
25028,11904198.00
25029,14956170.00
25030,8449126.00
25031,21648442.00
25032,12691050.00
25033,9593992.00
25034,15851685.00
25035,14640229.00
25036,14058634.00
25037,20033506.00
25038,13470906.00
25039,18205694.00
25040,11337460.00
25041,13332433.00
25042,4503950.00
25043,39720248.00
25044,14093942.00
25045,21344312.00
25046,22072762.00
25047,12117818.00
25048,15434327.00
25049,27053924.00
25050,44214704.00
25051,17558214.00
25052,10242340.00
25053,7440006.00
25054,15123380.00
25055,17209998.00
25056,45121080.00
25057,11200291.00
25058,8781590.00
25059,43844620.00
25060,12237978.00
25061,12123416.00
25062,33683736.00
25063,12196360.00
25064,13282019.00
25065,16848946.00
25066,23018928.00
25067,11447425.00
25068,12655763.00
25069,21035908.00
25070,29939776.00
25071,16741596.00
25072,15152329.00
25073,22290018.00
25074,17296228.00
25075,13202136.00
25076,15963666.00
25077,22095946.00
25078,11379529.00
25079,13752794.00
25080,15310892.00
25081,25146470.00
25082,28758382.00
25083,10306694.00
25084,8065343.50
25085,16510999.00
25086,7277590.00
25087,16679508.00
25088,10676939.00
25089,12656306.00
25090,21231010.00
25091,22163072.00
25092,8370341.00
25093,36095552.00
25094,15222844.00
25095,30222074.00
25096,13117018.00
25097,54750972.00
25098,16113842.00
25099,58553056.00
25100,47701272.00
25101,10972111.00
25102,14756358.00
25103,15280476.00
25104,14720890.00
25105,26464192.00
25106,28094264.00
25107,25722928.00
25108,41492752.00
25109,10714190.00
25110,18382654.00
25111,12529064.00
25112,29995032.00
25113,9661507.00
25114,16387124.00
25115,18636944.00
25116,9638502.00
25117,15395791.00
25118,18165874.00
25119,24838876.00
25120,8237542.00
25121,9666028.00
25122,13537226.00
25123,11971546.00
25124,27339118.00
25125,11877420.00
25126,11595062.00
25127,28806968.00
25128,22786736.00
25129,6225202.00
25130,12177317.00
25131,6557767.00
25132,11684639.00
25133,12290380.00
25134,15241924.00
25135,15852559.00
25136,30469772.00
25137,13087183.00
25138,13837581.00
25139,13674052.00
25140,12843584.00
25141,21525668.00
25142,26301808.00
25143,9126508.00
25144,10731086.00
25145,10028622.00
25146,23653366.00
25147,14919656.00
25148,10025140.00
25149,15735916.00
25150,10611928.00
25151,11431439.00
25152,9116294.00
25153,14649722.00
25154,11129743.00
25155,16266998.00
25156,38224048.00
25157,199635872.00
25158,6698878.00
25159,7445640.50
25160,12588278.00
25161,7957777.50
25162,20482736.00
25163,19013502.00
25164,4377071.00
25165,8268688.00
25166,15740754.00
25167,13365981.00
25168,12994292.00
25169,21287178.00
25170,14619281.00
25171,9585273.00
25172,37848412.00
25173,12476585.00
25174,12202962.00
25175,18996340.00
25176,55434040.00
25177,21442452.00
25178,15101885.00
25179,5391372.00
25180,10420260.00
25181,7942569.50
25182,10345197.00
25183,11996547.00
25184,13702570.00
25185,22431220.00
25186,34897968.00
25187,10750618.00
25188,14891804.00
25189,7880387.00
25190,21009302.00
25191,14300956.00
25192,10073608.00
25193,25821112.00
25194,10981491.00
25195,20064016.00
25196,15632649.00
25197,13361306.00
25198,7018541.00
25199,20541520.00
25200,11105530.00
25201,7848942.50
25202,14612682.00
25203,20831940.00
25204,43962620.00
25205,19430100.00
25206,40936520.00
25207,13980411.00
25208,10131238.00
25209,15391529.00
25210,14124074.00
25211,10538219.00
25212,17044070.00
25213,11780152.00
25214,11347087.00
25215,20135900.00
25216,11889478.00
25217,10811764.00
25218,9345012.00
25219,12204520.00
25220,15215519.00
25221,9646624.00
25222,28139554.00
25223,8119733.00
25224,11560321.00
25225,13139290.00
25226,26918162.00
25227,15140628.00
25228,15326382.00
25229,15916111.00
25230,7474247.50
25231,7129097.00
25232,34250556.00
25233,41922792.00
25234,14975453.00
25235,13073737.00
25236,19308788.00
25237,11485169.00
25238,43778524.00
25239,30697624.00
25240,9003134.00
25241,31845562.00
25242,11682843.00
25243,18907108.00
25244,18241850.00
25245,19907590.00
25246,12404155.00
25247,21791744.00
25248,33153392.00
25249,20130794.00
25250,45006560.00
25251,7821300.00
25252,18871898.00
25253,16305669.00
25254,46154572.00
25255,2267731.00
25256,119595736.00
25257,19107886.00
25258,18754856.00
25259,13671567.00
25260,16905266.00
25261,19377364.00
25262,15681334.00
25263,9489980.00
25264,31240332.00
25265,8896267.00
25266,20439332.00
25267,11821802.00
25268,20250364.00
25269,13483461.00
25270,223677488.00
25271,17321620.00
25272,21436836.00
25273,10415311.00
25274,16017853.00
25275,35528552.00
25276,7267969.50
25277,34299396.00
25278,13406900.00
25279,11806254.00
25280,13014418.00
25281,8724296.00
25282,16913964.00
25283,13834252.00
25284,13591375.00
25285,19252278.00
25286,25043642.00
25287,11472972.00
25288,15673839.00
25289,10129637.00
25290,34248524.00
25291,12093893.00
25292,8639762.00
25293,8140350.00
25294,9570348.00
25295,12610340.00
25296,16756763.00
25297,15806263.00
25298,35397848.00
25299,31360518.00
25300,4619008.00
25301,13321084.00
25302,9486188.00
25303,7864251.50
25304,14316189.00
25305,19903532.00
25306,18732660.00
25307,18363308.00
25308,23385402.00
25309,7639105.50
25310,20285306.00
25311,28733944.00
25312,49915580.00
25313,8772344.00
25314,9788947.00
25315,21991720.00
25316,18388836.00
25317,11464599.00
25318,20768860.00
25319,12271395.00
25320,6399501.00
25321,11132822.00
25322,5084286.00
25323,26350682.00
25324,17021504.00
25325,10290458.00
25326,26038840.00
25327,15539411.00
25328,11548212.00
25329,19999524.00
25330,18567784.00
25331,12760076.00
25332,6681521.50
25333,8430765.00
25334,11655767.00
25335,9818054.00
25336,8965684.00
25337,22663680.00
25338,8897205.00
25339,6311460.00
25340,16669361.00
25341,6024651.00
25342,18942558.00
25343,22730054.00
25344,10715538.00
25345,26858182.00
25346,12487854.00
25347,17859034.00
25348,64921544.00
25349,14952431.00
25350,6863042.50
25351,20493624.00
25352,10363690.00
25353,9126755.00
25354,10084722.00
25355,10182638.00
25356,10710582.00
25357,13311511.00
25358,37437988.00
25359,27499654.00
25360,14489720.00
25361,9534809.00
25362,10210792.00
25363,19572724.00
25364,32064954.00
25365,26533824.00
25366,21328358.00
25367,22762426.00
25368,25122256.00
25369,6525658.00
25370,18594644.00
25371,24793016.00
25372,11514038.00
25373,6246513.50
25374,47156484.00
25375,63028284.00
25376,60088656.00
25377,11775434.00
25378,20142312.00
25379,16344257.00
25380,22302346.00
25381,15956767.00
25382,14910216.00
25383,22264094.00
25384,13023772.00
25385,30057244.00
25386,17277204.00
25387,40028124.00
25388,22554728.00
25389,21997464.00
25390,35370968.00
25391,23103768.00
25392,17138278.00
25393,22606918.00
25394,11922417.00
25395,8805748.00
25396,32674580.00
25397,22496122.00
25398,11778298.00
25399,16400422.00
25400,17781446.00
25401,15771718.00
25402,15101885.00
25403,15683479.00
25404,11447279.00
25405,27581794.00
25406,7430466.00
25407,19476704.00
25408,15782377.00
25409,23792168.00
25410,18848150.00
25411,21999808.00
25412,15003965.00
25413,24462394.00
25414,11138792.00
25415,8884091.00
25416,20768860.00
25417,12521021.00
25418,13221728.00
25419,7957555.00
25420,9586728.00
25421,12183316.00
25422,17477752.00
25423,5276795.00
25424,14961800.00
25425,14360769.00
25426,36660096.00
25427,10269982.00
25428,19142862.00
25429,10781158.00
25430,8084930.00
25431,17199848.00
25432,23266630.00
25433,15261251.00
25434,21424028.00
25435,21803590.00
25436,11106355.00
25437,11998356.00
25438,21292510.00
25439,29871134.00
25440,9919755.00
25441,15456404.00
25442,17937306.00
25443,44968316.00
25444,15689129.00
25445,12228378.00
25446,13957263.00
25447,28650560.00
25448,11606474.00
25449,9359432.00
25450,6229246.50
25451,14447583.00
25452,9097404.00
25453,10436774.00
25454,11607566.00
25455,14890254.00
25456,30815460.00
25457,14596620.00
25458,9893682.00
25459,17401884.00
25460,7522521.00
25461,13581494.00
25462,32310860.00
25463,26237292.00
25464,6391650.00
25465,9850818.00
25466,19622164.00
25467,20806244.00
25468,12185181.00
25469,10933983.00
25470,11680349.00
25471,12772413.00
25472,13089098.00
25473,10135869.00
25474,21467036.00
25475,30249012.00
25476,27383646.00
25477,12528451.00
25478,10030120.00
25479,16093743.00
25480,12153679.00
25481,12760957.00
25482,22118470.00
25483,11282762.00
25484,24687646.00
25485,16843622.00
25486,13703373.00
25487,32484766.00
25488,36814372.00
25489,48658372.00
25490,12770026.00
25491,13276465.00
25492,38594012.00
25493,31064804.00
25494,5761591.00
25495,21808504.00
25496,18883866.00
25497,22084050.00
25498,41133012.00
25499,21788474.00
25500,23191948.00
25501,15012476.00
25502,13649670.00
25503,6413447.50
25504,10796044.00
25505,8113687.50
25506,8334285.50
25507,14484024.00
25508,47747016.00
25509,10994981.00
25510,13506011.00
25511,22071450.00
25512,27283986.00
25513,13304436.00
25514,22108346.00
25515,14834925.00
25516,12755383.00
25517,9754791.00
25518,21974756.00
25519,14731030.00
25520,28517844.00
25521,65529364.00
25522,19680062.00
25523,18209074.00
25524,22157876.00
25525,11658182.00
25526,15590830.00
25527,18006584.00
25528,8698116.00
25529,26868728.00
25530,13424782.00
25531,10510588.00
25532,39438328.00
25533,7348155.50
25534,32267782.00
25535,10606244.00
25536,10662415.00
25537,16846488.00
25538,125762040.00
25539,33468076.00
25540,13780963.00
25541,22645470.00
25542,21723038.00
25543,25051446.00
25544,19387464.00
25545,13478479.00
25546,30930252.00
25547,38516728.00
25548,30430280.00
25549,7036043.50
25550,15108218.00
25551,23763044.00
25552,11077320.00
25553,10295021.00
25554,10580498.00
25555,8795306.00
25556,17128004.00
25557,24297044.00
25558,14642541.00
25559,20573256.00
25560,10441161.00
25561,13260500.00
25562,17200418.00
25563,17811120.00
25564,36535124.00
25565,20888094.00
25566,10478555.00
25567,22383260.00
25568,10880659.00
25569,18355088.00
25570,13121039.00
25571,38787580.00
25572,17948848.00
25573,20838392.00
25574,14104022.00
25575,12588141.00
25576,26523422.00
25577,12735498.00
25578,15819590.00
25579,15924320.00
25580,20634406.00
25581,9601287.00
25582,20977976.00
25583,10951052.00
25584,15824292.00
25585,42465280.00
25586,19487524.00
25587,14115718.00
25588,9995658.00
25589,8008243.00
25590,21359168.00
25591,131940792.00
25592,19264878.00
25593,27338758.00
25594,23033748.00
25595,15461679.00
25596,14976385.00
25597,9017831.00
25598,10456270.00
25599,17618502.00
25600,8609651.00
25601,31651380.00
25602,7042678.00
25603,8688744.00
25604,18389198.00
25605,12980735.00
25606,16754836.00
25607,12767581.00
25608,19741100.00
25609,16534642.00
25610,12928072.00
25611,31097528.00
25612,13678441.00
25613,14809268.00
25614,27926150.00
25615,27417240.00
25616,10197918.00
25617,11980716.00
25618,12917097.00
25619,22191784.00
25620,14789521.00
25621,10425473.00
25622,10278386.00
25623,9145990.00
25624,10721932.00
25625,8214102.50
25626,10861489.00
25627,12197760.00
25628,11441834.00
25629,15972902.00
25630,11699332.00
25631,37365124.00
25632,9008346.00
25633,6447997.00
25634,13269745.00
25635,13731620.00
25636,4072979.00
25637,21225600.00
25638,73791600.00
25639,12486356.00
25640,12147821.00
25641,11614269.00
25642,39938608.00
25643,8543491.00
25644,15345503.00
25645,14929960.00
25646,12289784.00
25647,23924962.00
25648,6841069.00
25649,36524720.00
25650,11536147.00
25651,18510052.00
25652,11861514.00
25653,16389016.00
25654,14048003.00
25655,17976678.00
25656,35876932.00
25657,12044243.00
25658,153690144.00
25659,10447392.00
25660,20686088.00
25661,16604797.00
25662,43231396.00
25663,11183375.00
25664,8391077.00
25665,19519482.00
25666,35875316.00
25667,22670824.00
25668,11143122.00
25669,13963254.00
25670,39463424.00
25671,8222922.00
25672,25137816.00
25673,10672746.00
25674,17189086.00
25675,15648579.00
25676,13932634.00
25677,17452754.00
25678,21809260.00
25679,19926700.00
25680,7034580.50
25681,15251341.00
25682,26114380.00
25683,15762358.00
25684,44797584.00
25685,20466268.00
25686,9758810.00
25687,9455020.00
25688,10541188.00
25689,8212528.50
25690,13970505.00
25691,23744360.00
25692,17335184.00
25693,7594993.50
25694,72216928.00
25695,33017222.00
25696,11639537.00
25697,14279571.00
25698,19493624.00
25699,7462436.00
25700,16102746.00
25701,9664034.00
25702,16099843.00
25703,12127482.00
25704,39281648.00
25705,16188714.00
25706,9369306.00
25707,10398370.00
25708,18863814.00
25709,16559590.00
25710,22336692.00
25711,11031384.00
25712,32279132.00
25713,20189214.00
25714,18259420.00
25715,10023759.00
25716,12828964.00
25717,22043432.00
25718,20143368.00
25719,48418856.00
25720,7762134.00
25721,10719635.00
25722,37542408.00
25723,7123645.00
25724,27009896.00
25725,16543900.00
25726,33669508.00
25727,13701819.00
25728,21770956.00
25729,24835596.00
25730,8424192.00
25731,9907249.00
25732,20960324.00
25733,12388750.00
25734,10207706.00
25735,16560911.00
25736,12316754.00
25737,50514160.00
25738,18495370.00
25739,18561850.00
25740,8305998.00
25741,11057900.00
25742,8942485.00
25743,5028954.00
25744,17050632.00
25745,32880326.00
25746,15981725.00
25747,11358675.00
25748,13679144.00
25749,9527323.00
25750,11360731.00
25751,30034926.00
25752,51066856.00
25753,12449021.00
25754,10932385.00
25755,35585072.00
25756,8160916.00
25757,25992984.00
25758,22895632.00
25759,24370984.00
25760,16073185.00
25761,10285152.00
25762,5735557.00
25763,22411706.00
25764,11501549.00
25765,12285043.00
25766,11297523.00
25767,25237008.00
25768,20522412.00
25769,26630420.00
25770,27330536.00
25771,12352919.00
25772,15014484.00
25773,12125731.00
25774,16973902.00
25775,37801032.00
25776,10708674.00
25777,31706092.00
25778,24687646.00
25779,9232146.00
25780,11868358.00
25781,8523016.00
25782,11167858.00
25783,32128588.00
25784,4870174.00
25785,70321720.00
25786,19410042.00
25787,17773462.00
25788,9570573.00
25789,9473406.00
25790,9216355.00
25791,13891311.00
25792,14787606.00
25793,9151277.00
25794,19811308.00
25795,26883492.00
25796,5642549.00
25797,10678768.00
25798,75997480.00
25799,9435048.00
25800,12232324.00
25801,10283736.00
25802,20847830.00
25803,21733338.00
25804,29682160.00
25805,38896292.00
25806,9961900.00
25807,10737344.00
25808,13303556.00
25809,7825818.00
25810,13239446.00
25811,12382680.00
25812,22438284.00
25813,11832492.00
25814,11114083.00
25815,13685124.00
25816,17690916.00
25817,11011411.00
25818,36967596.00
25819,20764560.00
25820,16006080.00
25821,19714406.00
25822,21474926.00
25823,11303652.00
25824,12157979.00
25825,24018112.00
25826,12100136.00
25827,15795156.00
25828,37579188.00
25829,31823112.00
25830,8075190.50
25831,5592312.50
25832,19689198.00
25833,37158416.00
25834,25483702.00
25835,17056902.00
25836,11015048.00
25837,15748722.00
25838,32800384.00
25839,45801056.00
25840,24190224.00
25841,8056813.00
25842,14982034.00
25843,25642926.00
25844,20287364.00
25845,42925324.00
25846,21624738.00
25847,11383708.00
25848,52065560.00
25849,10786273.00
25850,30557448.00
25851,20638404.00
25852,14794248.00
25853,22652336.00
25854,28940282.00
25855,12978890.00
25856,16907366.00
25857,25912950.00
25858,14616122.00
25859,7298002.50
25860,17436538.00
25861,9332448.00
25862,14204788.00
25863,13154691.00
25864,21647782.00
25865,23348252.00
25866,37823376.00
25867,10180108.00
25868,15734036.00
25869,16678799.00
25870,20415922.00
25871,6643939.00
25872,19745782.00
25873,67692736.00
25874,40417480.00
25875,9693486.00
25876,12803622.00
25877,10702434.00
25878,14667753.00
25879,19986184.00
25880,13989843.00
25881,12310756.00
25882,14440762.00
25883,12726030.00
25884,22350680.00
25885,13805344.00
25886,14899468.00
25887,14917102.00
25888,23556872.00
25889,10107984.00
25890,11694211.00
25891,16301706.00
25892,14265505.00
25893,4310132.00
25894,8768224.00
25895,13433469.00
25896,6535190.00
25897,12610208.00
25898,14988410.00
25899,16950346.00
25900,46561048.00
25901,15695066.00
25902,10899661.00
25903,11576543.00
25904,13332193.00
25905,22072202.00
25906,26016696.00
25907,15363566.00
25908,21358018.00
25909,16379238.00
25910,11087462.00
25911,32510616.00
25912,6898575.50
25913,9903332.00
25914,11582909.00
25915,25228728.00
25916,8431892.00
25917,18837062.00
25918,9314561.00
25919,8362362.00
25920,18285912.00
25921,11856526.00
25922,31353804.00
25923,14489007.00
25924,8368807.00
25925,19038324.00
25926,13893859.00
25927,22251380.00
25928,10896692.00
25929,11469345.00
25930,21320674.00
25931,10696339.00
25932,15152093.00
25933,21001522.00
25934,4612201.00
25935,12959220.00
25936,6544675.00
25937,4904164.00
25938,14498783.00
25939,12446127.00
25940,13429766.00
25941,187885264.00
25942,33368762.00
25943,8472511.00
25944,7424057.00
25945,16029763.00
25946,14425164.00
25947,13666111.00
25948,24267382.00
25949,38155220.00
25950,27068408.00
25951,7719534.50
25952,16262506.00
25953,12253791.00
25954,11542542.00
25955,29670970.00
25956,17935582.00
25957,9982632.00
25958,31116608.00
25959,1245320.00
25960,35725120.00
25961,8538627.00
25962,14478252.00
25963,26255964.00
25964,31169984.00
25965,16124052.00
25966,46365096.00
25967,8359733.00
25968,13868447.00
25969,17804526.00
25970,13798273.00
25971,14275482.00
25972,17004872.00
25973,9214268.00
25974,10180026.00
25975,11536941.00
25976,24720868.00
25977,40180252.00
25978,12348438.00
25979,11109517.00
25980,23075288.00
25981,14228065.00
25982,12739220.00
25983,27234550.00
25984,8500121.00
25985,6054125.00
25986,10521082.00
25987,16905266.00
25988,10870415.00
25989,19510140.00
25990,50918808.00
25991,27596052.00
25992,10066719.00
25993,15736756.00
25994,21791376.00
25995,11334772.00
25996,10614777.00
25997,80875072.00
25998,28996564.00
25999,34241228.00
26000,14103876.00
26001,22320440.00
26002,47116384.00
26003,31692852.00
26004,9980861.00
26005,10168725.00
26006,12401807.00
26007,12133998.00
26008,20821156.00
26009,9130624.00
26010,10394936.00
26011,12591110.00
26012,10783782.00
26013,6913110.00
26014,12334230.00
26015,25772260.00
26016,6629681.50
26017,9850461.00
26018,23133844.00
26019,48056284.00
26020,16317934.00
26021,20598836.00
26022,13094353.00
26023,10229230.00
26024,8293577.50
26025,14799103.00
26026,16074294.00
26027,26046160.00
26028,7730531.00
26029,28150888.00
26030,41861516.00
26031,12181083.00
26032,7420937.50
26033,37451508.00
26034,11445263.00
26035,6853366.00
26036,10570396.00
26037,17735272.00
26038,31122708.00
26039,15471066.00
26040,12731716.00
26041,21986694.00
26042,18356384.00
26043,13802365.00
26044,10807164.00
26045,28936280.00
26046,20319392.00
26047,18081446.00
26048,20090382.00
26049,24357918.00
26050,13034068.00
26051,14102950.00
26052,7053910.00
26053,7037454.50
26054,23945588.00
26055,15445955.00
26056,8366118.50
26057,14051828.00
26058,21602548.00
26059,10118760.00
26060,28656268.00
26061,11412296.00
26062,10222638.00
26063,17693328.00
26064,13703562.00
26065,7619236.50
26066,6289713.50
26067,15315587.00
26068,12521204.00
26069,15214309.00
26070,69182840.00
26071,25275846.00
26072,14656265.00
26073,11446685.00
26074,28080412.00
26075,6992642.50
26076,9874064.00
26077,14378950.00
26078,41922792.00
26079,26201658.00
26080,25206648.00
26081,22474804.00
26082,21669428.00
26083,15372681.00
26084,8745651.00
26085,8552068.00
26086,21341596.00
26087,24607810.00
26088,13325475.00
26089,15661917.00
26090,29256908.00
26091,10567098.00
26092,24110380.00
26093,10203540.00
26094,13920759.00
26095,28969044.00
26096,13025108.00
26097,11673366.00
26098,13773528.00
26099,17547330.00
26100,6633001.00
26101,16203398.00
26102,8405372.00
26103,9251285.00
26104,22532514.00
26105,23092648.00
26106,27542216.00
26107,10658811.00
26108,34452972.00
26109,14252995.00
26110,11832716.00
26111,21085588.00
26112,12082959.00
26113,12507288.00
26114,12305038.00
26115,9625274.00
26116,30252654.00
26117,10290188.00
26118,19511312.00
26119,24022986.00
26120,12942747.00
26121,7863818.00
26122,12599021.00
26123,9432934.00
26124,6873929.00
26125,12238834.00
26126,12820460.00
26127,14984744.00
26128,6713116.00
26129,11190596.00
26130,15998881.00
26131,14577978.00
26132,7553031.50
26133,33955980.00
26134,50747076.00
26135,12328788.00
26136,20620672.00
26137,10301214.00
26138,24698112.00
26139,9285550.00
26140,16408228.00
26141,40680916.00
26142,19951168.00
26143,19029838.00
26144,13852480.00
26145,16044439.00
26146,26770222.00
26147,35843756.00
26148,10805932.00
26149,18099320.00
26150,18057700.00
26151,6181652.00
26152,9357566.00
26153,11297646.00
26154,28618668.00
26155,10275928.00
26156,35408468.00
26157,27596838.00
26158,14942487.00
26159,19908768.00
26160,35604796.00
26161,10603800.00
26162,29315980.00
26163,12212028.00
26164,5724551.50
26165,14506886.00
26166,20050458.00
26167,24583156.00
26168,10248022.00
26169,39103364.00
26170,31654372.00
26171,15982280.00
26172,13656404.00
26173,11722703.00
26174,17996284.00
26175,5643937.50
26176,9966694.00
26177,10852636.00
26178,12244914.00
26179,9821290.00
26180,5844881.50
26181,11112132.00
26182,20174672.00
26183,4919655.00
26184,23174970.00
26185,48795852.00
26186,7188550.50
26187,21154612.00
26188,10060917.00
26189,22156224.00
26190,15766918.00
26191,33214696.00
26192,14414051.00
26193,16070584.00
26194,13452922.00
26195,33028852.00
26196,40942540.00
26197,8615206.00
26198,8451926.00
26199,21658854.00
26200,14269844.00
26201,19006676.00
26202,33840984.00
26203,13118244.00
26204,41770112.00
26205,13781147.00
26206,9237920.00
26207,18930080.00
26208,16133926.00
26209,14685590.00
26210,21068984.00
26211,11454077.00
26212,9411443.00
26213,7711479.00
26214,14664938.00
26215,19611422.00
26216,15909376.00
26217,16621756.00
26218,8015335.50
26219,10308980.00
26220,10020336.00
26221,8482026.00
26222,10526075.00
26223,37885152.00
26224,10716593.00
26225,41604420.00
26226,12885981.00
26227,13703410.00
26228,14628148.00
26229,21341648.00
26230,10173806.00
26231,12097891.00
26232,4793200.00
26233,35062280.00
26234,18546872.00
26235,17566272.00
26236,11634510.00
26237,11726461.00
26238,14761284.00
26239,12382458.00
26240,69224656.00
26241,29170622.00
26242,13776047.00
26243,19969740.00
26244,21791388.00
26245,54663948.00
26246,16234355.00
26247,7606134.00
26248,22802008.00
26249,17252150.00
26250,37705468.00
26251,13097140.00
26252,10704830.00
26253,18939402.00
26254,18373104.00
26255,19188884.00
26256,7919954.50
26257,2403128.00
26258,8217638.00
26259,11286931.00
26260,16295130.00
26261,5395082.00
26262,15258949.00
26263,17131476.00
26264,10744390.00
26265,16875228.00
26266,13728230.00
26267,32108600.00
26268,12022420.00
26269,9747745.00
26270,9931393.00
26271,44931596.00
26272,17103926.00
26273,10745294.00
26274,28514360.00
26275,12410802.00
26276,14728748.00
26277,10024586.00
26278,17371662.00
26279,13656404.00
26280,6650683.00
26281,13743370.00
26282,9899308.00
26283,27084300.00
26284,9878366.00
26285,16055709.00
26286,11485373.00
26287,13689188.00
26288,11955823.00
26289,10319620.00
26290,4948866.00
26291,11509126.00
26292,48817568.00
26293,18030816.00
26294,13436774.00
26295,13753274.00
26296,11485277.00
26297,20845892.00
26298,19425824.00
26299,14769300.00
26300,37553588.00
26301,13412128.00
26302,42747152.00
26303,25892660.00
26304,203345824.00
26305,18374648.00
26306,10460918.00
26307,29711954.00
26308,21534088.00
26309,9542089.00
26310,25243400.00
26311,14039245.00
26312,32614648.00
26313,12605027.00
26314,12587730.00
26315,4511035.00
26316,26154132.00
26317,8951936.00
26318,27354772.00
26319,10336978.00
26320,12362262.00
26321,12618342.00
26322,19999524.00
26323,8979996.00
26324,20254856.00
26325,17086374.00
26326,7871908.00
26327,13889100.00
26328,9913773.00
26329,15349362.00
26330,9049976.00
26331,18746888.00
26332,10879345.00
26333,12604635.00
26334,9456160.00
26335,8348167.00
26336,13490589.00
26337,13160753.00
26338,15045219.00
26339,17968048.00
26340,10169690.00
26341,10183758.00
26342,20617020.00
26343,9937334.00
26344,26037882.00
26345,8114438.00
26346,8409612.00
26347,7991054.50
26348,18970910.00
26349,11822148.00
26350,13326478.00
26351,7540630.00
26352,14849751.00
26353,7035901.00
26354,5907036.00
26355,22191192.00
26356,6292007.00
26357,21915130.00
26358,8043597.00
26359,17558836.00
26360,12761137.00
26361,7574846.50
26362,11499811.00
26363,50918808.00
26364,14999436.00
26365,13576617.00
26366,9094636.00
26367,3950815.00
26368,19326016.00
26369,23066724.00
26370,4004557.00
26371,8974066.00
26372,10550988.00
26373,8915874.00
26374,8959279.00
26375,15047259.00
26376,15188346.00
26377,18447450.00
26378,19218492.00
26379,12427441.00
26380,8025419.50
26381,14424372.00
26382,14262844.00
26383,8909135.00
26384,31947084.00
26385,16366493.00
26386,12342179.00
26387,14923389.00
26388,10729344.00
26389,16512808.00
26390,12096874.00
26391,15521050.00
26392,7123626.00
26393,11614525.00
26394,16760259.00
26395,8595770.00
26396,24085072.00
26397,10864236.00
26398,15583862.00
26399,14494159.00
26400,22173620.00
26401,93117672.00
26402,9199477.00
26403,11490118.00
26404,23519952.00
26405,20652912.00
26406,42478272.00
26407,47949988.00
26408,23408924.00
26409,10436660.00
26410,71260752.00
26411,15043881.00
26412,19212774.00
26413,10572310.00
26414,28969044.00
26415,29562316.00
26416,13100008.00
26417,21226282.00
26418,28341284.00
26419,8805823.00
26420,20598304.00
26421,31423780.00
26422,13338619.00
26423,20686024.00
26424,14630670.00
26425,8499266.00
26426,25831476.00
26427,9206666.00
26428,26288522.00
26429,11371708.00
26430,28639516.00
26431,38167052.00
26432,35131344.00
26433,30540040.00
26434,27178210.00
26435,34721596.00
26436,12971931.00
26437,10409944.00
26438,9509398.00
26439,22387336.00
26440,10741608.00
26441,19575992.00
26442,26618920.00
26443,11130890.00
26444,21573160.00
26445,8795750.00
26446,10482611.00
26447,16228552.00
26448,7677720.50
26449,19388890.00
26450,15433121.00
26451,8093123.00
26452,20843572.00
26453,11719981.00
26454,6292354.00
26455,3583185.00
26456,14813709.00
26457,6137650.00
26458,20219616.00
26459,32145822.00
26460,41875376.00
26461,12273565.00
26462,41527584.00
26463,10400116.00
26464,13116131.00
26465,19876418.00
26466,16134204.00
26467,10836966.00
26468,18116708.00
26469,9655662.00
26470,4399488.00
26471,17920086.00
26472,11777594.00
26473,12242781.00
26474,14111017.00
26475,31198296.00
26476,39996428.00
26477,16388049.00
26478,22585590.00
26479,25426980.00
26480,16077629.00
26481,20280298.00
26482,11961093.00
26483,37369372.00
26484,7117979.00
26485,38428028.00
26486,9592946.00
26487,17811120.00
26488,15188369.00
26489,11711254.00
26490,16099611.00
26491,29242868.00
26492,16580614.00
26493,33793996.00
26494,12301846.00
26495,106769784.00
26496,16345866.00
26497,21111024.00
26498,17836586.00
26499,23004840.00
26500,12260602.00
26501,16841300.00
26502,23676300.00
26503,8111601.50
26504,6003268.00
26505,15526170.00
26506,9111640.00
26507,7841197.00
26508,17801982.00
26509,77786280.00
26510,17789638.00
26511,5249715.00
26512,18082788.00
26513,23362728.00
26514,19399794.00
26515,45000040.00
26516,32877524.00
26517,6028713.00
26518,16149574.00
26519,10902572.00
26520,7035619.00
26521,7263935.50
26522,4029856.00
26523,9527893.00
26524,18786462.00
26525,4353481.00
26526,15507995.00
26527,7820513.50
26528,5244333.00
26529,15669059.00
26530,46343912.00
26531,14801110.00
26532,12216355.00
26533,11796957.00
26534,16188733.00
26535,82948232.00
26536,11197638.00
26537,8508363.00
26538,15982097.00
26539,30117102.00
26540,8184323.00
26541,12556129.00
26542,13252338.00
26543,13620493.00
26544,8624024.00
26545,7023856.00
26546,10667200.00
26547,13300385.00
26548,27689292.00
26549,34432112.00
26550,9595532.00
26551,31184996.00
26552,14667835.00
26553,8970448.00
26554,8313764.00
26555,13540521.00
26556,17014880.00
26557,25909190.00
26558,13792814.00
26559,22586600.00
26560,11944408.00
26561,12233196.00
26562,8347086.00
26563,9944962.00
26564,12281834.00
26565,25379192.00
26566,8887995.00
26567,18258968.00
26568,9168716.00
26569,21545680.00
26570,14653302.00
26571,13191098.00
26572,27618340.00
26573,12894134.00
26574,35920636.00
26575,33342416.00
26576,11474433.00
26577,16019441.00
26578,18146824.00
26579,24782814.00
26580,8367303.50
26581,23365904.00
26582,22118964.00
26583,10682771.00
26584,21428658.00
26585,16069188.00
26586,7354712.50
26587,15052655.00
26588,4799240.00
26589,12281830.00
26590,12662523.00
26591,11239325.00
26592,5460246.00
26593,19741854.00
26594,18116324.00
26595,19881394.00
26596,17638692.00
26597,10087186.00
26598,12224986.00
26599,18770132.00
26600,21144914.00
26601,8476834.00
26602,14573427.00
26603,18072950.00
26604,17759354.00
26605,9952446.00
26606,12478740.00
26607,12859363.00
26608,38296280.00
26609,12603008.00
26610,22135204.00
26611,22511832.00
26612,34823880.00
26613,14996430.00
26614,9567323.00
26615,19830392.00
26616,42895340.00
26617,10547967.00
26618,12508323.00
26619,15305324.00
26620,6378987.00
26621,11232562.00
26622,6873901.50
26623,11658353.00
26624,5596190.50
26625,7370659.00
26626,11552244.00
26627,24490526.00
26628,21662360.00
26629,9784331.00
26630,16320964.00
26631,9839589.00
26632,8788849.00
26633,17431882.00
26634,7856455.00
26635,26268426.00
26636,9395946.00
26637,8004747.00
26638,14535520.00
26639,39165280.00
26640,9388712.00
26641,9456278.00
26642,41731556.00
26643,12885695.00
26644,29179166.00
26645,13717161.00
26646,12257260.00
26647,17199562.00
26648,47828504.00
26649,6569593.00
26650,16968882.00
26651,11525728.00
26652,9485098.00
26653,21445872.00
26654,6439731.00
26655,8711930.00
26656,22089920.00
26657,20021134.00
26658,25087580.00
26659,8164837.00
26660,18825410.00
26661,22900084.00
26662,7748955.50
26663,15094810.00
26664,9157150.00
26665,20953372.00
26666,18016884.00
26667,17677078.00
26668,5304211.00
26669,11189088.00
26670,5212118.00
26671,21068780.00
26672,22687752.00
26673,16038019.00
26674,9231852.00
26675,29376320.00
26676,20189878.00
26677,16754938.00
26678,16003370.00
26679,12961910.00
26680,10218036.00
26681,13614147.00
26682,16428300.00
26683,46977384.00
26684,8923684.00
26685,18938360.00
26686,11520668.00
26687,28559380.00
26688,6408532.00
26689,25093972.00
26690,37801208.00
26691,12128236.00
26692,16401914.00
26693,15729847.00
26694,14210868.00
26695,7926015.50
26696,19904944.00
26697,11053379.00
26698,29994426.00
26699,21425120.00
26700,12268567.00
26701,22619256.00
26702,11498289.00
26703,21372014.00
26704,40655964.00
26705,14457536.00
26706,7158056.50
26707,15301530.00
26708,10945766.00
26709,11937516.00
26710,21447736.00
26711,21607340.00
26712,9375348.00
26713,12900865.00
26714,24467100.00
26715,9233020.00
26716,12976815.00
26717,11657889.00
26718,23585210.00
26719,18136360.00
26720,11070981.00
26721,28023032.00
26722,11696586.00
26723,16835062.00
26724,41066084.00
26725,23814088.00
26726,17029872.00
26727,7187261.00
26728,6343655.50
26729,7625008.50
26730,15435738.00
26731,29237114.00
26732,17808500.00
26733,29499044.00
26734,21608262.00
26735,25607636.00
26736,11379529.00
26737,39434972.00
26738,9216387.00
26739,11150559.00
26740,20799918.00
26741,29656108.00
26742,32431476.00
26743,17195340.00
26744,36537880.00
26745,702379.06
26746,18437886.00
26747,22332648.00
26748,16985204.00
26749,36548924.00
26750,18144810.00
26751,15802469.00
26752,12126362.00
26753,10635441.00
26754,6797616.50
26755,39033448.00
26756,21193670.00
26757,38064032.00
26758,32823736.00
26759,12440310.00
26760,12115162.00
26761,10650570.00
26762,26475092.00
26763,8957216.00
26764,7346829.00
26765,13755424.00
26766,12351334.00
26767,19274472.00
26768,7492859.50
26769,9837042.00
26770,23070676.00
26771,37238888.00
26772,20343194.00
26773,10744061.00
26774,11285486.00
26775,36295440.00
26776,8798153.00
26777,13068029.00
26778,5645522.00
26779,27932154.00
26780,28128304.00
26781,28305960.00
26782,38022784.00
26783,59457696.00
26784,27590772.00
26785,9710715.00
26786,23771300.00
26787,17680734.00
26788,16092142.00
26789,12625344.00
26790,21214552.00
26791,25409890.00
26792,21442588.00
26793,12826198.00
26794,5617042.00
26795,13252593.00
26796,13614147.00
26797,9210300.00
26798,11262148.00
26799,15657298.00
26800,22832684.00
26801,10188000.00
26802,11913132.00
26803,13747862.00
26804,6619923.00
26805,20349420.00
26806,18026594.00
26807,9271390.00
26808,15598618.00
26809,23045236.00
26810,17492732.00
26811,12763292.00
26812,22282868.00
26813,16068244.00
26814,12103508.00
26815,15480387.00
26816,16459205.00
26817,12691450.00
26818,16952104.00
26819,22653844.00
26820,28416552.00
26821,17546086.00
26822,17978432.00
26823,16129116.00
26824,15447852.00
26825,29553336.00
26826,18123678.00
26827,21581366.00
26828,13473868.00
26829,14619406.00
26830,11785535.00
26831,38789304.00
26832,8047824.00
26833,20968368.00
26834,36078252.00
26835,9486386.00
26836,10744070.00
26837,12470829.00
26838,12670159.00
26839,33777612.00
26840,12453893.00
26841,5879310.50
26842,15831764.00
26843,10322765.00
26844,14627183.00
26845,12755331.00
26846,9355008.00
26847,23184586.00
26848,8734982.00
26849,28631738.00
26850,22207184.00
26851,13020632.00
26852,20309982.00
26853,22845136.00
26854,32038328.00
26855,11965676.00
26856,5409836.00
26857,27307404.00
26858,34666052.00
26859,25024576.00
26860,21023984.00
26861,11287809.00
26862,11807980.00
26863,10173663.00
26864,27568664.00
26865,15260000.00
26866,12491919.00
26867,15955034.00
26868,11333592.00
26869,22320596.00
26870,15465320.00
26871,13343807.00
26872,21652136.00
26873,21199308.00
26874,18566334.00
26875,14404989.00
26876,12459107.00
26877,8947004.00
26878,10879345.00
26879,17086738.00
26880,23664442.00
26881,12211971.00
26882,21474480.00
26883,7721232.00
26884,7370191.50
26885,7123645.00
26886,25554824.00
26887,14273313.00
26888,14685491.00
26889,30910068.00
26890,30113278.00
26891,10573120.00
26892,17261986.00
26893,52919132.00
26894,15685280.00
26895,13841972.00
26896,10958688.00
26897,10617812.00
26898,12832370.00
26899,21553124.00
26900,23824056.00
26901,10053080.00
26902,19885260.00
26903,49957172.00
26904,18238164.00
26905,8493624.00
26906,13795837.00
26907,39497148.00
26908,8473540.00
26909,13157889.00
26910,20158742.00
26911,11072049.00
26912,16689626.00
26913,13234237.00
26914,31676684.00
26915,4945061.00
26916,13817417.00
26917,9136285.00
26918,7483498.00
26919,11847032.00
26920,8016028.00
26921,25349370.00
26922,39175940.00
26923,25058334.00
26924,19835064.00
26925,16594211.00
26926,7386829.00
26927,14711092.00
26928,22472246.00
26929,18862778.00
26930,19170416.00
26931,17851180.00
26932,11744417.00
26933,13997007.00
26934,28435100.00
26935,14348017.00
26936,9344540.00
26937,12244374.00
26938,16388431.00
26939,4793200.00
26940,17009322.00
26941,15047904.00
26942,17787902.00
26943,7174522.00
26944,19084946.00
26945,10181292.00
26946,9469040.00
26947,16787924.00
26948,31136522.00
26949,13584120.00
26950,11855740.00
26951,16384632.00
26952,12247334.00
26953,11317517.00
26954,31341708.00
26955,10728302.00
26956,19507876.00
26957,29290106.00
26958,21866320.00
26959,48507472.00
26960,12471107.00
26961,8935414.00
26962,9982632.00
26963,10446578.00
26964,13861224.00
26965,15535578.00
26966,15114473.00
26967,21423116.00
26968,13936134.00
26969,38200528.00
26970,9731976.00
26971,7528161.50
26972,13840301.00
26973,9003192.00
26974,96520888.00
26975,18024110.00
26976,8244690.50
26977,23586276.00
26978,25669040.00
26979,18349950.00
26980,8493785.00
26981,28023032.00
26982,15649370.00
26983,26688692.00
26984,24067404.00
26985,11346220.00
26986,7051801.50
26987,9820126.00
26988,8994954.00
26989,10038966.00
26990,10600404.00
26991,24384506.00
26992,8399992.00
26993,12200088.00
26994,19374406.00
26995,30545060.00
26996,8543668.00
26997,51154344.00
26998,9138373.00
26999,10558519.00
27000,11163766.00
27001,11048404.00
27002,34118184.00
27003,13065809.00
27004,17848088.00
27005,15164348.00
27006,18660892.00
27007,18884192.00
27008,8048488.50
27009,15275689.00
27010,10104916.00
27011,25165364.00
27012,17113990.00
27013,19613768.00
27014,6512828.00
27015,22062552.00
27016,9659108.00
27017,9094456.00
27018,10004680.00
27019,9157150.00
27020,25137368.00
27021,14229443.00
27022,14186153.00
27023,7719736.50
27024,13506323.00
27025,18353380.00
27026,31837940.00
27027,11445299.00
27028,10946035.00
27029,8788429.00
27030,8542474.00
27031,14742556.00
27032,16594074.00
27033,11944389.00
27034,15336264.00
27035,13950163.00
27036,13332957.00
27037,11433733.00
27038,11609117.00
27039,48405308.00
27040,18674212.00
27041,15139814.00
27042,34846196.00
27043,9622842.00
27044,14204788.00
27045,45907252.00
27046,15942088.00
27047,13056609.00
27048,15853100.00
27049,12061946.00
27050,9347385.00
27051,7841987.00
27052,13670932.00
27053,18998148.00
27054,4700356.00
27055,21967884.00
27056,27481090.00
27057,22112054.00
27058,18392884.00
27059,8103123.00
27060,9417376.00
27061,23320468.00
27062,13825516.00
27063,7914093.50
27064,15441592.00
27065,38626004.00
27066,6621612.00
27067,71940640.00
27068,11955823.00
27069,7962230.50
27070,19263420.00
27071,29354682.00
27072,5343171.00
27073,11431549.00
27074,17604434.00
27075,37045216.00
27076,18956838.00
27077,18928570.00
27078,22626758.00
27079,11041393.00
27080,10451211.00
27081,11691340.00
27082,7694014.00
27083,45109212.00
27084,11031144.00
27085,15224716.00
27086,31462370.00
27087,21980188.00
27088,18774894.00
27089,23037914.00
27090,30310044.00
27091,24127636.00
27092,9327162.00
27093,17107020.00
27094,8564210.00
27095,19481178.00
27096,12114181.00
27097,20035302.00
27098,40433216.00
27099,44509400.00
27100,10770202.00
27101,22831192.00
27102,15224701.00
27103,19321676.00
27104,21863092.00
27105,28604144.00
27106,27816786.00
27107,17326444.00
27108,25225320.00
27109,31193342.00
27110,26599472.00
27111,9456781.00
27112,23195240.00
27113,10637078.00
27114,47336900.00
27115,12212012.00
27116,12751200.00
27117,12112924.00
27118,37141968.00
27119,18016704.00
27120,17942266.00
27121,33216518.00
27122,18913012.00
27123,15009688.00
27124,10146718.00
27125,12368445.00
27126,7448312.50
27127,18328164.00
27128,10422966.00
27129,14890056.00
27130,15942088.00
27131,10317580.00
27132,8394092.00
27133,17316310.00
27134,18643562.00
27135,10040565.00
27136,5281215.00
27137,50568244.00
27138,5979581.00
27139,6891060.50
27140,7895819.00
27141,18505492.00
27142,18395436.00
27143,9055037.00
27144,24798576.00
27145,7188510.00
27146,23753104.00
27147,24009456.00
27148,15712413.00
27149,19399544.00
27150,15985800.00
27151,24863624.00
27152,13883438.00
27153,4476147.00
27154,20031140.00
27155,19617942.00
27156,8256217.50
27157,12433960.00
27158,17038548.00
27159,11946321.00
27160,9597568.00
27161,44165828.00
27162,52373360.00
27163,17318522.00
27164,14887634.00
27165,14915215.00
27166,50647644.00
27167,28624888.00
27168,20549504.00
27169,7492407.00
27170,37325160.00
27171,11313949.00
27172,15336547.00
27173,8165982.50
27174,11644442.00
27175,24825364.00
27176,10802692.00
27177,5428081.50
27178,13151496.00
27179,13925061.00
27180,22932692.00
27181,11980879.00
27182,15478239.00
27183,15314253.00
27184,13803602.00
27185,10767572.00
27186,13630659.00
27187,22785482.00
27188,14026141.00
27189,13276133.00
27190,9650885.00
27191,12917818.00
27192,11084216.00
27193,12764916.00
27194,19311580.00
27195,26255964.00
27196,21346488.00
27197,18046598.00
27198,24289288.00
27199,40401904.00
27200,21912674.00
27201,17977280.00
27202,5622129.50
27203,11388922.00
27204,17886522.00
27205,14277196.00
27206,9921726.00
27207,11897434.00
27208,9712448.00
27209,17583706.00
27210,5343752.00
27211,11954542.00
27212,10200606.00
27213,16694257.00
27214,49777652.00
27215,12055638.00
27216,18966002.00
27217,17984702.00
27218,19408456.00
27219,16740312.00
27220,20241958.00
27221,47003704.00
27222,16963788.00
27223,16731379.00
27224,23108520.00
27225,16743318.00
27226,20555208.00
27227,56882700.00
27228,10714424.00
27229,19267868.00
27230,12193940.00
27231,10879690.00
27232,14890734.00
27233,12156658.00
27234,27973772.00
27235,21284266.00
27236,15208872.00
27237,21807708.00
27238,11130371.00
27239,13581530.00
27240,8022937.50
27241,12531215.00
27242,8672578.00
27243,21479756.00
27244,16036337.00
27245,22534638.00
27246,9997318.00
27247,21132410.00
27248,15477411.00
27249,11412401.00
27250,15738127.00
27251,15533206.00
27252,11421462.00
27253,4881159.00
27254,14401117.00
27255,14916611.00
27256,48343028.00
27257,11987141.00
27258,16120151.00
27259,11210801.00
27260,14548334.00
27261,25565048.00
27262,36189184.00
27263,7268431.50
27264,19739578.00
27265,13540270.00
27266,15068376.00
27267,26908324.00
27268,20819096.00
27269,8606554.00
27270,18205694.00
27271,33907328.00
27272,17377346.00
27273,7969418.00
27274,18142872.00
27275,11694161.00
27276,19976060.00
27277,22791832.00
27278,14561309.00
27279,19768944.00
27280,10371723.00
27281,5883278.50
27282,22264684.00
27283,11330638.00
27284,18723084.00
27285,8310004.00
27286,24636148.00
27287,6688470.00
27288,15711901.00
27289,11185898.00
27290,13506412.00
27291,9040804.00
27292,2971850.00
27293,10697804.00
27294,44961408.00
27295,11434371.00
27296,34370888.00
27297,13469112.00
27298,15345367.00
27299,29785048.00
27300,17503372.00
27301,14115004.00
27302,8222483.00
27303,10401540.00
27304,8395332.00
27305,14841495.00
27306,15137989.00
27307,7366953.00
27308,9861196.00
27309,21493020.00
27310,10086559.00
27311,12730542.00
27312,59044356.00
27313,19396644.00
27314,75625832.00
27315,13740164.00
27316,10809201.00
27317,9385653.00
27318,9357189.00
27319,11831773.00
27320,15473606.00
27321,18260770.00
27322,9881372.00
27323,17837828.00
27324,14555784.00
27325,18686016.00
27326,12058653.00
27327,17682582.00
27328,24016518.00
27329,23927350.00
27330,9045359.00
27331,18130184.00
27332,8852728.00
27333,12686616.00
27334,17637642.00
27335,18326408.00
27336,16457103.00
27337,18921606.00
27338,10639456.00
27339,11642819.00
27340,25491628.00
27341,23969016.00
27342,15654284.00
27343,15085738.00
27344,10550450.00
27345,24541350.00
27346,25066910.00
27347,13678252.00
27348,30252602.00
27349,15000753.00
27350,39592780.00
27351,15032992.00
27352,16437399.00
27353,14771459.00
27354,12352919.00
27355,34136372.00
27356,19355388.00
27357,14985117.00
27358,14857679.00
27359,5668916.00
27360,18690246.00
27361,12535224.00
27362,9239222.00
27363,34312184.00
27364,5330699.00
27365,38342640.00
27366,13896896.00
27367,17633794.00
27368,8772036.00
27369,11797421.00
27370,28646132.00
27371,19053714.00
27372,17112024.00
27373,63775580.00
27374,19914632.00
27375,8220055.50
27376,26549864.00
27377,9722814.00
27378,28599092.00
27379,26659476.00
27380,12088589.00
27381,25830848.00
27382,7281555.00
27383,8118743.00
27384,15038602.00
27385,10339822.00
27386,17786452.00
27387,63172176.00
27388,21568018.00
27389,37968572.00
27390,21672676.00
27391,18380450.00
27392,9593702.00
27393,15125080.00
27394,12569556.00
27395,8407002.00
27396,10898476.00
27397,8103902.50
27398,11198144.00
27399,22140432.00
27400,9981053.00
27401,6360327.50
27402,11096568.00
27403,14402618.00
27404,45452952.00
27405,7897465.50
27406,25737178.00
27407,18753876.00
27408,31100656.00
27409,15787023.00
27410,18422216.00
27411,10875718.00
27412,6740803.00
27413,42925324.00
27414,25919592.00
27415,13416996.00
27416,9794298.00
27417,22897052.00
27418,15517030.00
27419,13046705.00
27420,6933997.00
27421,44049512.00
27422,13292029.00
27423,9838106.00
27424,17995046.00
27425,32184930.00
27426,13233180.00
27427,13566482.00
27428,25102292.00
27429,14927532.00
27430,7977226.00
27431,28802792.00
27432,14365074.00
27433,6032569.00
27434,7372166.00
27435,5211360.00
27436,14933202.00
27437,10056056.00
27438,9164202.00
27439,9148756.00
27440,15266707.00
27441,13183854.00
27442,16636474.00
27443,9698486.00
27444,4242045.00
27445,13437684.00
27446,14318788.00
27447,24920604.00
27448,25421800.00
27449,6999332.50
27450,15882307.00
27451,17032498.00
27452,12922966.00
27453,4584623.00
27454,9849630.00
27455,14041047.00
27456,40186044.00
27457,11571756.00
27458,24565580.00
27459,21940848.00
27460,39024032.00
27461,15021368.00
27462,11858563.00
27463,10098951.00
27464,15660086.00
27465,12779962.00
27466,13657632.00
27467,17968800.00
27468,19964072.00
27469,9142416.00
27470,10575982.00
27471,25131600.00
27472,9291844.00
27473,14298698.00
27474,10626219.00
27475,16445576.00
27476,30204104.00
27477,17943252.00
27478,37268988.00
27479,7748696.50
27480,24231366.00
27481,13325940.00
27482,14098808.00
27483,39569980.00
27484,17363658.00
27485,19549884.00
27486,16843570.00
27487,36718784.00
27488,7939428.00
27489,7718953.00
27490,22828730.00
27491,33954028.00
27492,11030269.00
27493,20121290.00
27494,13687118.00
27495,40911652.00
27496,8389996.00
27497,26561802.00
27498,28856552.00
27499,18417442.00
27500,20791518.00
27501,15403045.00
27502,10621589.00
27503,18235834.00
27504,21090284.00
27505,13630980.00
27506,9679376.00
27507,20556356.00
27508,15963178.00
27509,29551202.00
27510,21320890.00
27511,14818035.00
27512,8264118.50
27513,19425526.00
27514,14274092.00
27515,4799248.00
27516,26442404.00
27517,11929014.00
27518,19286918.00
27519,15905655.00
27520,15069896.00
27521,9028558.00
27522,6205045.00
27523,6864467.00
27524,11474433.00
27525,17231664.00
27526,10034676.00
27527,15305409.00
27528,10081146.00
27529,24569332.00
27530,13551739.00
27531,20270224.00
27532,12744312.00
27533,14822738.00
27534,5224435.00
27535,6897072.00
27536,7599261.50
27537,10532026.00
27538,15670949.00
27539,7177399.50
27540,12756068.00
27541,10734507.00
27542,21315664.00
27543,20963844.00
27544,17981910.00
27545,15098500.00
27546,9164615.00
27547,7411440.50
27548,13560346.00
27549,13680186.00
27550,15644012.00
27551,4552695.00
27552,12650374.00
27553,14688780.00
27554,11300657.00
27555,14668059.00
27556,21166408.00
27557,19093678.00
27558,24558016.00
27559,15432963.00
27560,8673319.00
27561,15558120.00
27562,22529396.00
27563,14227619.00
27564,14588044.00
27565,6990471.00
27566,11636283.00
27567,10734556.00
27568,21127972.00
27569,13803668.00
27570,9306358.00
27571,19685452.00
27572,9249912.00
27573,8968864.00
27574,8475408.00
27575,14864794.00
27576,10374846.00
27577,5971678.00
27578,13298719.00
27579,14324489.00
27580,24312948.00
27581,8330734.50
27582,33896356.00
27583,9566184.00
27584,25023248.00
27585,20582028.00
27586,33297628.00
27587,20616924.00
27588,32391896.00
27589,10819652.00
27590,10482036.00
27591,26632880.00
27592,38137564.00
27593,37141312.00
27594,18901146.00
27595,35027412.00
27596,29541688.00
27597,11364078.00
27598,7655548.00
27599,16427740.00
27600,10190422.00
27601,3104496.00
27602,31667202.00
27603,11029309.00
27604,7426448.00
27605,20748848.00
27606,45409036.00
27607,9128148.00
27608,20228500.00
27609,7103762.50
27610,10900948.00
27611,10311098.00
27612,37545944.00
27613,14697050.00
27614,17389066.00
27615,15971215.00
27616,11889172.00
27617,19071208.00
27618,24353602.00
27619,13540879.00
27620,16462787.00
27621,19832960.00
27622,6620250.00
27623,11504570.00
27624,14351040.00
27625,21090592.00
27626,17154980.00
27627,19452954.00
27628,31998836.00
27629,8674736.00
27630,40613816.00
27631,17150568.00
27632,34103676.00
27633,17089280.00
27634,33694444.00
27635,19406948.00
27636,12230952.00
27637,14828855.00
27638,9324682.00
27639,13331286.00
27640,14428480.00
27641,9815483.00
27642,25582796.00
27643,12549884.00
27644,43187260.00
27645,22880000.00
27646,17432362.00
27647,16721980.00
27648,9649729.00
27649,26077096.00
27650,14099729.00
27651,10927208.00
27652,18137004.00
27653,17009624.00
27654,9045359.00
27655,9855577.00
27656,7369005.00
27657,56604184.00
27658,9416610.00
27659,11195946.00
27660,12242845.00
27661,13747072.00
27662,16135108.00
27663,20428606.00
27664,22193512.00
27665,14349146.00
27666,8665350.00
27667,15737987.00
27668,13116703.00
27669,7245502.00
27670,6170646.00
27671,7979187.00
27672,13500594.00
27673,19099476.00
27674,8266519.00
27675,36722812.00
27676,6819378.00
27677,26192648.00
27678,21791376.00
27679,11863935.00
27680,31723020.00
27681,13682433.00
27682,11099791.00
27683,13776102.00
27684,18738320.00
27685,11401240.00
27686,19236320.00
27687,17383500.00
27688,13360622.00
27689,10887278.00
27690,11619683.00
27691,20045570.00
27692,42029736.00
27693,29985844.00
27694,15246738.00
27695,17662978.00
27696,28318264.00
27697,13859674.00
27698,18144810.00
27699,25407800.00
27700,10816707.00
27701,20803552.00
27702,23371638.00
27703,14966188.00
27704,16726758.00
27705,15049452.00
27706,13638074.00
27707,40106148.00
27708,24655848.00
27709,6901712.00
27710,14930484.00
27711,18253302.00
27712,22615150.00
27713,9343434.00
27714,14946157.00
27715,19770954.00
27716,11913300.00
27717,12535543.00
27718,13224938.00
27719,12610208.00
27720,13386573.00
27721,10167152.00
27722,19094466.00
27723,17730270.00
27724,18103420.00
27725,8317306.00
27726,32467144.00
27727,8659694.00
27728,20079368.00
27729,10077106.00
27730,38230000.00
27731,9345887.00
27732,22508642.00
27733,16109494.00
27734,25791818.00
27735,14033039.00
27736,13383031.00
27737,14915569.00
27738,12567552.00
27739,12885686.00
27740,19622900.00
27741,20429720.00
27742,26260334.00
27743,10266510.00
27744,8299901.00
27745,11777046.00
27746,13011598.00
27747,15241756.00
27748,6732564.50
27749,25271750.00
27750,13574234.00
27751,10824216.00
27752,9329530.00
27753,14199094.00
27754,12751894.00
27755,16669888.00
27756,27411236.00
27757,8393469.00
27758,16620963.00
27759,31853648.00
27760,16838782.00
27761,15522950.00
27762,27618498.00
27763,53652376.00
27764,13360081.00
27765,22085352.00
27766,21466646.00
27767,34092044.00
27768,26494662.00
27769,13126397.00
27770,10415311.00
27771,22076926.00
27772,27810648.00
27773,14322467.00
27774,13236401.00
27775,11052324.00
27776,33604556.00
27777,12240884.00
27778,18738148.00
27779,11321073.00
27780,14670491.00
27781,8516018.00
27782,9188922.00
27783,18541854.00
27784,9070735.00
27785,24434798.00
27786,19049028.00
27787,9865978.00
27788,15224904.00
27789,46656512.00
27790,5893198.50
27791,16388708.00
27792,13451272.00
27793,18483036.00
27794,11007308.00
27795,5851861.00
27796,5631493.00
27797,9793145.00
27798,10957894.00
27799,9402874.00
27800,13627892.00
27801,86005352.00
27802,10487102.00
27803,15463837.00
27804,20072876.00
27805,13721212.00
27806,8616058.00
27807,22173936.00
27808,14467552.00
27809,29620040.00
27810,14609629.00
27811,17685962.00
27812,7830547.00
27813,17661326.00
27814,33264748.00
27815,35726196.00
27816,15994563.00
27817,7580825.00
27818,10329482.00
27819,14559709.00
27820,22633000.00
27821,22012888.00
27822,28181130.00
27823,14587526.00
27824,15634417.00
27825,11576870.00
27826,17466160.00
27827,4596846.00
27828,9628036.00
27829,11449352.00
27830,16989948.00
27831,8640476.00
27832,29955596.00
27833,11386982.00
27834,11837764.00
27835,13199217.00
27836,21293516.00
27837,20573256.00
27838,8026798.50
27839,23653366.00
27840,12801454.00
27841,34373872.00
27842,17853316.00
27843,27676824.00
27844,11967014.00
27845,19293056.00
27846,15594083.00
27847,28121836.00
27848,7669307.00
27849,16009852.00
27850,16389697.00
27851,18871898.00
27852,13287203.00
27853,5576434.00
27854,21548004.00
27855,29464412.00
27856,19600082.00
27857,13421839.00
27858,10717703.00
27859,25350316.00
27860,10933038.00
27861,10895567.00
27862,13250456.00
27863,13708991.00
27864,8094429.00
27865,14229219.00
27866,26610782.00
27867,23598440.00
27868,6844624.50
27869,11213472.00
27870,9172354.00
27871,18707844.00
27872,36415460.00
27873,13339580.00
27874,12522956.00
27875,11010356.00
27876,10650124.00
27877,13057274.00
27878,7484262.00
27879,16590118.00
27880,43346152.00
27881,10549046.00
27882,7668233.00
27883,5448545.50
27884,10619910.00
27885,18442944.00
27886,38124980.00
27887,18960360.00
27888,14026442.00
27889,55030040.00
27890,14399826.00
27891,7543981.00
27892,6742583.50
27893,29923218.00
27894,19133402.00
27895,18591244.00
27896,17961424.00
27897,10382190.00
27898,16532590.00
27899,15316905.00
27900,14694296.00
27901,8878110.00
27902,72386528.00
27903,23989906.00
27904,37500648.00
27905,8999504.00
27906,39628408.00
27907,12859916.00
27908,17689484.00
27909,8595706.00
27910,11134783.00
27911,9835690.00
27912,38825280.00
27913,13712031.00
27914,24118320.00
27915,13693647.00
27916,13971771.00
27917,13242917.00
27918,17810128.00
27919,43379828.00
27920,45017496.00
27921,12231078.00
27922,32936070.00
27923,8155715.00
27924,7866374.00
27925,20634792.00
27926,15058703.00
27927,11596212.00
27928,12306932.00
27929,29159672.00
27930,27074580.00
27931,16543900.00
27932,28669720.00
27933,9439220.00
27934,12927917.00
27935,26287714.00
27936,16155241.00
27937,12319032.00
27938,7700209.50
27939,111206752.00
27940,8341016.50
27941,1293294.00
27942,22438892.00
27943,8715038.00
27944,8404294.00
27945,20413100.00
27946,12216998.00
27947,17197408.00
27948,10843516.00
27949,12561265.00
27950,18007178.00
27951,7463670.50
27952,11868713.00
27953,15693716.00
27954,14122548.00
27955,18984378.00
27956,34345784.00
27957,24642188.00
27958,20672924.00
27959,9683762.00
27960,14137386.00
27961,37086728.00
27962,11494051.00
27963,11689263.00
27964,18789176.00
27965,10089740.00
27966,16830246.00
27967,17203214.00
27968,9102801.00
27969,11184360.00
27970,18251802.00
27971,33497820.00
27972,19149246.00
27973,10035184.00
27974,16387342.00
27975,13974202.00
27976,15836806.00
27977,30047756.00
27978,35017156.00
27979,11539848.00
27980,26041640.00
27981,8268580.00
27982,14944000.00
27983,49804176.00
27984,12364120.00
27985,19063204.00
27986,13986568.00
27987,19460692.00
27988,16840216.00
27989,14407601.00
27990,11944253.00
27991,10713217.00
27992,22161452.00
27993,27195500.00
27994,9666457.00
27995,17378968.00
27996,14950700.00
27997,11137672.00
27998,12423622.00
27999,40561256.00
28000,31476102.00
28001,29664532.00
28002,12748079.00
28003,32372952.00
28004,10143288.00
28005,14277441.00
28006,16655148.00
28007,7054717.00
28008,20386196.00
28009,25959544.00
28010,7464131.00
28011,10341672.00
28012,16559804.00
28013,17466028.00
28014,20641342.00
28015,16034396.00
28016,17175104.00
28017,14588086.00
28018,13420033.00
28019,32991508.00
28020,13095487.00
28021,15379611.00
28022,24527982.00
28023,21064604.00
28024,12001138.00
28025,10942897.00
28026,29954792.00
28027,9142504.00
28028,14532509.00
28029,29718284.00
28030,29759020.00
28031,11379529.00
28032,11112430.00
28033,10432652.00
28034,20885750.00
28035,32216552.00
28036,31949028.00
28037,9937676.00
28038,13808444.00
28039,17359166.00
28040,10744390.00
28041,7900238.50
28042,21858452.00
28043,17183732.00
28044,42307224.00
28045,21399188.00
28046,10308446.00
28047,14859462.00
28048,14216658.00
28049,8567314.00
28050,23491706.00
28051,10353312.00
28052,28820066.00
28053,20424362.00
28054,21762740.00
28055,11941574.00
28056,31017500.00
28057,17064494.00
28058,15712497.00
28059,11902464.00
28060,37999344.00
28061,9539343.00
28062,12519119.00
28063,14354109.00
28064,16470835.00
28065,17476978.00
28066,19087242.00
28067,10132042.00
28068,23342434.00
28069,31617026.00
28070,42202640.00
28071,35814008.00
28072,15363213.00
28073,6881694.00
28074,24532572.00
28075,9401564.00
28076,32310860.00
28077,7896331.00
28078,22694928.00
28079,15544648.00
28080,43108656.00
28081,12434478.00
28082,11709093.00
28083,30814202.00
28084,20462190.00
28085,7548723.00
28086,12927630.00
28087,6293713.50
28088,9112206.00
28089,21170476.00
28090,10419898.00
28091,21255066.00
28092,12694364.00
28093,13263892.00
28094,13408006.00
28095,12433667.00
28096,11790830.00
28097,9325898.00
28098,17664574.00
28099,11001999.00
28100,21368944.00
28101,17669888.00
28102,28788736.00
28103,18360340.00
28104,20833858.00
28105,13290957.00
28106,22447208.00
28107,8104213.00
28108,11699811.00
28109,10184378.00
28110,39388520.00
28111,10995738.00
28112,8542581.00
28113,4678982.00
28114,13251960.00
28115,26285336.00
28116,9586402.00
28117,10129294.00
28118,19302256.00
28119,25202334.00
28120,15568826.00
28121,25496536.00
28122,20503106.00
28123,11645879.00
28124,36903084.00
28125,17533350.00
28126,14823363.00
28127,16150523.00
28128,27945608.00
28129,12865322.00
28130,15738323.00
28131,15937500.00
28132,8121019.50
28133,46159664.00
28134,6454689.50
28135,9780701.00
28136,11448111.00
28137,17402632.00
28138,15738857.00
28139,16723756.00
28140,16355014.00
28141,14539209.00
28142,14737164.00
28143,18168596.00
28144,25668184.00
28145,14964769.00
28146,8326530.50
28147,24147422.00
28148,11499194.00
28149,11369772.00
28150,18044346.00
28151,19912120.00
28152,23840354.00
28153,20980442.00
28154,11509667.00
28155,8479134.00
28156,12341148.00
28157,5506491.00
28158,13987078.00
28159,4804587.00
28160,7330276.50
28161,10914120.00
28162,11841641.00
28163,11594061.00
28164,9743518.00
28165,6158464.00
28166,7127690.00
28167,32159416.00
28168,8908042.00
28169,53903676.00
28170,9627234.00
28171,17728344.00
28172,10138538.00
28173,13912765.00
28174,16619336.00
28175,31391452.00
28176,10871860.00
28177,15923919.00
28178,6872423.00
28179,18264328.00
28180,26738732.00
28181,28735656.00
28182,22059166.00
28183,30657436.00
28184,8049507.00
28185,27598686.00
28186,22673052.00
28187,14963233.00
28188,7916376.50
28189,19975204.00
28190,13822021.00
28191,20990242.00
28192,29087704.00
28193,20084178.00
28194,17775812.00
28195,19235168.00
28196,11234001.00
28197,46290572.00
28198,24419630.00
28199,12947948.00
28200,6884407.50
28201,19152522.00
28202,24990580.00
28203,17717836.00
28204,19833160.00
28205,19855972.00
28206,13805117.00
28207,6812606.50
28208,16099671.00
28209,9992690.00
28210,26309592.00
28211,13952489.00
28212,18169412.00
28213,12175603.00
28214,5025260.00
28215,27343052.00
28216,18605168.00
28217,59784708.00
28218,26486516.00
28219,26810548.00
28220,13491242.00
28221,11642831.00
28222,9881894.00
28223,14702715.00
28224,16421770.00
28225,13143770.00
28226,13374029.00
28227,25216216.00
28228,22744372.00
28229,8178398.00
28230,41036516.00
28231,33512904.00
28232,23712738.00
28233,9521996.00
28234,15935749.00
28235,11876521.00
28236,15317434.00
28237,7174927.50
28238,9557404.00
28239,38334164.00
28240,17315826.00
28241,14927860.00
28242,11656817.00
28243,17648842.00
28244,10874866.00
28245,13020955.00
28246,90591296.00
28247,13549516.00
28248,9098606.00
28249,28401368.00
28250,8937540.00
28251,17526962.00
28252,12522124.00
28253,42360192.00
28254,12605037.00
28255,35823624.00
28256,11640782.00
28257,11231817.00
28258,21859590.00
28259,24518300.00
28260,28094068.00
28261,12188541.00
28262,26758082.00
28263,18525648.00
28264,16873586.00
28265,21950640.00
28266,19846824.00
28267,15824292.00
28268,10234394.00
28269,12436945.00
28270,37993724.00
28271,8461222.00
28272,52136776.00
28273,7831613.50
28274,30849636.00
28275,25616262.00
28276,30463604.00
28277,14453860.00
28278,23145978.00
28279,26332158.00
28280,22618724.00
28281,10462638.00
28282,20376952.00
28283,16668072.00
28284,12655360.00
28285,11039144.00
28286,12771677.00
28287,9701168.00
28288,3945525.00
28289,5853646.00
28290,15371517.00
28291,10291442.00
28292,13654894.00
28293,13656067.00
28294,8671968.00
28295,10238350.00
28296,10476820.00
28297,12566822.00
28298,27362612.00
28299,10635979.00
28300,14133627.00
28301,11237187.00
28302,20230460.00
28303,11408736.00
28304,14629787.00
28305,17970194.00
28306,10853638.00
28307,20001068.00
28308,20685196.00
28309,15777047.00
28310,22347628.00
28311,14970586.00
28312,9523863.00
28313,9829149.00
28314,27827364.00
28315,12596445.00
28316,12996865.00
28317,11833097.00
28318,9869758.00
28319,21347022.00
28320,14673756.00
28321,15595803.00
28322,12936404.00
28323,9884634.00
28324,11093638.00
28325,19716014.00
28326,19355132.00
28327,17748570.00
28328,29162828.00
28329,18396828.00
28330,11618968.00
28331,9975479.00
28332,6678831.50
28333,10897811.00
28334,40897392.00
28335,6929438.00
28336,11122353.00
28337,12956957.00
28338,15637226.00
28339,21890072.00
28340,20240924.00
28341,9465565.00
28342,10168692.00
28343,13897827.00
28344,50087864.00
28345,13378705.00
28346,13854533.00
28347,29158198.00
28348,16644474.00
28349,18471208.00
28350,13837402.00
28351,29622498.00
28352,12450813.00
28353,35931556.00
28354,11233522.00
28355,14731425.00
28356,13612797.00
28357,14879331.00
28358,11412890.00
28359,7842742.00
28360,21769304.00
28361,19335106.00
28362,14164975.00
28363,19169356.00
28364,10362189.00
28365,36500504.00
28366,7658159.50
28367,17713104.00
28368,9228282.00
28369,36365220.00
28370,11313755.00
28371,4112976.00
28372,17010562.00
28373,19471802.00
28374,10446116.00
28375,22458362.00
28376,10146718.00
28377,8497902.00
28378,36308772.00
28379,31366782.00
28380,20003386.00
28381,36082264.00
28382,21262940.00
28383,16439656.00
28384,26628844.00
28385,12755904.00
28386,17506572.00
28387,5486564.00
28388,14959564.00
28389,25230430.00
28390,20354130.00
28391,12193940.00
28392,23195812.00
28393,8331694.50
28394,16057764.00
28395,16850972.00
28396,30422644.00
28397,10123437.00
28398,8053905.50
28399,32587696.00
28400,18475228.00
28401,11049487.00
28402,17868918.00
28403,22492190.00
28404,12009848.00
28405,12316965.00
28406,10727768.00
28407,7009786.00
28408,26280968.00
28409,16460166.00
28410,17775502.00
28411,13129439.00
28412,9611714.00
28413,14808297.00
28414,13144040.00
28415,11114907.00
28416,16309862.00
28417,30233088.00
28418,72386528.00
28419,38229880.00
28420,35067100.00
28421,9492278.00
28422,27109852.00
28423,23485168.00
28424,10582920.00
28425,14386106.00
28426,18272760.00
28427,7363975.00
28428,13256819.00
28429,39074368.00
28430,16441446.00
28431,47879284.00
28432,18727928.00
28433,7762745.50
28434,11812538.00
28435,7247782.00
28436,23993752.00
28437,25909620.00
28438,9938490.00
28439,5514830.50
28440,19194360.00
28441,29441378.00
28442,11097069.00
28443,15944829.00
28444,8808184.00
28445,10359222.00
28446,13410124.00
28447,9733094.00
28448,34064864.00
28449,11790257.00
28450,5633521.50
28451,14175946.00
28452,24257580.00
28453,8768608.00
28454,6087737.00
28455,14537827.00
28456,4653151.00
28457,9457560.00
28458,12785568.00
28459,8353469.00
28460,9199388.00
28461,11019649.00
28462,20098890.00
28463,15628928.00
28464,10266945.00
28465,11402580.00
28466,9205298.00
28467,20090620.00
28468,13055098.00
28469,28164464.00
28470,12919695.00
28471,12268013.00
28472,10531430.00
28473,28626776.00
28474,8120439.50
28475,28994232.00
28476,13100008.00
28477,15485521.00
28478,18950006.00
28479,13352736.00
28480,6845365.00
28481,17895058.00
28482,12146394.00
28483,13438420.00
28484,24527982.00
28485,26590748.00
28486,8810554.00
28487,19344312.00
28488,10232866.00
28489,53960296.00
28490,19461566.00
28491,20122270.00
28492,7248660.00
28493,13394652.00
28494,8622713.00
28495,13872913.00
28496,19111708.00
28497,4889317.00
28498,26474476.00
28499,44056416.00
28500,13867357.00
28501,17914742.00
28502,9766856.00
28503,10620245.00
28504,26287412.00
28505,43073484.00
28506,16331273.00
28507,8694982.00
28508,15796262.00
28509,11486313.00
28510,18322350.00
28511,14033981.00
28512,14303066.00
28513,25615800.00
28514,12184628.00
28515,24033910.00
28516,11222687.00
28517,13807304.00
28518,22244050.00
28519,21408674.00
28520,15401335.00
28521,7339908.00
28522,10296250.00
28523,15013078.00
28524,16788782.00
28525,14216660.00
28526,12072241.00
28527,34239384.00
28528,18024110.00
28529,28548520.00
28530,3739410.00
28531,8816612.00
28532,8417671.00
28533,17510010.00
28534,21475704.00
28535,20064412.00
28536,14039677.00
28537,49004520.00
28538,13806097.00
28539,14453682.00
28540,13049820.00
28541,11393339.00
28542,12136791.00
28543,12756490.00
28544,15493297.00
28545,16828110.00
28546,19943622.00
28547,9597210.00
28548,16586328.00
28549,35237924.00
28550,10434714.00
28551,10906300.00
28552,11418788.00
28553,7179212.00
28554,15230171.00
28555,21308684.00
28556,4577079.00
28557,16826544.00
28558,21305490.00
28559,45044788.00
28560,19682552.00
28561,8694982.00
28562,16764714.00
28563,14927881.00
28564,14918502.00
28565,11140611.00
28566,18822962.00
28567,23853268.00
28568,46737312.00
28569,10205056.00
28570,33356176.00
28571,14774868.00
28572,17912580.00
28573,9341022.00
28574,25712184.00
28575,17113152.00
28576,17264580.00
28577,20936152.00
28578,51662940.00
28579,40200036.00
28580,14280993.00
28581,15856376.00
28582,16106894.00
28583,12616472.00
28584,11484160.00
28585,76402656.00
28586,20545104.00
28587,32219078.00
28588,6412977.50
28589,8666728.00
28590,18133692.00
28591,9719060.00
28592,22015910.00
28593,107058528.00
28594,7596714.00
28595,19375464.00
28596,18463422.00
28597,13169350.00
28598,11398848.00
28599,13712023.00
28600,12117645.00
28601,37801208.00
28602,13331977.00
28603,15870543.00
28604,11564038.00
28605,37103036.00
28606,11792411.00
28607,11364758.00
28608,15175156.00
28609,9558009.00
28610,16659547.00
28611,14610359.00
28612,9658499.00
28613,12194668.00
28614,17935090.00
28615,25507712.00
28616,8150469.00
28617,10693854.00
28618,11842604.00
28619,19868998.00
28620,8132777.00
28621,11150568.00
28622,12695588.00
28623,38782120.00
28624,21246162.00
28625,13592700.00
28626,18633304.00
28627,15743557.00
28628,17338904.00
28629,12874783.00
28630,28698150.00
28631,25935476.00
28632,15828124.00
28633,10532266.00
28634,10145989.00
28635,28139970.00
28636,17986608.00
28637,37862972.00
28638,13896618.00
28639,11400604.00
28640,10626618.00
28641,14651590.00
28642,10356800.00
28643,39057532.00
28644,8630852.00
28645,14492961.00
28646,11164708.00
28647,11185364.00
28648,11712125.00
28649,19984222.00
28650,15889677.00
28651,12050758.00
28652,10968132.00
28653,8550218.00
28654,11100782.00
28655,17302310.00
28656,7418113.50
28657,15941512.00
28658,91622520.00
28659,17070606.00
28660,11744378.00
28661,15816283.00
28662,50755432.00
28663,10610668.00
28664,46591268.00
28665,18998176.00
28666,21435040.00
28667,16055046.00
28668,6918948.50
28669,10324420.00
28670,9385822.00
28671,30135814.00
28672,39809016.00
28673,38467488.00
28674,13833832.00
28675,23787674.00
28676,14243148.00
28677,8783925.00
28678,11084390.00
28679,9492278.00
28680,24371292.00
28681,15409836.00
28682,16640604.00
28683,21689734.00
28684,11024241.00
28685,10049132.00
28686,15901033.00
28687,25214236.00
28688,7751867.50
28689,10496318.00
28690,13845967.00
28691,11517651.00
28692,29166612.00
28693,6568762.00
28694,30974668.00
28695,9047048.00
28696,43207400.00
28697,9537147.00
28698,24316880.00
28699,13983427.00
28700,12746191.00
28701,11510908.00
28702,7780726.50
28703,17262866.00
28704,24731704.00
28705,17146326.00
28706,10286862.00
28707,11612072.00
28708,28645830.00
28709,16581162.00
28710,63579244.00
28711,15868774.00
28712,29220158.00
28713,13612797.00
28714,14248658.00
28715,8086436.50
28716,24806604.00
28717,21308616.00
28718,66611312.00
28719,12081539.00
28720,23847948.00
28721,7988650.00
28722,4960784.00
28723,12299880.00
28724,24897520.00
28725,10411262.00
28726,16644525.00
28727,74548544.00
28728,11343434.00
28729,7232333.50
28730,11564996.00
28731,9496158.00
28732,7262154.00
28733,44716236.00
28734,10556376.00
28735,15504867.00
28736,18205820.00
28737,16267459.00
28738,14622482.00
28739,13841629.00
28740,15989075.00
28741,13852516.00
28742,15755023.00
28743,23159496.00
28744,27246426.00
28745,15794502.00
28746,6580449.50
28747,16274854.00
28748,47607924.00
28749,13928161.00
28750,24207014.00
28751,19538726.00
28752,22202022.00
28753,6778262.00
28754,5848167.00
28755,22398952.00
28756,10310198.00
28757,16012591.00
28758,13866644.00
28759,23605310.00
28760,25782464.00
28761,11863342.00
28762,6901543.50
28763,14588291.00
28764,17516852.00
28765,23625780.00
28766,13146991.00
28767,8263920.50
28768,15558324.00
28769,12235176.00
28770,28609672.00
28771,21302284.00
28772,22198946.00
28773,13479956.00
28774,18517310.00
28775,9408532.00
28776,17720226.00
28777,25881032.00
28778,12560632.00
28779,13304934.00
28780,32238004.00
28781,16396911.00
28782,28537768.00
28783,19298158.00
28784,10017168.00
28785,10426643.00
28786,28211048.00
28787,11281006.00
28788,16524704.00
28789,25526014.00
28790,12419570.00
28791,16351901.00
28792,17591382.00
28793,48581244.00
28794,11410813.00
28795,12529064.00
28796,11942262.00
28797,11070778.00
28798,30817352.00
28799,10226933.00
28800,7702328.50
28801,42544856.00
28802,25697344.00
28803,20932810.00
28804,17424560.00
28805,12918764.00
28806,13390248.00
28807,20235152.00
28808,22184684.00
28809,21451080.00
28810,16989566.00
28811,13560154.00
28812,16300611.00
28813,10363624.00
28814,19928672.00
28815,10357540.00
28816,16990714.00
28817,11098620.00
28818,15684820.00
28819,13455688.00
28820,19144720.00
28821,12378337.00
28822,17417218.00
28823,12823748.00
28824,9906657.00
28825,5699442.00
28826,14473989.00
28827,11364082.00
28828,13838185.00
28829,5654311.00
28830,20296040.00
28831,10867411.00
28832,28390146.00
28833,16728415.00
28834,17914988.00
28835,13445361.00
28836,25589544.00
28837,8310905.50
28838,32818786.00
28839,11887971.00
28840,8376697.00
28841,9342094.00
28842,25185044.00
28843,8521170.00
28844,14169850.00
28845,19609836.00
28846,22537350.00
28847,27547064.00
28848,24282852.00
28849,69966808.00
28850,15999820.00
28851,12700701.00
28852,10599332.00
28853,30798440.00
28854,17174952.00
28855,11824733.00
28856,16843570.00
28857,9618978.00
28858,7440613.00
28859,28437434.00
28860,20615416.00
28861,39056156.00
28862,14918661.00
28863,11042236.00
28864,7116495.50
28865,19651720.00
28866,20494890.00
28867,9389284.00
28868,12580891.00
28869,15319283.00
28870,31459668.00
28871,13653980.00
28872,20005372.00
28873,12735999.00
28874,14728079.00
28875,15191082.00
28876,20312026.00
28877,14167483.00
28878,8089479.50
28879,10291158.00
28880,6993940.50
28881,40765224.00
28882,10817578.00
28883,20833858.00
28884,10196844.00
28885,6962587.50
28886,16726548.00
28887,7313309.50
28888,24685540.00
28889,8296271.50
28890,8240265.50
28891,36211768.00
28892,18773080.00
28893,47568472.00
28894,11239853.00
28895,12392984.00
28896,21249182.00
28897,18570754.00
28898,11330738.00
28899,9371697.00
28900,6056856.50
28901,39165280.00
28902,12182627.00
28903,12311041.00
28904,29515892.00
28905,42062548.00
28906,20179070.00
28907,14840271.00
28908,18611236.00
28909,45932928.00
28910,52766128.00
28911,34581796.00
28912,9821772.00
28913,35577608.00
28914,16393249.00
28915,25958080.00
28916,8264285.50
28917,11356739.00
28918,8996186.00
28919,12521708.00
28920,14365755.00
28921,5932944.00
28922,16251206.00
28923,14738431.00
28924,9315862.00
28925,22095578.00
28926,12193258.00
28927,24024070.00
28928,15920753.00
28929,10553911.00
28930,31784852.00
28931,23263854.00
28932,9055634.00
28933,48124932.00
28934,7141159.50
28935,13248353.00
28936,7158599.00
28937,15711124.00
28938,24619066.00
28939,4623682.00
28940,16297841.00
28941,9136382.00
28942,25009408.00
28943,8620609.00
28944,11859037.00
28945,11505507.00
28946,28556712.00
28947,17011830.00
28948,21110468.00
28949,17070024.00
28950,34897292.00
28951,7644674.50
28952,11641281.00
28953,12691050.00
28954,11440104.00
28955,14207834.00
28956,12404611.00
28957,9120052.00
28958,7570356.50
28959,14653478.00
28960,8461526.00
28961,13790639.00
28962,9050632.00
28963,17167360.00
28964,11346066.00
28965,21816000.00
28966,9902883.00
28967,46845876.00
28968,7234903.50
28969,6024651.00
28970,18852508.00
28971,14925985.00
28972,36332096.00
28973,21611554.00
28974,27370200.00
28975,13382807.00
28976,9046581.00
28977,15485938.00
28978,34628312.00
28979,19562260.00
28980,11774316.00
28981,11384128.00
28982,10183930.00
28983,39384604.00
28984,37609276.00
28985,23245630.00
28986,29037404.00
28987,14941830.00
28988,29498104.00
28989,42536044.00
28990,11600852.00
28991,18366076.00
28992,10838441.00
28993,5252067.00
28994,10506880.00
28995,17139874.00
28996,10159760.00
28997,12093568.00
28998,17542990.00
28999,16705254.00
29000,19200502.00
29001,16470015.00
29002,27798180.00
29003,21335592.00
29004,58929860.00
29005,15818993.00
29006,7243246.50
29007,12515971.00
29008,18882824.00
29009,12192096.00
29010,25595916.00
29011,14057204.00
29012,9747390.00
29013,15765414.00
29014,20559562.00
29015,26580980.00
29016,14215615.00
29017,18222700.00
29018,23197072.00
29019,5998057.00
29020,43312808.00
29021,13044828.00
29022,27690356.00
29023,28275528.00
29024,8761310.00
29025,13326641.00
29026,224079344.00
29027,4150539.00
29028,32133812.00
29029,58707700.00
29030,5811874.00
29031,12696806.00
29032,9372680.00
29033,12901233.00
29034,8545428.00
29035,17712042.00
29036,20698154.00
29037,6282390.00
29038,21615508.00
29039,30759134.00
29040,33649632.00
29041,10565020.00
29042,8347086.00
29043,13827924.00
29044,20889140.00
29045,10171617.00
29046,13726154.00
29047,13672940.00
29048,13068654.00
29049,46598404.00
29050,23753104.00
29051,13237078.00
29052,8039095.50
29053,8335825.50
29054,5304211.00
29055,19221196.00
29056,6688018.50
29057,10803178.00
29058,16177350.00
29059,20172014.00
29060,11758685.00
29061,12595171.00
29062,8487534.00
29063,18840210.00
29064,15098260.00
29065,17064332.00
29066,17226130.00
29067,8838241.00
29068,6073756.00
29069,7760897.50
29070,11691212.00
29071,32217784.00
29072,15764035.00
29073,17713482.00
29074,17456908.00
29075,12971931.00
29076,16716488.00
29077,15982081.00
29078,7001726.50
29079,9152447.00
29080,11059118.00
29081,17641208.00
29082,41227260.00
29083,21481830.00
29084,9781426.00
29085,8577762.00
29086,22698974.00
29087,8178618.00
29088,16750327.00
29089,13661210.00
29090,10152658.00
29091,15507107.00
29092,5830994.00
29093,20264846.00
29094,17895160.00
29095,13975651.00
29096,43130428.00
29097,12009678.00
29098,26807622.00
29099,44821836.00
29100,16930308.00
29101,11891680.00
29102,12278394.00
29103,20714956.00
29104,27961374.00
29105,11380462.00
29106,16877210.00
29107,20565644.00
29108,21035880.00
29109,9410071.00
29110,19426722.00
29111,29396180.00
29112,28920960.00
29113,17964010.00
29114,4923224.00
29115,16547304.00
29116,31647032.00
29117,10851749.00
29118,13435507.00
29119,9780005.00
29120,13691773.00
29121,26249700.00
29122,10891965.00
29123,73946376.00
29124,13598998.00
29125,9160544.00
29126,9835372.00
29127,27559976.00
29128,32837524.00
29129,9474294.00
29130,12442625.00
29131,8170698.00
29132,26642572.00
29133,12229878.00
29134,9721926.00
29135,12727380.00
29136,12389298.00
29137,9583042.00
29138,9124044.00
29139,19010340.00
29140,19456678.00
29141,8999971.00
29142,8254409.00
29143,20689096.00
29144,20879670.00
29145,14253382.00
29146,13168143.00
29147,10905228.00
29148,11744378.00
29149,16243876.00
29150,9477974.00
29151,11214170.00
29152,15491224.00
29153,28588062.00
29154,10782674.00
29155,19464568.00
29156,18442304.00
29157,8705000.00
29158,10588840.00
29159,10801393.00
29160,14444419.00
29161,21222940.00
29162,62292956.00
29163,6210578.00
29164,8089110.50
29165,28350316.00
29166,6349734.00
29167,11431720.00
29168,15479852.00
29169,17600840.00
29170,21054648.00
29171,13343014.00
29172,12174124.00
29173,12593330.00
29174,20603228.00
29175,5515977.00
29176,10715642.00
29177,32915264.00
29178,29174564.00
29179,8035301.00
29180,10753091.00
29181,16676823.00
29182,14065427.00
29183,27074992.00
29184,10452739.00
29185,22844706.00
29186,21168222.00
29187,10643808.00
29188,19079910.00
29189,13252338.00
29190,25458712.00
29191,12210109.00
29192,18241508.00
29193,23050910.00
29194,13702921.00
29195,7764247.50
29196,8440369.00
29197,12100891.00
29198,13226188.00
29199,13285469.00
29200,13403171.00
29201,14079430.00
29202,12259956.00
29203,34942144.00
29204,15543901.00
29205,8135735.00
29206,13180234.00
29207,16237126.00
29208,12041812.00
29209,18008226.00
29210,22340176.00
29211,16508020.00
29212,18102788.00
29213,63934780.00
29214,10825088.00
29215,21708656.00
29216,11052087.00
29217,18597804.00
29218,14574516.00
29219,19692504.00
29220,34172520.00
29221,21565778.00
29222,32025008.00
29223,17934454.00
29224,13393853.00
29225,18551056.00
29226,68816152.00
29227,7647948.00
29228,27840952.00
29229,23292486.00
29230,24027664.00
29231,31860700.00
29232,12345240.00
29233,27751640.00
29234,31620170.00
29235,14263892.00
29236,15132778.00
29237,14349146.00
29238,9210559.00
29239,20791518.00
29240,23958586.00
29241,13409908.00
29242,38777100.00
29243,5971315.00
29244,13412888.00
29245,6895733.00
29246,12356810.00
29247,9485098.00
29248,12681394.00
29249,19972074.00
29250,16733902.00
29251,25614178.00
29252,11649772.00
29253,13381051.00
29254,13319334.00
29255,23974552.00
29256,11888881.00
29257,14757773.00
29258,12399316.00
29259,73613152.00
29260,7564457.50
29261,5754073.00
29262,18202440.00
29263,48237968.00
29264,15611174.00
29265,7746454.00
29266,25196794.00
29267,11126908.00
29268,13150314.00
29269,17570206.00
29270,7671988.00
29271,43908264.00
29272,10598520.00
29273,12502135.00
29274,4708911.00
29275,14407050.00
29276,3369116.25
29277,5063004.00
29278,15702058.00
29279,16168211.00
29280,9893858.00
29281,6882945.50
29282,15150253.00
29283,31094744.00
29284,10023118.00
29285,58404248.00
29286,14459886.00
29287,13175869.00
29288,16451558.00
29289,14264820.00
29290,12733074.00
29291,25287288.00
29292,47533440.00
29293,5389831.00
29294,17192226.00
29295,10369118.00
29296,22914686.00
29297,17105436.00
29298,25986452.00
29299,19790868.00
29300,6386180.00
29301,16100548.00
29302,18030892.00
29303,16449969.00
29304,15489020.00
29305,18033420.00
29306,21315220.00
29307,13408006.00
29308,11494051.00
29309,16347642.00
29310,22139392.00
29311,14672102.00
29312,16761157.00
29313,11149056.00
29314,16501541.00
29315,16208227.00
29316,21090592.00
29317,12173036.00
29318,11157514.00
29319,11374520.00
29320,22549666.00
29321,12847256.00
29322,18498326.00
29323,30421376.00
29324,23398092.00
29325,28724264.00
29326,24764856.00
29327,11547471.00
29328,27755898.00
29329,12221373.00
29330,14930408.00
29331,7413891.00
29332,18947620.00
29333,10150748.00
29334,17164276.00
29335,20663212.00
29336,25185182.00
29337,14179114.00
29338,15843549.00
29339,30023112.00
29340,14040314.00
29341,20336304.00
29342,9610320.00
29343,26583952.00
29344,6339403.00
29345,19329512.00
29346,223724480.00
29347,19026506.00
29348,25123930.00
29349,9363306.00
29350,19993024.00
29351,13459471.00
29352,20972484.00
29353,35886088.00
29354,12804346.00
29355,10817123.00
29356,18595082.00
29357,11935178.00
29358,11929096.00
29359,10182136.00
29360,12027348.00
29361,19962360.00
29362,11968701.00
29363,18794108.00
29364,22528008.00
29365,27894092.00
29366,7178512.50
29367,47896496.00
29368,34818232.00
29369,6939246.50
29370,19840216.00
29371,11566598.00
29372,6895390.50
29373,5902332.00
29374,38924376.00
29375,11266426.00
29376,5172638.00
29377,19882288.00
29378,14502555.00
29379,14561176.00
29380,23685114.00
29381,17165748.00
29382,8243027.00
29383,7462840.50
29384,20302596.00
29385,24805620.00
29386,14094275.00
29387,7963974.50
29388,21311238.00
29389,15606986.00
29390,9429208.00
29391,57153824.00
29392,18252918.00
29393,26796570.00
29394,5905573.00
29395,26516626.00
29396,48507472.00
29397,17409582.00
29398,18432684.00
29399,20514916.00
29400,15661917.00
29401,18244456.00
29402,25968612.00
29403,14550909.00
29404,27064072.00
29405,14357499.00
29406,16117793.00
29407,8043464.50
29408,23150278.00
29409,27195148.00
29410,17817912.00
29411,21095348.00
29412,10760449.00
29413,7388531.00
29414,29499244.00
29415,12620131.00
29416,7694974.50
29417,27526430.00
29418,100812504.00
29419,10195848.00
29420,4700356.00
29421,10744390.00
29422,33086728.00
29423,21109952.00
29424,25414684.00
29425,8641767.00
29426,11386554.00
29427,18258160.00
29428,22407686.00
29429,12675849.00
29430,17201496.00
29431,33193670.00
29432,7577617.50
29433,21792138.00
29434,18643358.00
29435,39813784.00
29436,7145396.50
29437,11946074.00
29438,4634754.00
29439,11193242.00
29440,24569332.00
29441,18793788.00
29442,11194847.00
29443,45710488.00
29444,7802393.00
29445,20318348.00
29446,14067357.00
29447,17543404.00
29448,23016440.00
29449,10840349.00
29450,12969487.00
29451,8801965.00
29452,5519687.00
29453,12685412.00
29454,9991121.00
29455,36929664.00
29456,11774157.00
29457,9070938.00
29458,20512120.00
29459,9938176.00
29460,49405792.00
29461,6905144.50
29462,24141128.00
29463,18755660.00
29464,6261574.00
29465,10852444.00
29466,46258408.00
29467,26670308.00
29468,32221716.00
29469,22597754.00
29470,12721338.00
29471,4055212.25
29472,17223474.00
29473,14404369.00
29474,11172063.00
29475,10481948.00
29476,15455252.00
29477,31874816.00
29478,13256819.00
29479,10257271.00
29480,15894115.00
29481,30503682.00
29482,31014882.00
29483,11404362.00
29484,13757299.00
29485,13573334.00
29486,14264820.00
29487,6995496.50
29488,17567042.00
29489,19076196.00
29490,37695528.00
29491,19816118.00
29492,23417292.00
29493,7057898.00
29494,5515412.00
29495,27777940.00
29496,8977769.00
29497,7059524.00
29498,10777332.00
29499,15291680.00
29500,15349583.00
29501,9923804.00
29502,9398232.00
29503,11494490.00
29504,12439288.00
29505,26267740.00
29506,19192636.00
29507,12474083.00
29508,11134772.00
29509,23349766.00
29510,20254024.00
29511,21330356.00
29512,19565882.00
29513,11924998.00
29514,10479508.00
29515,34138416.00
29516,11331779.00
29517,16873776.00
29518,11430496.00
29519,10396500.00
29520,6702358.00
29521,14109609.00
29522,14255823.00
29523,4087596.25
29524,9730620.00
29525,20208442.00
29526,20005008.00
29527,10701740.00
29528,14082376.00
29529,10374908.00
29530,7349022.50
29531,16191049.00
29532,12541981.00
29533,19999318.00
29534,9554590.00
29535,12962744.00
29536,37768036.00
29537,29019746.00
29538,9247894.00
29539,10188766.00
29540,12468586.00
29541,17199436.00
29542,8022994.00
29543,44303156.00
29544,21299540.00
29545,10778866.00
29546,11921114.00
29547,37044868.00
29548,17846012.00
29549,8717472.00
29550,29398580.00
29551,4600695.00
29552,17219554.00
29553,26360584.00
29554,11035808.00
29555,19341574.00
29556,7632240.00
29557,23753122.00
29558,6256567.00
29559,5526293.00
29560,11779334.00
29561,19765104.00
29562,22151028.00
29563,33888484.00
29564,7385229.50
29565,6645115.00
29566,21693396.00
29567,11249042.00
29568,10154006.00
29569,19388890.00
29570,40753188.00
29571,36144460.00
29572,14967052.00
29573,38983264.00
29574,16093556.00
29575,12009082.00
29576,10359826.00
29577,13114444.00
29578,13390148.00
29579,19451178.00
29580,13381935.00
29581,29235066.00
29582,7354712.50
29583,13891464.00
29584,20325278.00
29585,6355222.00
29586,16072860.00
29587,20554036.00
29588,19308282.00
29589,26952578.00
29590,13229830.00
29591,14165588.00
29592,13189373.00
29593,9934633.00
29594,20382024.00
29595,12058010.00
29596,15693874.00
29597,11366459.00
29598,22193512.00
29599,17350732.00
29600,13091805.00
29601,18652456.00
29602,25530132.00
29603,7955391.50
29604,6675834.00
29605,22590620.00
29606,14357396.00
29607,11402636.00
29608,11334290.00
29609,18276990.00
29610,34017128.00
29611,16518514.00
29612,24828048.00
29613,12300742.00
29614,10260282.00
29615,9195474.00
29616,20615148.00
29617,9969678.00
29618,8221408.00
29619,38293220.00
29620,11539457.00
29621,19264688.00
29622,7510415.50
29623,4416574.00
29624,17840158.00
29625,9667337.00
29626,18916086.00
29627,10636483.00
29628,32261292.00
29629,36021168.00
29630,19559416.00
29631,12319415.00
29632,20072818.00
29633,5897667.00
29634,20016258.00
29635,7640270.00
29636,17689176.00
29637,20737586.00
29638,48417776.00
29639,8277022.50
29640,28353200.00
29641,30817352.00
29642,19234624.00
29643,8988125.00
29644,22005852.00
29645,62414060.00
29646,19714816.00
29647,6414661.00
29648,29172268.00
29649,25333758.00
29650,10943208.00
29651,24853286.00
29652,13741126.00
29653,12830820.00
29654,13940463.00
29655,42107152.00
29656,22719202.00
29657,14222385.00
29658,11140611.00
29659,6449624.50
29660,13411999.00
29661,8203448.50
29662,22890012.00
29663,12048518.00
29664,48901712.00
29665,7157033.50
29666,12809540.00
29667,35448244.00
29668,8220975.50
29669,13513772.00
29670,13795008.00
29671,13600265.00
29672,31142418.00
29673,12042392.00
29674,12417672.00
29675,26042072.00
29676,13241370.00
29677,18695164.00
29678,32274216.00
29679,42320852.00
29680,13528029.00
29681,32808256.00
29682,29676884.00
29683,11511948.00
29684,13994353.00
29685,21150688.00
29686,39081868.00
29687,22029284.00
29688,23118860.00
29689,12319585.00
29690,15898138.00
29691,21271278.00
29692,8860431.00
29693,15260000.00
29694,15873544.00
29695,15555729.00
29696,15547259.00
29697,9862229.00
29698,16560438.00
29699,26356520.00
29700,9925150.00
29701,10755953.00
29702,9086106.00
29703,14639217.00
29704,22676980.00
29705,19722346.00
29706,22724870.00
29707,9013530.00
29708,33246528.00
29709,54941416.00
29710,29628446.00
29711,17016416.00
29712,14702897.00
29713,15042760.00
29714,19054786.00
29715,23041352.00
29716,36036240.00
29717,13086269.00
29718,28591376.00
29719,7089541.00
29720,23874750.00
29721,4617626.00
29722,11172063.00
29723,17929100.00
29724,14797583.00
29725,16131776.00
29726,8486089.00
29727,18913644.00
29728,12894810.00
29729,13383712.00
29730,13096513.00
29731,14390391.00
29732,7249452.00
29733,7515942.00
29734,35863328.00
29735,40382736.00
29736,9066685.00
29737,24122950.00
29738,23514414.00
29739,8966714.00
29740,29145452.00
29741,8092758.00
29742,15409412.00
29743,33656136.00
29744,22774170.00
29745,14387290.00
29746,11931110.00
29747,9821406.00
29748,30415988.00
29749,10162837.00
29750,10943260.00
29751,10920904.00
29752,40065240.00
29753,35509168.00
29754,17097682.00
29755,12044302.00
29756,25520296.00
29757,27870690.00
29758,11530852.00
29759,10955800.00
29760,11131139.00
29761,23679208.00
29762,17467138.00
29763,13543355.00
29764,11181615.00
29765,15617158.00
29766,7988656.50
29767,36352792.00
29768,16904758.00
29769,11577400.00
29770,13804023.00
29771,8744364.00
29772,7632240.00
29773,29973382.00
29774,21197954.00
29775,11031391.00
29776,8062282.00
29777,13062044.00
29778,9561622.00
29779,43923304.00
29780,15224246.00
29781,26596184.00
29782,22228278.00
29783,21892198.00
29784,16031730.00
29785,12659880.00
29786,20543656.00
29787,20054820.00
29788,20060416.00
29789,10797548.00
29790,14209211.00
29791,24635270.00
29792,15898138.00
29793,9674970.00
29794,15341354.00
29795,14132086.00
29796,9421684.00
29797,19696054.00
29798,38575664.00
29799,10729166.00
29800,12020877.00
29801,17620272.00
29802,18330412.00
29803,34309932.00
29804,28218358.00
29805,12257846.00
29806,29977400.00
29807,5965956.00
29808,16202045.00
29809,10108241.00
29810,19560422.00
29811,8346430.50
29812,31156692.00
29813,11489604.00
29814,13569756.00
29815,17415492.00
29816,24428578.00
29817,6643939.00
29818,8594452.00
29819,12478949.00
29820,11779738.00
29821,12598724.00
29822,17022148.00
29823,27975224.00
29824,48921496.00
29825,17266614.00
29826,36385376.00
29827,17050960.00
29828,14001649.00
29829,9165197.00
29830,36541704.00
29831,4209419.00
29832,13260908.00
29833,12821798.00
29834,17200240.00
29835,20620540.00
29836,9876089.00
29837,18099846.00
29838,27797044.00
29839,18460956.00
29840,12133228.00
29841,34280520.00
29842,25826412.00
29843,15178970.00
29844,17668196.00
29845,28599092.00
29846,32050920.00
29847,9481794.00
29848,19613770.00
29849,14314538.00
29850,9097900.00
29851,17599846.00
29852,25589848.00
29853,8731237.00
29854,19607522.00
29855,16532854.00
29856,9768484.00
29857,13354126.00
29858,10176237.00
29859,11488122.00
29860,28819200.00
29861,12455053.00
29862,10472073.00
29863,21367308.00
29864,8726126.00
29865,12721161.00
29866,6378469.00
29867,15310922.00
29868,12299293.00
29869,21598362.00
29870,30146600.00
29871,53364008.00
29872,19685814.00
29873,28760144.00
29874,28423970.00
29875,14881815.00
29876,22586402.00
29877,24741150.00
29878,14998102.00
29879,19139786.00
29880,12403539.00
29881,15381778.00
29882,17342992.00
29883,10284310.00
29884,7039646.50
29885,21589382.00
29886,32061982.00
29887,10856913.00
29888,22381058.00
29889,20879016.00
29890,22511832.00
29891,24800844.00
29892,17305402.00
29893,10568623.00
29894,35132340.00
29895,21341648.00
29896,16679066.00
29897,16741887.00
29898,10628629.00
29899,21008566.00
29900,27739024.00
29901,18802086.00
29902,22769964.00
29903,7086172.00
29904,15312335.00
29905,12422591.00
29906,16511240.00
29907,20823164.00
29908,21480210.00
29909,16285900.00
29910,12597981.00
29911,17410964.00
29912,7336227.00
29913,10598663.00
29914,24876716.00
29915,4588213.00
29916,14005386.00
29917,7315102.50
29918,19210034.00
29919,13360081.00
29920,10073754.00
29921,9887508.00
29922,22791272.00
29923,22823976.00
29924,9193670.00
29925,16502497.00
29926,12062450.00
29927,14249859.00
29928,13086769.00
29929,15911576.00
29930,15019124.00
29931,39319000.00
29932,19533918.00
29933,36827608.00
29934,7115131.50
29935,15119130.00
29936,19849396.00
29937,25363820.00
29938,5647981.00
29939,18398390.00
29940,15468201.00
29941,13242749.00
29942,15309535.00
29943,109618736.00
29944,7037636.00
29945,18098318.00
29946,36577968.00
29947,16448847.00
29948,23608478.00
29949,12174647.00
29950,13683747.00
29951,8260016.00
29952,56165320.00
29953,6913110.50
29954,8065343.50
29955,7615774.50
29956,29813236.00
29957,9631379.00
29958,12328404.00
29959,22847674.00
29960,7458851.00
29961,20094124.00
29962,13097745.00
29963,53050544.00
29964,15312425.00
29965,21504634.00
29966,16047188.00
29967,19864300.00
29968,30358592.00
29969,11843130.00
29970,17752578.00
29971,29483142.00
29972,19758960.00
29973,38065472.00
29974,24996552.00
29975,19222644.00
29976,44998764.00
29977,28683940.00
29978,17647334.00
29979,10272987.00
29980,22339910.00
29981,14053125.00
29982,20200260.00
29983,27150604.00
29984,13855793.00
29985,8543109.00
29986,45148220.00
29987,13487732.00
29988,9673054.00
29989,13664172.00
29990,15267028.00
29991,23640044.00
29992,27255760.00
29993,10546694.00
29994,15310947.00
29995,10908678.00
29996,15334097.00
29997,15462637.00
29998,21590056.00
29999,17784340.00
30000,14777341.00
30001,11671882.00
30002,6275566.00
30003,13140470.00
30004,16807510.00
30005,26266744.00
30006,9086106.00
30007,28654904.00
30008,26228858.00
30009,26036880.00
30010,7524680.50
30011,16668571.00
30012,41666300.00
30013,30376040.00
30014,25321210.00
30015,4906520.00
30016,25161464.00
30017,9861426.00
30018,10446052.00
30019,16810580.00
30020,6716509.50
30021,29018826.00
30022,5448545.50
30023,17469338.00
30024,8084930.00
30025,22952696.00
30026,11131128.00
30027,24278680.00
30028,9241114.00
30029,10894589.00
30030,24518484.00
30031,16954680.00
30032,5038817.00
30033,16650083.00
30034,5355324.00
30035,23070744.00
30036,19784612.00
30037,35041984.00
30038,30738544.00
30039,17004942.00
30040,18983232.00
30041,31801772.00
30042,10112382.00
30043,29081892.00
30044,68863560.00
30045,13074689.00
30046,10385102.00
30047,10028892.00
30048,16496466.00
30049,17432278.00
30050,33958092.00
30051,9369401.00
30052,34866020.00
30053,42260576.00
30054,16605951.00
30055,17660872.00
30056,12741292.00
30057,25595000.00
30058,24531770.00
30059,16908538.00
30060,51132672.00
30061,10708964.00
30062,6976618.00
30063,10812328.00
30064,35451288.00
30065,16578687.00
30066,17602016.00
30067,19359672.00
30068,94345448.00
30069,11258353.00
30070,14588556.00
30071,8064763.50
30072,21199902.00
30073,12747293.00
30074,38996576.00
30075,6935765.00
30076,9896376.00
30077,11741661.00
30078,43024408.00
30079,9089792.00
30080,21043400.00
30081,22249886.00
30082,12962156.00
30083,5363437.00
30084,12459406.00
30085,33658988.00
30086,26030778.00
30087,11201129.00
30088,18907406.00
30089,14279035.00
30090,16299155.00
30091,14979557.00
30092,23652230.00
30093,20207620.00
30094,28367936.00
30095,10117473.00
30096,14142966.00
30097,11531274.00
30098,8612318.00
30099,16037170.00
30100,9399163.00
30101,50616140.00
30102,13924166.00
30103,16189263.00
30104,8100482.50
30105,40019840.00
30106,14346531.00
30107,19638734.00
30108,7889859.00
30109,18060010.00
30110,19245548.00
30111,25429608.00
30112,109950128.00
30113,11759444.00
30114,9159818.00
30115,13762225.00
30116,22772968.00
30117,24037150.00
30118,6688018.50
30119,59583744.00
30120,11320090.00
30121,30042452.00
30122,16700819.00
30123,10042056.00
30124,24846504.00
30125,7927948.00
30126,21608634.00
30127,13229116.00
30128,32466276.00
30129,19389262.00
30130,20371576.00
30131,14870052.00
30132,7972333.50
30133,61893280.00
30134,27206018.00
30135,8649602.00
30136,15853574.00
30137,19555048.00
30138,49957892.00
30139,11268680.00
30140,11934618.00
30141,12996282.00
30142,7107577.00
30143,23086196.00
30144,9774382.00
30145,16412607.00
30146,9518514.00
30147,33591060.00
30148,23284326.00
30149,8613196.00
30150,11457280.00
30151,18016536.00
30152,20043288.00
30153,7709891.00
30154,35577608.00
30155,11411643.00
30156,20799918.00
30157,11723764.00
30158,15830595.00
30159,26369282.00
30160,20760988.00
30161,11393339.00
30162,10464556.00
30163,6541918.50
30164,12667953.00
30165,17861676.00
30166,18580318.00
30167,7927808.50
30168,38089660.00
30169,11437289.00
30170,60700136.00
30171,13781582.00
30172,47080596.00
30173,25226872.00
30174,9525058.00
30175,12175259.00
30176,7348368.00
30177,14235791.00
30178,22390950.00
30179,15668079.00
30180,22070846.00
30181,10325590.00
30182,26472058.00
30183,7743451.00
30184,18493048.00
30185,13511002.00
30186,9787519.00
30187,22158602.00
30188,14197293.00
30189,17871828.00
30190,18648732.00
30191,25941218.00
30192,8908042.00
30193,17394978.00
30194,8762003.00
30195,17212856.00
30196,14072614.00
30197,4094984.00
30198,12983340.00
30199,10268791.00
30200,14420109.00
30201,8297880.50
30202,13856093.00
30203,31405440.00
30204,14004881.00
30205,6697759.50
30206,10870030.00
30207,24225956.00
30208,16248796.00
30209,18568446.00
30210,9024852.00
30211,13644503.00
30212,16441446.00
30213,9189250.00
30214,11591025.00
30215,7473830.00
30216,7863890.50
30217,6539126.00
30218,53001392.00
30219,17727984.00
30220,21808732.00
30221,15548639.00
30222,14136264.00
30223,9636424.00
30224,6514629.00
30225,31260242.00
30226,22607112.00
30227,14135052.00
30228,12980559.00
30229,10728548.00
30230,34684124.00
30231,9886916.00
30232,8183979.50
30233,10018252.00
30234,15285079.00
30235,16563450.00
30236,11404970.00
30237,15102804.00
30238,8189078.00
30239,16500282.00
30240,10357296.00
30241,9662398.00
30242,10841100.00
30243,12043802.00
30244,17604434.00
30245,8281024.00
30246,11075396.00
30247,10619682.00
30248,14085308.00
30249,13759939.00
30250,5546777.00
30251,23661704.00
30252,35909252.00
30253,9239422.00
30254,21521802.00
30255,16414246.00
30256,16335245.00
30257,6139520.00
30258,6309550.50
30259,21743426.00
30260,9345292.00
30261,22303862.00
30262,21320116.00
30263,11776781.00
30264,18519628.00
30265,5580835.00
30266,11818909.00
30267,106656592.00
30268,3058473.00
30269,29270104.00
30270,11255092.00
30271,50486052.00
30272,13452721.00
30273,37482396.00
30274,6426989.00
30275,16639712.00
30276,19224716.00
30277,6098896.00
30278,11674031.00
30279,12720324.00
30280,13637903.00
30281,9794961.00
30282,28782522.00
30283,19208806.00
30284,9891069.00
30285,4197169.00
30286,58445600.00
30287,30117102.00
30288,25104750.00
30289,20652732.00
30290,27740934.00
30291,17477226.00
30292,24850504.00
30293,21908620.00
30294,11146988.00
30295,24297380.00
30296,37024160.00
30297,19441254.00
30298,20366472.00
30299,12065068.00
30300,13361306.00
30301,43743732.00
30302,26478324.00
30303,28391580.00
30304,17104924.00
30305,31842376.00
30306,9268379.00
30307,17840406.00
30308,13933475.00
30309,6224406.00
30310,6933345.50
30311,21323328.00
30312,14279340.00
30313,7646068.00
30314,16207258.00
30315,16784702.00
30316,10506948.00
30317,19142364.00
30318,9933333.00
30319,22230278.00
30320,32070920.00
30321,6982155.00
30322,9916660.00
30323,10231568.00
30324,22181416.00
30325,14211471.00
30326,26131176.00
30327,11109324.00
30328,11920189.00
30329,9997980.00
30330,14369949.00
30331,26875860.00
30332,8897836.00
30333,17573108.00
30334,23583132.00
30335,24886520.00
30336,27866584.00
30337,24501348.00
30338,17877884.00
30339,14352061.00
30340,11005100.00
30341,40170252.00
30342,9719238.00
30343,11751514.00
30344,12505197.00
30345,18777830.00
30346,11556886.00
30347,20517564.00
30348,27019066.00
30349,11904878.00
30350,11554609.00
30351,24123416.00
30352,29436514.00
30353,12844189.00
30354,7674098.00
30355,9913936.00
30356,13020522.00
30357,8079847.50
30358,16568710.00
30359,16241048.00
30360,8887156.00
30361,12545089.00
30362,22265420.00
30363,10874598.00
30364,12285286.00
30365,17267668.00
30366,18959120.00
30367,9592946.00
30368,11502927.00
30369,7770934.00
30370,19302728.00
30371,30192564.00
30372,10409788.00
30373,15171859.00
30374,10825252.00
30375,12546636.00
30376,27413588.00
30377,19949332.00
30378,18783854.00
30379,12025249.00
30380,11567444.00
30381,33558320.00
30382,32798092.00
30383,19325444.00
30384,32958756.00
30385,11345082.00
30386,9075337.00
30387,5152875.00
30388,11812538.00
30389,7708818.50
30390,21902616.00
30391,13451272.00
30392,10628860.00
30393,14329998.00
30394,22808862.00
30395,28920570.00
30396,21263218.00
30397,15400166.00
30398,22071464.00
30399,10002262.00
30400,9425786.00
30401,20974628.00
30402,6972164.50
30403,6854375.50
30404,16243512.00
30405,19852162.00
30406,34358324.00
30407,6801441.50
30408,22417462.00
30409,13774008.00
30410,15685280.00
30411,14419250.00
30412,7793618.00
30413,11022179.00
30414,21470212.00
30415,10449520.00
30416,25281982.00
30417,11389361.00
30418,14036559.00
30419,9944560.00
30420,10870030.00
30421,11288401.00
30422,8017521.50
30423,12366012.00
30424,7038394.00
30425,13764700.00
30426,18233564.00
30427,18180052.00
30428,14627924.00
30429,12000160.00
30430,20426152.00
30431,19311190.00
30432,11611374.00
30433,6022454.00
30434,64131312.00
30435,17752430.00
30436,18812566.00
30437,25750132.00
30438,11549610.00
30439,9546436.00
30440,11225676.00
30441,16366353.00
30442,10146718.00
30443,30854236.00
30444,60864184.00
30445,4068805.00
30446,9520089.00
30447,4456482.00
30448,16588769.00
30449,22357062.00
30450,18039616.00
30451,17463062.00
30452,19780426.00
30453,15096315.00
30454,10325083.00
30455,16567619.00
30456,15386929.00
30457,8557966.00
30458,14502758.00
30459,13408771.00
30460,12416718.00
30461,16278892.00
30462,6912817.50
30463,14746013.00
30464,20253340.00
30465,7910080.00
30466,20516860.00
30467,13040470.00
30468,9842502.00
30469,11393339.00
30470,10193704.00
30471,9198951.00
30472,12456562.00
30473,54711356.00
30474,16977432.00
30475,25181712.00
30476,16272123.00
30477,16338726.00
30478,22155070.00
30479,21874880.00
30480,23387166.00
30481,14000486.00
30482,13080881.00
30483,12826125.00
30484,6788071.50
30485,15171732.00
30486,19085180.00
30487,6554059.00
30488,25076564.00
30489,8952118.00
30490,11557661.00
30491,13357089.00
30492,17674604.00
30493,10765903.00
30494,22601784.00
30495,14545407.00
30496,8558081.00
30497,7063056.00
30498,20242562.00
30499,18506034.00
30500,10173997.00
30501,35312852.00
30502,8395436.00
30503,11986755.00
30504,51326708.00
30505,11365715.00
30506,16955006.00
30507,13851235.00
30508,14049827.00
30509,32347000.00
30510,39046640.00
30511,6751571.00
30512,4909067.00
30513,12204452.00
30514,22509882.00
30515,7818088.50
30516,25616092.00
30517,27672392.00
30518,21052562.00
30519,16097976.00
30520,17044840.00
30521,15428628.00
30522,21551970.00
30523,24184144.00
30524,15042230.00
30525,12762181.00
30526,8239764.50
30527,11331480.00
30528,12903604.00
30529,16924278.00
30530,11096618.00
30531,12095636.00
30532,37280700.00
30533,7648133.00
30534,18483516.00
30535,19361272.00
30536,21782288.00
30537,26466888.00
30538,11153713.00
30539,5304211.00
30540,25671814.00
30541,13169201.00
30542,13365981.00
30543,12027645.00
30544,11143775.00
30545,14018301.00
30546,17105638.00
30547,9487945.00
30548,12794638.00
30549,16315023.00
30550,22336692.00
30551,9463738.00
30552,13821591.00
30553,12107885.00
30554,29867920.00
30555,12177242.00
30556,11597527.00
30557,17875952.00
30558,10310693.00
30559,14281795.00
30560,14338286.00
30561,10624796.00
30562,31421988.00
30563,9924429.00
30564,15487750.00
30565,11205057.00
30566,5370577.50
30567,15429280.00
30568,9313360.00
30569,18996188.00
30570,18885344.00
30571,21788474.00
30572,13254019.00
30573,13065338.00
30574,8780624.00
30575,13462792.00
30576,38943916.00
30577,24765240.00
30578,15601833.00
30579,17232452.00
30580,11567046.00
30581,23147852.00
30582,11398872.00
30583,11537432.00
30584,11579694.00
30585,27477908.00
30586,25582796.00
30587,9126755.00
30588,15337719.00
30589,21738664.00
30590,25538706.00
30591,44880180.00
30592,9336500.00
30593,15386932.00
30594,7147921.50
30595,24122950.00
30596,18867278.00
30597,15578988.00
30598,11285993.00
30599,13450798.00
30600,13621569.00
30601,9894290.00
30602,16837194.00
30603,24118860.00
30604,32125168.00
30605,21317776.00
30606,29007660.00
30607,9781968.00
30608,5067521.00
30609,20713144.00
30610,7576365.00
30611,15258129.00
30612,17242092.00
30613,35962168.00
30614,16396765.00
30615,17236960.00
30616,17754566.00
30617,13152758.00
30618,15441574.00
30619,36257736.00
30620,18266276.00
30621,14512707.00
30622,10077106.00
30623,7863202.00
30624,43652624.00
30625,17858386.00
30626,15825402.00
30627,20189878.00
30628,7545785.00
30629,12479692.00
30630,6035332.00
30631,11082198.00
30632,9947236.00
30633,14934694.00
30634,13570806.00
30635,22028654.00
30636,17913242.00
30637,16433939.00
30638,4592841.00
30639,16575988.00
30640,17233040.00
30641,5510453.00
30642,10273382.00
30643,20870238.00
30644,18552970.00
30645,12187273.00
30646,27817414.00
30647,19910514.00
30648,34124216.00
30649,17608670.00
30650,27723372.00
30651,17478780.00
30652,33299988.00
30653,31860066.00
30654,10296058.00
30655,17728360.00
30656,19388890.00
30657,23509752.00
30658,24223854.00
30659,12048518.00
30660,11595542.00
30661,7419005.00
30662,19539372.00
30663,13663764.00
30664,18678330.00
30665,13254204.00
30666,11041119.00
30667,11339549.00
30668,18432592.00
30669,28534086.00
30670,26145268.00
30671,9178201.00
30672,18071760.00
30673,49780100.00
30674,20076094.00
30675,11749620.00
30676,9037752.00
30677,17484120.00
30678,8051529.50
30679,10838218.00
30680,9627724.00
30681,19467986.00
30682,30864542.00
30683,20139460.00
30684,10847706.00
30685,19167154.00
30686,22150164.00
30687,20454860.00
30688,8567526.00
30689,11029677.00
30690,11819635.00
30691,12407529.00
30692,5366860.00
30693,8750097.00
30694,32992966.00
30695,33066700.00
30696,21522488.00
30697,10222638.00
30698,15210405.00
30699,11748072.00
30700,24389200.00
30701,4575045.00
30702,26017772.00
30703,30117102.00
30704,19271112.00
30705,12608097.00
30706,21527376.00
30707,15929535.00
30708,12843715.00
30709,16134847.00
30710,21868468.00
30711,8698448.00
30712,13560605.00
30713,14795319.00
30714,14644343.00
30715,28183636.00
30716,33202096.00
30717,5262849.00
30718,22266594.00
30719,18507294.00
30720,13361190.00
30721,14764047.00
30722,9903810.00
30723,10527583.00
30724,12497407.00
30725,6589067.00
30726,8258373.00
30727,9551373.00
30728,17327202.00
30729,12135259.00
30730,11869390.00
30731,9687546.00
30732,14097480.00
30733,47895728.00
30734,5401582.50
30735,12312410.00
30736,30975964.00
30737,20680080.00
30738,8165366.50
30739,23513118.00
30740,12672759.00
30741,24579660.00
30742,9905630.00
30743,7121058.50
30744,47850092.00
30745,14419021.00
30746,19740390.00
30747,15175156.00
30748,12352797.00
30749,12118596.00
30750,25268432.00
30751,13165283.00
30752,12551464.00
30753,12471308.00
30754,18674828.00
30755,14604041.00
30756,28661050.00
30757,14306682.00
30758,10106084.00
30759,22757190.00
30760,8948504.00
30761,11149056.00
30762,21595962.00
30763,18068472.00
30764,30248300.00
30765,28674622.00
30766,18972694.00
30767,6889902.50
30768,10392034.00
30769,16557103.00
30770,13522035.00
30771,8231137.50
30772,9155800.00
30773,16697347.00
30774,19718192.00
30775,11036274.00
30776,26340488.00
30777,11814164.00
30778,20252326.00
30779,17998556.00
30780,21655468.00
30781,19676048.00
30782,5218908.00
30783,13603195.00
30784,15901033.00
30785,10864236.00
30786,14938525.00
30787,11406845.00
30788,21815764.00
30789,16321836.00
30790,38313276.00
30791,20454440.00
30792,207703456.00
30793,86951376.00
30794,18614872.00
30795,5931878.00
30796,10085886.00
30797,8253616.50
30798,4748213.00
30799,21726920.00
30800,16977568.00
30801,12650856.00
30802,25208186.00
30803,8244592.00
30804,8324327.00
30805,20672830.00
30806,18581466.00
30807,9101512.00
30808,22426054.00
30809,23268154.00
30810,18252540.00
30811,38368400.00
30812,18505820.00
30813,22717200.00
30814,26513656.00
30815,19453458.00
30816,15687484.00
30817,15620931.00
30818,23500050.00
30819,14527244.00
30820,5430669.00
30821,36210892.00
30822,13154170.00
30823,23756364.00
30824,20940148.00
30825,16928320.00
30826,23020204.00
30827,19487352.00
30828,5392789.00
30829,13724813.00
30830,21737990.00
30831,14731030.00
30832,9647310.00
30833,31334824.00
30834,10853574.00
30835,25547098.00
30836,11859204.00
30837,29366216.00
30838,24533020.00
30839,7796808.50
30840,25008330.00
30841,17601438.00
30842,28168932.00
30843,15907935.00
30844,15967395.00
30845,16261969.00
30846,13798936.00
30847,35504844.00
30848,16798350.00
30849,16238894.00
30850,27944684.00
30851,21427996.00
30852,17037576.00
30853,11163617.00
30854,7205578.00
30855,14482939.00
30856,12761926.00
30857,13788644.00
30858,23502132.00
30859,26663920.00
30860,13527654.00
30861,10380734.00
30862,10092578.00
30863,20490630.00
30864,13725821.00
30865,53803148.00
30866,8842054.00
30867,9825625.00
30868,17914500.00
30869,22950458.00
30870,15158964.00
30871,7150624.50
30872,27408944.00
30873,46440828.00
30874,24919460.00
30875,48875252.00
30876,12752846.00
30877,13257039.00
30878,26683108.00
30879,39628408.00
30880,13083898.00
30881,11780829.00
30882,12701572.00
30883,16526198.00
30884,21175042.00
30885,23243346.00
30886,21756724.00
30887,19186706.00
30888,21682718.00
30889,76804728.00
30890,6825678.00
30891,21046536.00
30892,14338284.00
30893,9735152.00
30894,17606202.00
30895,9229118.00
30896,25556312.00
30897,21424140.00
30898,14507973.00
30899,17454034.00
30900,12077535.00
30901,39126220.00
30902,16477083.00
30903,21068028.00
30904,9975870.00
30905,17176996.00
30906,6283200.00
30907,23739258.00
30908,25169602.00
30909,6793394.50
30910,21302284.00
30911,15177533.00
30912,10890993.00
30913,17197252.00
30914,17866940.00
30915,37487000.00
30916,5533546.00
30917,33691356.00
30918,21764488.00
30919,13315956.00
30920,12177999.00
30921,24512922.00
30922,17137020.00
30923,13862394.00
30924,10701905.00
30925,17831750.00
30926,19412856.00
30927,16303700.00
30928,21665912.00
30929,30448268.00
30930,23605470.00
30931,13573334.00
30932,11765199.00
30933,13232652.00
30934,13378584.00
30935,11936032.00
30936,39201256.00
30937,8187894.00
30938,12879080.00
30939,32780840.00
30940,25640472.00
30941,11383008.00
30942,13708431.00
30943,18996188.00
30944,25364536.00
30945,306363968.00
30946,25224024.00
30947,7700501.00
30948,31382936.00
30949,18680858.00
30950,18820146.00
30951,26680724.00
30952,12254272.00
30953,11799843.00
30954,8679615.00
30955,16568676.00
30956,21721136.00
30957,10415311.00
30958,11138175.00
30959,11617710.00
30960,10212404.00
30961,11643146.00
30962,8978228.00
30963,19031390.00
30964,13063988.00
30965,11749678.00
30966,24484656.00
30967,19306646.00
30968,8887995.00
30969,46592568.00
30970,13793980.00
30971,15729912.00
30972,13620612.00
30973,8762003.00
30974,11179761.00
30975,18514726.00
30976,22755884.00
30977,10115798.00
30978,43166888.00
30979,8827080.00
30980,25578868.00
30981,17607214.00
30982,7798919.50
30983,10828296.00
30984,9523811.00
30985,52798416.00
30986,15547194.00
30987,12638102.00
30988,17715060.00
30989,20781988.00
30990,7662358.00
30991,21595106.00
30992,21791744.00
30993,17602518.00
30994,10444186.00
30995,11816180.00
30996,11643937.00
30997,11544388.00
30998,32703418.00
30999,11122231.00
31000,8649695.00
31001,47197020.00
31002,20019416.00
31003,16088150.00
31004,18210392.00
31005,22031946.00
31006,17634158.00
31007,12447434.00
31008,10193790.00
31009,17541460.00
31010,11990508.00
31011,10450664.00
31012,14948899.00
31013,8334285.50
31014,10840831.00
31015,21926120.00
31016,8373573.00
31017,10453241.00
31018,8297880.50
31019,26784104.00
31020,22116480.00
31021,23266630.00
31022,10093436.00
31023,6440251.00
31024,17554570.00
31025,8597670.00
31026,13319565.00
31027,11747228.00
31028,15366570.00
31029,14978039.00
31030,15856111.00
31031,20838974.00
31032,9702576.00
31033,18252540.00
31034,18407262.00
31035,10416816.00
31036,19627288.00
31037,12550052.00
31038,13312465.00
31039,8297099.00
31040,19870502.00
31041,11395752.00
31042,9831121.00
31043,14968614.00
31044,28754388.00
31045,13177110.00
31046,33033972.00
31047,6387630.00
31048,8380852.00
31049,10237017.00
31050,18257580.00
31051,10292502.00
31052,12853084.00
31053,15845898.00
31054,8548812.00
31055,32946612.00
31056,4089795.00
31057,10925311.00
31058,28691064.00
31059,12963279.00
31060,11500291.00
31061,40898864.00
31062,14023988.00
31063,25782464.00
31064,7287631.50
31065,16569276.00
31066,13136900.00
31067,24635148.00
31068,13156287.00
31069,9425747.00
31070,10520123.00
31071,11983377.00
31072,12768925.00
31073,24888356.00
31074,36007292.00
31075,12301917.00
31076,20151004.00
31077,5365465.00
31078,10260522.00
31079,10651894.00
31080,8850479.00
31081,14209236.00
31082,15272358.00
31083,18122662.00
31084,31621420.00
31085,17052576.00
31086,19422310.00
31087,11492516.00
31088,22609182.00
31089,20363458.00
31090,13852370.00
31091,16766126.00
31092,16350074.00
31093,12797123.00
31094,13294348.00
31095,20778578.00
31096,17734490.00
31097,27360128.00
31098,13319429.00
31099,13762812.00
31100,9903516.00
31101,88315232.00
31102,10535992.00
31103,16153655.00
31104,16286922.00
31105,12874499.00
31106,7011175.00
31107,9651869.00
31108,16379182.00
31109,4286857.00
31110,16017437.00
31111,8544816.00
31112,19322474.00
31113,39094048.00
31114,15452993.00
31115,15823997.00
31116,17239526.00
31117,18091404.00
31118,6353410.00
31119,32900410.00
31120,12989764.00
31121,13612797.00
31122,12381263.00
31123,14142836.00
31124,6995345.50
31125,15919037.00
31126,23075048.00
31127,12510813.00
31128,13578629.00
31129,70215888.00
31130,15309288.00
31131,15290522.00
31132,20425340.00
31133,18023600.00
31134,9170409.00
31135,22305756.00
31136,9287508.00
31137,13150691.00
31138,12133859.00
31139,25309100.00
31140,34022340.00
31141,19377084.00
31142,10175042.00
31143,12515794.00
31144,20354220.00
31145,8216765.00
31146,8380608.50
31147,21906478.00
31148,12425050.00
31149,6854456.50
31150,26368988.00
31151,15985372.00
31152,18749780.00
31153,21142012.00
31154,7255159.00
31155,19574290.00
31156,8623616.00
31157,15614575.00
31158,30561052.00
31159,10948989.00
31160,11639400.00
31161,14707692.00
31162,14288352.00
31163,16956732.00
31164,18792074.00
31165,198909584.00
31166,13066909.00
31167,17788300.00
31168,6502282.00
31169,25525854.00
31170,6624292.00
31171,11436500.00
31172,7892973.50
31173,7022786.50
31174,46290572.00
31175,12176261.00
31176,10784334.00
31177,21127052.00
31178,20940148.00
31179,13155892.00
31180,12316023.00
31181,12904799.00
31182,18631100.00
31183,14212518.00
31184,31856856.00
31185,11240705.00
31186,6504923.00
31187,20918816.00
31188,6911367.50
31189,12593311.00
31190,11727683.00
31191,14229882.00
31192,19961144.00
31193,21093664.00
31194,36305024.00
31195,21177388.00
31196,16102845.00
31197,12283514.00
31198,19659720.00
31199,19853202.00
31200,44118468.00
31201,16907752.00
31202,6694968.50
31203,16414081.00
31204,18351276.00
31205,9465142.00
31206,15026487.00
31207,8729976.00
31208,7141943.00
31209,14949536.00
31210,14050916.00
31211,19707138.00
31212,30193978.00
31213,5527822.00
31214,20706830.00
31215,6214776.50
31216,29620040.00
31217,15300570.00
31218,19460050.00
31219,12052156.00
31220,12361393.00
31221,11817138.00
31222,24688412.00
31223,19126124.00
31224,21913368.00
31225,21185304.00
31226,24298636.00
31227,22342454.00
31228,18421308.00
31229,21232526.00
31230,12919526.00
31231,21451080.00
31232,24524344.00
31233,22339910.00
31234,18836758.00
31235,13672690.00
31236,9665276.00
31237,8430765.00
31238,8715248.00
31239,16494707.00
31240,7551083.50
31241,8089848.50
31242,6896703.50
31243,15303017.00
31244,8852771.00
31245,6955073.50
31246,14002554.00
31247,10353370.00
31248,6894612.00
31249,15420508.00
31250,6036974.50
31251,20472012.00
31252,11024692.00
31253,13485114.00
31254,13460125.00
31255,16925234.00
31256,17034788.00
31257,32700664.00
31258,10230595.00
31259,20593712.00
31260,7096226.50
31261,23529152.00
31262,7765674.00
31263,9665655.00
31264,9577584.00
31265,17573108.00
31266,21970256.00
31267,13444027.00
31268,42314120.00
31269,15694520.00
31270,22561926.00
31271,10730462.00
31272,21253772.00
31273,32070920.00
31274,17084462.00
31275,20622106.00
31276,13033413.00
31277,15764737.00
31278,20456160.00
31279,15458367.00
31280,9864046.00
31281,44514524.00
31282,27116400.00
31283,10586439.00
31284,10737979.00
31285,17671604.00
31286,12998446.00
31287,26889428.00
31288,34138840.00
31289,18600502.00
31290,9237920.00
31291,9537058.00
31292,42391236.00
31293,6562430.00
31294,10326251.00
31295,6605624.50
31296,17987090.00
31297,7911367.50
31298,29240180.00
31299,30934196.00
31300,10407714.00
31301,15067890.00
31302,18523932.00
31303,27839878.00
31304,23237138.00
31305,17943058.00
31306,25373980.00
31307,10219927.00
31308,17525900.00
31309,11226769.00
31310,19295702.00
31311,21975486.00
31312,10812676.00
31313,13287520.00
31314,16813198.00
31315,83801112.00
31316,10330778.00
31317,11136727.00
31318,21678282.00
31319,7099495.50
31320,14772541.00
31321,22049932.00
31322,18239684.00
31323,13004773.00
31324,16925864.00
31325,16444669.00
31326,47270156.00
31327,15322765.00
31328,28425492.00
31329,8214855.00
31330,6603445.00
31331,7451930.00
31332,18976224.00
31333,45349484.00
31334,12947309.00
31335,12202844.00
31336,17180300.00
31337,23819240.00
31338,9343054.00
31339,21360370.00
31340,13097354.00
31341,21575664.00
31342,20741822.00
31343,13160256.00
31344,10079588.00
31345,7316061.00
31346,17088832.00
31347,7919795.00
31348,16905266.00
31349,14028273.00
31350,13857132.00
31351,10154006.00
31352,18846336.00
31353,15832701.00
31354,8928872.00
31355,15273866.00
31356,24023764.00
31357,7195902.50
31358,40786296.00
31359,9103988.00
31360,32486256.00
31361,10909710.00
31362,15923379.00
31363,18811406.00
31364,36996664.00
31365,12246708.00
31366,9338108.00
31367,8229172.00
31368,10587851.00
31369,16005091.00
31370,9960156.00
31371,4348594.00
31372,13630252.00
31373,20680572.00
31374,36102968.00
31375,25544372.00
31376,34747420.00
31377,24212308.00
31378,22984540.00
31379,16916394.00
31380,15333964.00
31381,13561809.00
31382,20022748.00
31383,10086695.00
31384,9819430.00
31385,13249990.00
31386,10274052.00
31387,10979878.00
31388,11376964.00
31389,40589848.00
31390,26857628.00
31391,10879690.00
31392,12183316.00
31393,14063130.00
31394,9976158.00
31395,15787256.00
31396,7268193.50
31397,9276640.00
31398,16463887.00
31399,10527462.00
31400,18552916.00
31401,15281480.00
31402,10899292.00
31403,15950435.00
31404,7245831.50
31405,11077108.00
31406,65476724.00
31407,12096874.00
31408,23760596.00
31409,17437988.00
31410,18500262.00
31411,17374894.00
31412,7635847.50
31413,22727866.00
31414,10077574.00
31415,21146494.00
31416,11193972.00
31417,28929984.00
31418,12903604.00
31419,46193596.00
31420,12695127.00
31421,14502068.00
31422,11057888.00
31423,15071604.00
31424,21371516.00
31425,6332759.00
31426,12741009.00
31427,20023712.00
31428,12977073.00
31429,17264744.00
31430,16006080.00
31431,14839165.00
31432,11457966.00
31433,31909596.00
31434,9473390.00
31435,15656040.00
31436,7558642.00
31437,8388533.00
31438,7772579.00
31439,13104915.00
31440,7550441.50
31441,12867758.00
31442,13430035.00
31443,31667202.00
31444,8728114.00
31445,33651712.00
31446,11896508.00
31447,6229246.50
31448,11550860.00
31449,21664676.00
31450,20554580.00
31451,25556236.00
31452,8452014.00
31453,10439646.00
31454,15559892.00
31455,9924904.00
31456,39394360.00
31457,13638106.00
31458,11391401.00
31459,18678488.00
31460,24748744.00
31461,8921958.00
31462,8688744.00
31463,19695764.00
31464,6859923.00
31465,16823708.00
31466,17960640.00
31467,15288515.00
31468,25928140.00
31469,38811412.00
31470,13555866.00
31471,11432035.00
31472,7644604.00
31473,37460992.00
31474,14172788.00
31475,13102758.00
31476,12404604.00
31477,17713162.00
31478,39804144.00
31479,8536900.00
31480,16029797.00
31481,17725450.00
31482,7485972.00
31483,18710564.00
31484,13241172.00
31485,10965740.00
31486,12583588.00
31487,17972948.00
31488,15879827.00
31489,12874792.00
31490,10957824.00
31491,12483233.00
31492,6418270.00
31493,5484821.00
31494,17959940.00
31495,25035234.00
31496,11199572.00
31497,19663558.00
31498,13886961.00
31499,7786476.00
31500,17976404.00
31501,17920824.00
31502,12977656.00
31503,37719844.00
31504,6917936.50
31505,11715622.00
31506,10655736.00
31507,16176342.00
31508,32472140.00
31509,22303482.00
31510,7839982.50
31511,13459572.00
31512,20414780.00
31513,12828810.00
31514,23151540.00
31515,7440404.50
31516,7935127.50
31517,13784480.00
31518,12680462.00
31519,8349406.50
31520,19438244.00
31521,5916477.00
31522,14069978.00
31523,17715354.00
31524,13857309.00
31525,25184504.00
31526,11863304.00
31527,21058780.00
31528,36802568.00
31529,13405661.00
31530,14425398.00
31531,20466968.00
31532,11263178.00
31533,25878690.00
31534,28248734.00
31535,19451178.00
31536,17299454.00
31537,18322090.00
31538,15231700.00
31539,6778374.00
31540,23584668.00
31541,33842768.00
31542,33235870.00
31543,4297271.00
31544,28633158.00
31545,7034580.50
31546,13511616.00
31547,31692852.00
31548,26038292.00
31549,11527020.00
31550,11788966.00
31551,35776784.00
31552,60963416.00
31553,23037726.00
31554,10081051.00
31555,28737108.00
31556,37987748.00
31557,7545683.00
31558,5477182.00
31559,14413239.00
31560,48252916.00
31561,22089920.00
31562,17611436.00
31563,6489532.00
31564,23258460.00
31565,8391126.00
31566,26453016.00
31567,28023032.00
31568,13634794.00
31569,17482666.00
31570,26166184.00
31571,16167780.00
31572,19210334.00
31573,12275167.00
31574,27531152.00
31575,10468638.00
31576,32631880.00
31577,12068676.00
31578,12889334.00
31579,7106899.00
31580,148758288.00
31581,26466888.00
31582,12536280.00
31583,16670636.00
31584,22630918.00
31585,9874502.00
31586,107175632.00
31587,14767708.00
31588,8575782.00
31589,7543507.00
31590,11561988.00
31591,13886232.00
31592,40871392.00
31593,40382736.00
31594,8546378.00
31595,24618688.00
31596,14635739.00
31597,11270057.00
31598,26809816.00
31599,17894426.00
31600,10572472.00
31601,20112178.00
31602,18314920.00
31603,15898138.00
31604,17031432.00
31605,28805898.00
31606,17629108.00
31607,10662592.00
31608,64774832.00
31609,19941292.00
31610,17011830.00
31611,13764524.00
31612,12965702.00
31613,12383899.00
31614,27618808.00
31615,21793490.00
31616,20063020.00
31617,6349436.00
31618,10212631.00
31619,13727500.00
31620,14018301.00
31621,20722492.00
31622,21837260.00
31623,21181300.00
31624,10530159.00
31625,20021788.00
31626,8829794.00
31627,19057984.00
31628,24777654.00
31629,149128224.00
31630,19426536.00
31631,24743788.00
31632,9658306.00
31633,23261260.00
31634,15290630.00
31635,18118888.00
31636,13265055.00
31637,12430738.00
31638,12344524.00
31639,18890592.00
31640,26431388.00
31641,46107056.00
31642,8608318.00
31643,8896230.00
31644,11746772.00
31645,18206258.00
31646,16868750.00
31647,20710534.00
31648,22290328.00
31649,10829786.00
31650,11837764.00
31651,20716402.00
31652,13867828.00
31653,11115434.00
31654,7018913.50
31655,35991188.00
31656,11544202.00
31657,18320488.00
31658,23888576.00
31659,7172065.50
31660,9725822.00
31661,20537520.00
31662,49468612.00
31663,13809274.00
31664,7324603.50
31665,23949900.00
31666,8316787.00
31667,16125100.00
31668,21061750.00
31669,7825557.00
31670,29269592.00
31671,23266590.00
31672,18912870.00
31673,21319014.00
31674,29350748.00
31675,9826917.00
31676,10979553.00
31677,26222864.00
31678,20384616.00
31679,5552039.50
31680,20592356.00
31681,12327334.00
31682,8948399.00
31683,19875172.00
31684,15021368.00
31685,10819265.00
31686,18375076.00
31687,22207056.00
31688,23307976.00
31689,5952969.00
31690,15622958.00
31691,29886324.00
31692,21716638.00
31693,29615424.00
31694,11262084.00
31695,19179358.00
31696,24419504.00
31697,11911075.00
31698,10455698.00
31699,14880099.00
31700,3681456.00
31701,15367991.00
31702,16743567.00
31703,7448312.50
31704,5230372.00
31705,18692894.00
31706,20622540.00
31707,10898538.00
31708,25992984.00
31709,81922136.00
31710,17884188.00
31711,6339333.00
31712,9817342.00
31713,8334815.50
31714,11276316.00
31715,18913188.00
31716,7067940.50
31717,17580088.00
31718,10308109.00
31719,15561898.00
31720,13493146.00
31721,8759037.00
31722,15259580.00
31723,13656067.00
31724,12831825.00
31725,15499704.00
31726,19878714.00
31727,11710788.00
31728,9947098.00
31729,10467157.00
31730,16242874.00
31731,9528758.00
31732,10255420.00
31733,16396714.00
31734,10180025.00
31735,22599252.00
31736,15594892.00
31737,22149552.00
31738,14484483.00
31739,15590136.00
31740,36018528.00
31741,29641672.00
31742,31372244.00
31743,17073076.00
31744,9715630.00
31745,24426844.00
31746,6598855.50
31747,14289443.00
31748,37981144.00
31749,9099210.00
31750,8508476.00
31751,17979174.00
31752,23197146.00
31753,12262019.00
31754,25130516.00
31755,11917949.00
31756,21115850.00
31757,34334392.00
31758,5956637.00
31759,11491611.00
31760,26247204.00
31761,10232146.00
31762,45962624.00
31763,5187433.00
31764,9648824.00
31765,20272844.00
31766,10561489.00
31767,10048533.00
31768,17757518.00
31769,11351437.00
31770,19155288.00
31771,24587128.00
31772,25771656.00
31773,15231244.00
31774,9046834.00
31775,9097929.00
31776,22198174.00
31777,15292636.00
31778,22457620.00
31779,9026291.00
31780,6207369.00
31781,35407268.00
31782,13575698.00
31783,13951859.00
31784,19241670.00
31785,48375120.00
31786,34287660.00
31787,48094860.00
31788,35186428.00
31789,6705862.50
31790,20936888.00
31791,25710484.00
31792,30774900.00
31793,22154024.00
31794,76989672.00
31795,17794374.00
31796,22796120.00
31797,7802183.50
31798,9344806.00
31799,13621436.00
31800,15241565.00
31801,7695926.50
31802,9282614.00
31803,34798976.00
31804,11927855.00
31805,5504649.00
31806,28269772.00
31807,15054888.00
31808,11008342.00
31809,21215216.00
31810,15130959.00
31811,9656618.00
31812,7353371.50
31813,18683724.00
31814,31838016.00
31815,11548227.00
31816,9168484.00
31817,17374242.00
31818,31455572.00
31819,9694436.00
31820,26368518.00
31821,12479052.00
31822,32608948.00
31823,22721780.00
31824,34747704.00
31825,7124734.00
31826,9474436.00
31827,8061082.00
31828,43337836.00
31829,28961538.00
31830,8188996.50
31831,6070707.00
31832,8376718.50
31833,9953703.00
31834,14719210.00
31835,26465310.00
31836,59044108.00
31837,10418229.00
31838,11542620.00
31839,16325435.00
31840,9983194.00
31841,10089811.00
31842,9516428.00
31843,18219196.00
31844,9956767.00
31845,15380388.00
31846,42337840.00
31847,14470921.00
31848,31960020.00
31849,16385926.00
31850,16687078.00
31851,7363105.50
31852,94419520.00
31853,86606488.00
31854,21663150.00
31855,14201203.00
31856,23435106.00
31857,48388392.00
31858,21068508.00
31859,47687860.00
31860,9225939.00
31861,13381051.00
31862,4177383.00
31863,8247706.00
31864,70304720.00
31865,19203420.00
31866,7183149.00
31867,14453860.00
31868,10946108.00
31869,18156976.00
31870,22062552.00
31871,11911357.00
31872,23052664.00
31873,36505848.00
31874,29563560.00
31875,11889859.00
31876,19829580.00
31877,9369462.00
31878,37317916.00
31879,10111222.00
31880,20339868.00
31881,18313458.00
31882,13730883.00
31883,11318871.00
31884,33623220.00
31885,39177264.00
31886,14313798.00
31887,8424631.00
31888,14191084.00
31889,4021938.00
31890,9499740.00
31891,9610500.00
31892,13597820.00
31893,15854775.00
31894,37623384.00
31895,32653416.00
31896,12914683.00
31897,4977093.00
31898,14244707.00
31899,73095616.00
31900,21151386.00
31901,12847256.00
31902,17819428.00
31903,12497024.00
31904,38406600.00
31905,6084068.00
31906,16653914.00
31907,10687692.00
31908,10003467.00
31909,16039011.00
31910,5661565.00
31911,9537732.00
31912,9653728.00
31913,50383540.00
31914,22621880.00
31915,12498729.00
31916,20760988.00
31917,19946968.00
31918,19225312.00
31919,10522893.00
31920,6597242.00
31921,18887732.00
31922,17914366.00
31923,8527890.00
31924,5571256.50
31925,12267562.00
31926,7807627.50
31927,6904509.50
31928,6023436.00
31929,28144280.00
31930,40136476.00
31931,12596751.00
31932,10905743.00
31933,30233088.00
31934,15786111.00
31935,12836355.00
31936,26466164.00
31937,10121520.00
31938,44509400.00
31939,5759278.50
31940,36931280.00
31941,36131220.00
31942,8466208.00
31943,10115743.00
31944,9939403.00
31945,18906176.00
31946,19355132.00
31947,7200975.50
31948,25542840.00
31949,7431823.50
31950,14435436.00
31951,27274862.00
31952,11881345.00
31953,13718200.00
31954,49571416.00
31955,5380283.00
31956,11494442.00
31957,25170258.00
31958,11581943.00
31959,25731164.00
31960,11043881.00
31961,41023760.00
31962,22485096.00
31963,10705469.00
31964,11675677.00
31965,21552728.00
31966,21276530.00
31967,52225980.00
31968,15513812.00
31969,10067899.00
31970,20551260.00
31971,19670340.00
31972,11388260.00
31973,16419904.00
31974,10953021.00
31975,25058152.00
31976,7338202.00
31977,16535654.00
31978,17479482.00
31979,6173067.00
31980,14386641.00
31981,17385758.00
31982,36990612.00
31983,12035433.00
31984,15911459.00
31985,12846921.00
31986,6132387.00
31987,10006443.00
31988,11884532.00
31989,6786313.50
31990,22879640.00
31991,13657498.00
31992,26904476.00
31993,31820986.00
31994,19165902.00
31995,12473426.00
31996,12104182.00
31997,11188631.00
31998,13634098.00
31999,40373240.00
32000,6453453.00
32001,5336890.00
32002,18240762.00
32003,29260478.00
32004,22187490.00
32005,45090700.00
32006,18023600.00
32007,15367419.00
32008,22262416.00
32009,9452173.00
32010,14239708.00
32011,7969940.50
32012,75488128.00
32013,10922316.00
32014,18127408.00
32015,15210394.00
32016,9975418.00
32017,6859923.00
32018,12806500.00
32019,19701932.00
32020,15564616.00
32021,8222483.00
32022,7054929.50
32023,30506170.00
32024,30282480.00
32025,36797392.00
32026,19253536.00
32027,20641904.00
32028,30856052.00
32029,19220160.00
32030,12805806.00
32031,9532203.00
32032,6118397.00
32033,10344981.00
32034,17001856.00
32035,11434358.00
32036,12346408.00
32037,27476346.00
32038,31550808.00
32039,23229276.00
32040,20272156.00
32041,27914572.00
32042,15291785.00
32043,8265726.50
32044,6847613.50
32045,31001080.00
32046,10284198.00
32047,26156224.00
32048,30760536.00
32049,13209763.00
32050,46863312.00
32051,20498198.00
32052,55829712.00
32053,12705638.00
32054,19675668.00
32055,14432649.00
32056,32838778.00
32057,11830378.00
32058,8700604.00
32059,19002846.00
32060,15771668.00
32061,12728922.00
32062,14179857.00
32063,21800340.00
32064,23341638.00
32065,35186428.00
32066,14299453.00
32067,15756172.00
32068,13101027.00
32069,21434966.00
32070,13395291.00
32071,11036072.00
32072,11150962.00
32073,9559130.00
32074,5481612.00
32075,6263742.00
32076,13810356.00
32077,9220599.00
32078,31770176.00
32079,14773157.00
32080,11765210.00
32081,10754941.00
32082,18800794.00
32083,12339411.00
32084,12718035.00
32085,11046504.00
32086,8052830.50
32087,14141043.00
32088,27285676.00
32089,11164068.00
32090,7082692.50
32091,10334739.00
32092,19840518.00
32093,10973926.00
32094,14196659.00
32095,17247890.00
32096,13278531.00
32097,42457740.00
32098,24385866.00
32099,16840980.00
32100,12567432.00
32101,35009236.00
32102,11570040.00
32103,6678544.00
32104,10167152.00
32105,15976102.00
32106,17589074.00
32107,15567446.00
32108,10957064.00
32109,12846336.00
32110,9775900.00
32111,7485971.00
32112,12136036.00
32113,10911840.00
32114,24658234.00
32115,22496624.00
32116,30747704.00
32117,12778568.00
32118,20028066.00
32119,14261571.00
32120,22013076.00
32121,36211768.00
32122,10467730.00
32123,7163883.00
32124,12678903.00
32125,21088388.00
32126,21713592.00
32127,13206877.00
32128,10414600.00
32129,14526994.00
32130,26191892.00
32131,10224829.00
32132,9066018.00
32133,12027645.00
32134,26570138.00
32135,20321700.00
32136,20202556.00
32137,8356489.00
32138,14305541.00
32139,12381614.00
32140,18414112.00
32141,17001826.00
32142,16189711.00
32143,18027668.00
32144,10588211.00
32145,17016496.00
32146,21651856.00
32147,35587184.00
32148,8756774.00
32149,23557200.00
32150,15870182.00
32151,9363986.00
32152,13228086.00
32153,22484954.00
32154,11771240.00
32155,6798454.50
32156,8883204.00
32157,6621829.00
32158,4687869.00
32159,12976143.00
32160,45220880.00
32161,15618181.00
32162,17315718.00
32163,8397094.00
32164,14184289.00
32165,15586948.00
32166,14380808.00
32167,25692516.00
32168,10883825.00
32169,18632902.00
32170,17042314.00
32171,7602977.50
32172,13888078.00
32173,10467730.00
32174,17062906.00
32175,11126908.00
32176,7630590.00
32177,14772541.00
32178,14612046.00
32179,27968212.00
32180,8581526.00
32181,18847440.00
32182,14370081.00
32183,10493242.00
32184,11841597.00
32185,15227496.00
32186,8279947.00
32187,13668451.00
32188,51230404.00
32189,34241736.00
32190,17737604.00
32191,9039688.00
32192,15905293.00
32193,6581938.00
32194,27592794.00
32195,17284920.00
32196,13466308.00
32197,8045741.00
32198,9130292.00
32199,12133859.00
32200,27560134.00
32201,11812538.00
32202,21761094.00
32203,19573846.00
32204,16605448.00
32205,20501856.00
32206,21534764.00
32207,16672580.00
32208,11763423.00
32209,6707923.00
32210,10506290.00
32211,9436036.00
32212,11792718.00
32213,12105426.00
32214,16091557.00
32215,15891144.00
32216,6606231.00
32217,15502845.00
32218,16334990.00
32219,9521996.00
32220,22052816.00
32221,15749268.00
32222,10516468.00
32223,9218620.00
32224,7423553.50
32225,6974446.00
32226,17557998.00
32227,46760612.00
32228,11506118.00
32229,14044348.00
32230,5525496.50
32231,30736204.00
32232,14112966.00
32233,10095785.00
32234,5712236.00
32235,14915215.00
32236,10024330.00
32237,8846704.00
32238,12892771.00
32239,5461272.50
32240,12194668.00
32241,23085196.00
32242,47853328.00
32243,25449182.00
32244,22181416.00
32245,14527050.00
32246,14280948.00
32247,6593588.00
32248,8877715.00
32249,13413893.00
32250,14351985.00
32251,7760839.50
32252,13978403.00
32253,12032012.00
32254,24292392.00
32255,48918856.00
32256,23823150.00
32257,8836385.00
32258,69170856.00
32259,35023344.00
32260,31723020.00
32261,41486108.00
32262,25394816.00
32263,12714973.00
32264,15924896.00
32265,19888680.00
32266,12808115.00
32267,16171091.00
32268,27361516.00
32269,23126920.00
32270,34378020.00
32271,37296440.00
32272,14850547.00
32273,9308464.00
32274,14370895.00
32275,35644804.00
32276,21950472.00
32277,11870802.00
32278,15571940.00
32279,12176765.00
32280,8511143.00
32281,9574779.00
32282,23139456.00
32283,11361181.00
32284,12627261.00
32285,17920760.00
32286,8229210.00
32287,36348424.00
32288,19396108.00
32289,13933533.00
32290,44174348.00
32291,21843860.00
32292,15779828.00
32293,62333052.00
32294,9017222.00
32295,14544314.00
32296,27008920.00
32297,21542860.00
32298,12879080.00
32299,28461224.00
32300,26452408.00
32301,22066374.00
32302,14345201.00
32303,26116564.00
32304,10665342.00
32305,12746866.00
32306,11092777.00
32307,10264660.00
32308,23929726.00
32309,17062416.00
32310,33793996.00
32311,15836806.00
32312,15409836.00
32313,10093912.00
32314,9882099.00
32315,17971040.00
32316,19498016.00
32317,16875412.00
32318,9419088.00
32319,9302026.00
32320,10035582.00
32321,12691050.00
32322,19181414.00
32323,27829026.00
32324,10343538.00
32325,8863877.00
32326,19450680.00
32327,28314672.00
32328,7608460.00
32329,6589126.00
32330,8455506.00
32331,9121116.00
32332,13847549.00
32333,7588559.50
32334,10684085.00
32335,15100146.00
32336,23480976.00
32337,12031150.00
32338,14727963.00
32339,9214268.00
32340,9971039.00
32341,17757518.00
32342,20016258.00
32343,31692852.00
32344,16796586.00
32345,13555063.00
32346,16644328.00
32347,9262984.00
32348,19931602.00
32349,13786057.00
32350,15654022.00
32351,13679671.00
32352,27517652.00
32353,11865175.00
32354,38526360.00
32355,47488628.00
32356,28003740.00
32357,14042696.00
32358,9975418.00
32359,15507995.00
32360,10651598.00
32361,16425302.00
32362,24064164.00
32363,16952746.00
32364,15983980.00
32365,11017862.00
32366,13088429.00
32367,8704192.00
32368,11328082.00
32369,22534638.00
32370,18096008.00
32371,29196756.00
32372,15137341.00
32373,19043512.00
32374,19789628.00
32375,14566588.00
32376,7548021.00
32377,62770016.00
32378,22405694.00
32379,20607694.00
32380,28011484.00
32381,11747826.00
32382,42650756.00
32383,24231366.00
32384,12885686.00
32385,23643930.00
32386,24225402.00
32387,10411262.00
32388,9797789.00
32389,12208445.00
32390,18224772.00
32391,11228970.00
32392,38262220.00
32393,14522995.00
32394,7665091.00
32395,17774020.00
32396,16655537.00
32397,9976652.00
32398,10003478.00
32399,11663028.00
32400,9938944.00
32401,28885120.00
32402,13212906.00
32403,12983905.00
32404,30549460.00
32405,11621754.00
32406,8363844.50
32407,40029268.00
32408,13961379.00
32409,28720442.00
32410,17984148.00
32411,22421620.00
32412,24784454.00
32413,54666236.00
32414,23424730.00
32415,28327244.00
32416,10616107.00
32417,41182088.00
32418,8114561.50
32419,23254988.00
32420,9220599.00
32421,12446134.00
32422,19547374.00
32423,22877620.00
32424,19517502.00
32425,8010375.00
32426,8692776.00
32427,24867128.00
32428,22436336.00
32429,15344355.00
32430,10694506.00
32431,12385317.00
32432,19149290.00
32433,9338700.00
32434,17584156.00
32435,7617863.50
32436,11619436.00
32437,11306973.00
32438,20461646.00
32439,13473425.00
32440,9508946.00
32441,46454516.00
32442,10494779.00
32443,19364314.00
32444,17242328.00
32445,19523726.00
32446,18642210.00
32447,59461764.00
32448,26182864.00
32449,7364686.50
32450,11412809.00
32451,28348664.00
32452,12254060.00
32453,29880980.00
32454,14993364.00
32455,20902928.00
32456,16237010.00
32457,35816608.00
32458,25299052.00
32459,12870534.00
32460,13951677.00
32461,26909936.00
32462,16773992.00
32463,23628498.00
32464,14251543.00
32465,22526654.00
32466,5678190.00
32467,40699584.00
32468,19447154.00
32469,31844638.00
32470,5447358.50
32471,10409641.00
32472,13057274.00
32473,20633606.00
32474,19747478.00
32475,14278368.00
32476,9273298.00
32477,10672724.00
32478,14547406.00
32479,21454904.00
32480,16320906.00
32481,15734490.00
32482,11210239.00
32483,9644823.00
32484,25739422.00
32485,11377430.00
32486,11424088.00
32487,4634754.00
32488,11217197.00
32489,7541159.50
32490,15998900.00
32491,16967054.00
32492,19555436.00
32493,9532144.00
32494,23251164.00
32495,7984070.00
32496,12563169.00
32497,11494051.00
32498,13303372.00
32499,10184378.00
32500,26465310.00
32501,19273856.00
32502,8917771.00
32503,19057400.00
32504,12216317.00
32505,36534124.00
32506,15688332.00
32507,22829556.00
32508,16026668.00
32509,21507212.00
32510,11634569.00
32511,9410408.00
32512,17298818.00
32513,7255110.50
32514,14140206.00
32515,38595408.00
32516,12556376.00
32517,29695398.00
32518,22263760.00
32519,9479452.00
32520,14911244.00
32521,44141464.00
32522,5960737.50
32523,11688840.00
32524,23989448.00
32525,9243710.00
32526,13102900.00
32527,14114195.00
32528,14332218.00
32529,11136878.00
32530,9665524.00
32531,8033362.00
32532,38234428.00
32533,8525662.00
32534,19876460.00
32535,10646577.00
32536,20439356.00
32537,8496457.00
32538,20680680.00
32539,45476620.00
32540,55422680.00
32541,13531720.00
32542,9568358.00
32543,18840324.00
32544,43638588.00
32545,13631360.00
32546,23679208.00
32547,11973861.00
32548,13946812.00
32549,12852929.00
32550,6643939.00
32551,11478390.00
32552,13670040.00
32553,29001442.00
32554,13695378.00
32555,31476102.00
32556,34280520.00
32557,12978980.00
32558,12688383.00
32559,32487068.00
32560,18749854.00
32561,3027246.00
32562,25227066.00
32563,8268270.50
32564,10157770.00
32565,23469448.00
32566,19838774.00
32567,12464536.00
32568,8053905.50
32569,11659908.00
32570,19637648.00
32571,21565778.00
32572,6724227.00
32573,17427870.00
32574,37195220.00
32575,10125316.00
32576,25319912.00
32577,12343552.00
32578,10135638.00
32579,19765104.00
32580,14169027.00
32581,6289210.00
32582,15433617.00
32583,35150216.00
32584,16696719.00
32585,24666712.00
32586,29599436.00
32587,30610118.00
32588,13207235.00
32589,17633184.00
32590,23794892.00
32591,10804769.00
32592,55015784.00
32593,19511740.00
32594,12537277.00
32595,9893682.00
32596,16135994.00
32597,19343654.00
32598,26976222.00
32599,12871820.00
32600,12502020.00
32601,8120306.00
32602,24497740.00
32603,19923574.00
32604,32565092.00
32605,11395279.00
32606,11290211.00
32607,10652324.00
32608,39628408.00
32609,9574779.00
32610,15837828.00
32611,10877405.00
32612,32730008.00
32613,10613089.00
32614,17692376.00
32615,8861044.00
32616,19487954.00
32617,12088431.00
32618,23919344.00
32619,14612291.00
32620,10147530.00
32621,16842974.00
32622,20434172.00
32623,15758180.00
32624,30044386.00
32625,9011380.00
32626,19038766.00
32627,23461724.00
32628,42506980.00
32629,20064926.00
32630,18491184.00
32631,21785640.00
32632,11493025.00
32633,9109182.00
32634,11758303.00
32635,15116157.00
32636,12509678.00
32637,22252858.00
32638,18099354.00
32639,44365844.00
32640,10621146.00
32641,22593224.00
32642,11854611.00
32643,4779068.00
32644,27687380.00
32645,17700354.00
32646,26113690.00
32647,18076768.00
32648,9491862.00
32649,14974117.00
32650,14385859.00
32651,23984008.00
32652,9340436.00
32653,8453682.00
32654,13275564.00
32655,10383398.00
32656,10744070.00
32657,20212034.00
32658,26999540.00
32659,15004308.00
32660,8856230.00
32661,22272422.00
32662,25877016.00
32663,9151612.00
32664,24066100.00
32665,29078498.00
32666,19341070.00
32667,13762467.00
32668,15410122.00
32669,23701732.00
32670,9190495.00
32671,17100080.00
32672,37607584.00
32673,23570554.00
32674,20787528.00
32675,12908274.00
32676,15905655.00
32677,26676888.00
32678,14051259.00
32679,22290168.00
32680,12866147.00
32681,20132026.00
32682,14622527.00
32683,23322554.00
32684,17729268.00
32685,101756904.00
32686,28096386.00
32687,13562541.00
32688,20781688.00
32689,11019552.00
32690,18373100.00
32691,18348262.00
32692,10838218.00
32693,14608349.00
32694,16183821.00
32695,36132136.00
32696,19912540.00
32697,21140060.00
32698,17226026.00
32699,33613912.00
32700,21960634.00
32701,22270000.00
32702,12823252.00
32703,23763044.00
32704,21214564.00
32705,10231100.00
32706,7671708.00
32707,13060022.00
32708,24781532.00
32709,21595962.00
32710,10282160.00
32711,22696168.00
32712,15916657.00
32713,5535049.00
32714,34960744.00
32715,48256908.00
32716,4609300.00
32717,13510670.00
32718,13979021.00
32719,12749920.00
32720,10579968.00
32721,41241768.00
32722,8698198.00
32723,21998278.00
32724,13484718.00
32725,21873722.00
32726,9598808.00
32727,10203452.00
32728,30886014.00
32729,19757698.00
32730,11242292.00
32731,25508492.00
32732,29154274.00
32733,13169413.00
32734,21689734.00
32735,12742072.00
32736,17786452.00
32737,28291362.00
32738,14532780.00
32739,41549868.00
32740,13964972.00
32741,11862628.00
32742,8947104.00
32743,16386588.00
32744,9342894.00
32745,8986762.00
32746,12845126.00
32747,26217094.00
32748,12237046.00
32749,12041812.00
32750,8383446.50
32751,11921434.00
32752,21589230.00
32753,15958936.00
32754,42549356.00
32755,16510086.00
32756,10651784.00
32757,24956600.00
32758,17487624.00
32759,10995151.00
32760,29359916.00
32761,37450824.00
32762,11060111.00
32763,8760008.00
32764,12088573.00
32765,17559874.00
32766,18569576.00
32767,13721631.00
32768,13381051.00
32769,25146366.00
32770,26654156.00
32771,9180600.00
32772,32831948.00
32773,16831026.00
32774,28973752.00
32775,17627692.00
32776,11591576.00
32777,20680072.00
32778,12033658.00
32779,20619472.00
32780,14636605.00
32781,9958141.00
32782,8992732.00
32783,10725540.00
32784,31091624.00
32785,49449560.00
32786,20902928.00
32787,6002067.00
32788,22347366.00
32789,10960952.00
32790,6272167.00
32791,29733452.00
32792,11136727.00
32793,22980468.00
32794,21445098.00
32795,11242958.00
32796,15580970.00
32797,9992512.00
32798,56066904.00
32799,11160671.00
32800,8396644.00
32801,12204613.00
32802,7574581.00
32803,25889484.00
32804,16009363.00
32805,18642210.00
32806,17649952.00
32807,34823880.00
32808,15595302.00
32809,20737868.00
32810,16865006.00
32811,13730231.00
32812,60676328.00
32813,12086446.00
32814,24125684.00
32815,12114180.00
32816,22117346.00
32817,12461519.00
32818,21066398.00
32819,17877884.00
32820,20413224.00
32821,38436424.00
32822,20122946.00
32823,13308980.00
32824,9357094.00
32825,11208986.00
32826,31278856.00
32827,30216980.00
32828,7655106.50
32829,12948927.00
32830,19341574.00
32831,6688018.50
32832,15735916.00
32833,17926992.00
32834,17566272.00
32835,9896850.00
32836,48765492.00
32837,10367419.00
32838,13646341.00
32839,19187856.00
32840,10383763.00
32841,19043850.00
32842,17344278.00
32843,15491416.00
32844,23430270.00
32845,11205183.00
32846,21098100.00
32847,45229820.00
32848,19289458.00
32849,15034236.00
32850,20899688.00
32851,15094694.00
32852,32251544.00
32853,12570716.00
32854,17221680.00
32855,11180836.00
32856,10485624.00
32857,5202243.00
32858,11136873.00
32859,11635700.00
32860,23842484.00
32861,15920468.00
32862,16350264.00
32863,11874259.00
32864,13601921.00
32865,12587775.00
32866,24221366.00
32867,15190548.00
32868,36841724.00
32869,10994710.00
32870,4699183.00
32871,17808654.00
32872,9966342.00
32873,23403300.00
32874,12681394.00
32875,16267459.00
32876,9378249.00
32877,7280633.50
32878,18537826.00
32879,14150371.00
32880,14096294.00
32881,11990400.00
32882,40863300.00
32883,15645251.00
32884,15914118.00
32885,10839556.00
32886,18360340.00
32887,8144774.00
32888,20323586.00
32889,21189660.00
32890,5435669.00
32891,20607694.00
32892,13444692.00
32893,22769964.00
32894,21123610.00
32895,11288178.00
32896,43959480.00
32897,24292962.00
32898,42820096.00
32899,11662769.00
32900,13491383.00
32901,6450577.50
32902,16009518.00
32903,17553042.00
32904,28735552.00
32905,12154659.00
32906,13432485.00
32907,10191136.00
32908,16318121.00
32909,7939265.50
32910,6487182.00
32911,28541560.00
32912,13811245.00
32913,19004480.00
32914,14931686.00
32915,11308145.00
32916,28773254.00
32917,16329065.00
32918,12168986.00
32919,14209490.00
32920,32814008.00
32921,10717182.00
32922,36926108.00
32923,7317296.00
32924,14957958.00
32925,17146778.00
32926,14393997.00
32927,16118964.00
32928,102419016.00
32929,21820888.00
32930,20087176.00
32931,10719733.00
32932,9525012.00
32933,10478926.00
32934,10159364.00
32935,25178782.00
32936,33311528.00
32937,14384129.00
32938,13626825.00
32939,9835231.00
32940,9901998.00
32941,11438560.00
32942,37789976.00
32943,8422413.00
32944,22321844.00
32945,21525844.00
32946,34265116.00
32947,14757862.00
32948,6714338.50
32949,31107512.00
32950,14886337.00
32951,9602390.00
32952,16670043.00
32953,23099322.00
32954,11420100.00
32955,10553476.00
32956,13258459.00
32957,8258669.50
32958,19738224.00
32959,10090876.00
32960,11684780.00
32961,5804806.00
32962,9399750.00
32963,23146412.00
32964,13619978.00
32965,12837636.00
32966,7088017.50
32967,36233848.00
32968,8694982.00
32969,8966564.00
32970,6081413.00
32971,11959639.00
32972,12346066.00
32973,22585364.00
32974,9332652.00
32975,36749972.00
32976,12877816.00
32977,33520084.00
32978,13822943.00
32979,14731758.00
32980,12918433.00
32981,9854336.00
32982,12276579.00
32983,37791172.00
32984,22440442.00
32985,12068676.00
32986,13223342.00
32987,16956940.00
32988,6881078.00
32989,13408006.00
32990,25642532.00
32991,25423900.00
32992,18214182.00
32993,34970048.00
32994,23149668.00
32995,11717670.00
32996,13966181.00
32997,9739565.00
32998,7862587.00
32999,10715060.00
33000,6049165.00
33001,12141661.00
33002,12407529.00
33003,28369556.00
33004,21826804.00
33005,12849802.00
33006,14206476.00
33007,15898514.00
33008,11583620.00
33009,9328438.00
33010,8128444.00
33011,17956100.00
33012,8537298.00
33013,23086196.00
33014,10547024.00
33015,7812798.00
33016,8395717.00
33017,37188352.00
33018,16457107.00
33019,15004404.00
33020,18542184.00
33021,28352482.00
33022,11115608.00
33023,20230460.00
33024,14277441.00
33025,17157722.00
33026,12541981.00
33027,13011069.00
33028,13074909.00
33029,13769204.00
33030,32135160.00
33031,20082658.00
33032,9313684.00
33033,32942352.00
33034,10993432.00
33035,60390328.00
33036,14038396.00
33037,55983628.00
33038,11231267.00
33039,20187808.00
33040,11183427.00
33041,19377766.00
33042,35920636.00
33043,16172067.00
33044,48445548.00
33045,10399160.00
33046,37670288.00
33047,13647864.00
33048,7641494.50
33049,48438480.00
33050,9902883.00
33051,9087676.00
33052,12084260.00
33053,51829956.00
33054,34455768.00
33055,13028477.00
33056,12977236.00
33057,47298524.00
33058,6274044.00
33059,18458808.00
33060,23635130.00
33061,18839112.00
33062,12657969.00
33063,10495924.00
33064,22695244.00
33065,16511800.00
33066,36914732.00
33067,7550441.50
33068,19803226.00
33069,5403857.50
33070,14892634.00
33071,15445103.00
33072,20120742.00
33073,21946504.00
33074,14955820.00
33075,15872342.00
33076,22444116.00
33077,285896832.00
33078,26780204.00
33079,12776599.00
33080,13101916.00
33081,10901140.00
33082,49181020.00
33083,8348631.00
33084,12088678.00
33085,11657330.00
33086,39689880.00
33087,19111708.00
33088,5677449.00
33089,5227932.00
33090,9514846.00
33091,12062729.00
33092,16716206.00
33093,21869616.00
33094,7879122.00
33095,16444992.00
33096,8669752.00
33097,10557530.00
33098,25432820.00
33099,9690234.00
33100,17076418.00
33101,9434885.00
33102,6488177.50
33103,10476290.00
33104,17135266.00
33105,24433236.00
33106,16233521.00
33107,8970182.00
33108,20689854.00
33109,9958861.00
33110,16645750.00
33111,26216756.00
33112,24834374.00
33113,8615507.00
33114,10373928.00
33115,17772430.00
33116,20993736.00
33117,31573840.00
33118,18204314.00
33119,20172262.00
33120,9715254.00
33121,17771310.00
33122,38378076.00
33123,17026990.00
33124,17839420.00
33125,15179863.00
33126,15811875.00
33127,14557020.00
33128,14754650.00
33129,27380890.00
33130,21796440.00
33131,22056546.00
33132,7311055.50
33133,23004840.00
33134,14669709.00
33135,13579462.00
33136,8268270.50
33137,11632716.00
33138,23049154.00
33139,13105260.00
33140,13299590.00
33141,12780727.00
33142,17943252.00
33143,18282968.00
33144,7936155.50
33145,34397236.00
33146,12705510.00
33147,22672980.00
33148,5192794.00
33149,12464110.00
33150,43153968.00
33151,12241472.00
33152,18360340.00
33153,16029859.00
33154,13461399.00
33155,9892680.00
33156,16666225.00
33157,10373866.00
33158,13485431.00
33159,18345938.00
33160,11477101.00
33161,9670137.00
33162,23438910.00
33163,12825276.00
33164,10377816.00
33165,9861072.00
33166,7770509.00
33167,7487156.00
33168,17804724.00
33169,12210673.00
33170,15604849.00
33171,10467730.00
33172,39823368.00
33173,15999741.00
33174,8599320.00
33175,20205298.00
33176,44776336.00
33177,13641725.00
33178,9978893.00
33179,7697366.00
33180,15595776.00
33181,20859496.00
33182,38237612.00
33183,22139392.00
33184,77331528.00
33185,15431389.00
33186,27072502.00
33187,25055656.00
33188,22551224.00
33189,40679952.00
33190,37025508.00
33191,42077012.00
33192,16350351.00
33193,7213437.50
33194,9222600.00
33195,7253142.50
33196,20626552.00
33197,31303326.00
33198,9479149.00
33199,20654262.00
33200,11158890.00
33201,9492908.00
33202,22230216.00
33203,28717102.00
33204,9016724.00
33205,10146718.00
33206,12855567.00
33207,8245687.00
33208,6276958.50
33209,12772868.00
33210,26827746.00
33211,18046714.00
33212,35880168.00
33213,15361757.00
33214,22548584.00
33215,4348594.00
33216,10992083.00
33217,11644584.00
33218,10141798.00
33219,23296268.00
33220,12409367.00
33221,14886092.00
33222,14619843.00
33223,18521934.00
33224,6851243.50
33225,9239016.00
33226,17870852.00
33227,11325820.00
33228,10139476.00
33229,18045456.00
33230,13652998.00
33231,7920682.00
33232,6422034.00
33233,20652510.00
33234,11382954.00
33235,8385419.50
33236,25678690.00
33237,19702212.00
33238,10881745.00
33239,8832440.00
33240,14672271.00
33241,10269982.00
33242,29872872.00
33243,40161344.00
33244,14113501.00
33245,28985216.00
33246,26358590.00
33247,18726042.00
33248,14146145.00
33249,31158966.00
33250,8431304.00
33251,11787830.00
33252,16444387.00
33253,27436120.00
33254,23141540.00
33255,15352899.00
33256,11088015.00
33257,29463710.00
33258,7634520.50
33259,12525818.00
33260,17257330.00
33261,25019604.00
33262,14719210.00
33263,33761772.00
33264,28864902.00
33265,7486771.00
33266,22330478.00
33267,18800906.00
33268,11402636.00
33269,16159096.00
33270,17218658.00
33271,33390714.00
33272,20995082.00
33273,10674625.00
33274,10859427.00
33275,9150846.00
33276,11753757.00
33277,9568000.00
33278,18794796.00
33279,35511408.00
33280,15602723.00
33281,13108690.00
33282,20684850.00
33283,6752284.00
33284,19403320.00
33285,28369556.00
33286,16479700.00
33287,14259642.00
33288,34967328.00
33289,16014025.00
33290,14933202.00
33291,9269918.00
33292,40774856.00
33293,9277492.00
33294,19543868.00
33295,15873176.00
33296,13525516.00
33297,12714986.00
33298,23212820.00
33299,20638404.00
33300,4821760.00
33301,43991248.00
33302,11609117.00
33303,7852606.50
33304,11235635.00
33305,26979124.00
33306,21603870.00
33307,7097131.50
33308,10520826.00
33309,13223342.00
33310,24472546.00
33311,89811168.00
33312,16246854.00
33313,119230768.00
33314,14173007.00
33315,12872133.00
33316,27899082.00
33317,33201960.00
33318,26234808.00
33319,7177842.00
33320,21293698.00
33321,18024156.00
33322,5225814.00
33323,26850178.00
33324,36619900.00
33325,31473556.00
33326,15593988.00
33327,37460992.00
33328,12918764.00
33329,44494872.00
33330,33754180.00
33331,24817736.00
33332,37228516.00
33333,19355716.00
33334,15681469.00
33335,11085622.00
33336,17909472.00
33337,110335120.00
33338,18970882.00
33339,7018594.00
33340,8587886.00
33341,15998541.00
33342,22194188.00
33343,20472568.00
33344,6686027.00
33345,38871616.00
33346,24526128.00
33347,9809664.00
33348,25959544.00
33349,6852865.50
33350,36249832.00
33351,13609152.00
33352,18437612.00
33353,14238860.00
33354,13791140.00
33355,7740446.50
33356,16977376.00
33357,8650433.00
33358,10206828.00
33359,10822499.00
33360,50232564.00
33361,13868447.00
33362,4562906.00
33363,34914756.00
33364,14622527.00
33365,17046412.00
33366,15634417.00
33367,21917928.00
33368,15137224.00
33369,8414936.00
33370,20214912.00
33371,14562301.00
33372,20090620.00
33373,8510131.00
33374,9841178.00
33375,25139940.00
33376,22408826.00
33377,7645476.50
33378,11125818.00
33379,43474256.00
33380,13196620.00
33381,23250984.00
33382,16899060.00
33383,10334664.00
33384,15131978.00
33385,18735476.00
33386,12895352.00
33387,15301206.00
33388,12489804.00
33389,17907024.00
33390,59968060.00
33391,11982799.00
33392,114337160.00
33393,17482586.00
33394,22818294.00
33395,13339075.00
33396,12243340.00
33397,8176582.50
33398,11590628.00
33399,12742659.00
33400,6648891.00
33401,35159252.00
33402,10290458.00
33403,7055201.50
33404,24425100.00
33405,9413207.00
33406,27797716.00
33407,5570947.00
33408,19157540.00
33409,13080005.00
33410,10181703.00
33411,13037774.00
33412,12376292.00
33413,19484120.00
33414,8417060.00
33415,52500428.00
33416,32274352.00
33417,18015502.00
33418,10945426.00
33419,15499860.00
33420,41900124.00
33421,13249338.00
33422,21894842.00
33423,20282946.00
33424,11971052.00
33425,13139590.00
33426,14915215.00
33427,26304208.00
33428,31245784.00
33429,14439500.00
33430,10578016.00
33431,20797730.00
33432,40156288.00
33433,15537060.00
33434,23348058.00
33435,37297444.00
33436,5795930.00
33437,28740244.00
33438,13302324.00
33439,18942366.00
33440,14172580.00
33441,9651906.00
33442,20953428.00
33443,16332193.00
33444,9475897.00
33445,14312436.00
33446,11658634.00
33447,10457734.00
33448,9261027.00
33449,10915242.00
33450,27743802.00
33451,11692707.00
33452,37124180.00
33453,15049804.00
33454,14304330.00
33455,35828784.00
33456,8165062.00
33457,17830926.00
33458,21453642.00
33459,15087884.00
33460,11502565.00
33461,8342192.00
33462,20815740.00
33463,55083096.00
33464,18583904.00
33465,26551900.00
33466,12974181.00
33467,8230462.50
33468,8141017.50
33469,34963704.00
33470,25803816.00
33471,7960334.00
33472,40030212.00
33473,18810608.00
33474,9954514.00
33475,23891184.00
33476,50519392.00
33477,14694412.00
33478,14653869.00
33479,44919516.00
33480,42120728.00
33481,18459168.00
33482,16461275.00
33483,4445097.00
33484,6283895.00
33485,20367528.00
33486,17492192.00
33487,21250684.00
33488,7076477.00
33489,15184954.00
33490,26652966.00
33491,5836672.00
33492,20166634.00
33493,17032224.00
33494,10639456.00
33495,13443421.00
33496,10799227.00
33497,21842462.00
33498,15031273.00
33499,23166400.00
33500,17945868.00
33501,17286590.00
33502,23296112.00
33503,23098836.00
33504,10415311.00
33505,9107740.00
33506,15420902.00
33507,54712656.00
33508,43739008.00
33509,9336188.00
33510,48534964.00
33511,6776420.50
33512,16981986.00
33513,10509308.00
33514,6791487.50
33515,10094882.00
33516,15137683.00
33517,15353370.00
33518,12461213.00
33519,25579602.00
33520,13221409.00
33521,7639105.50
33522,10180742.00
33523,51268888.00
33524,21605544.00
33525,13310410.00
33526,9822166.00
33527,13039482.00
33528,15570432.00
33529,11528814.00
33530,28625134.00
33531,19288608.00
33532,21545680.00
33533,17608376.00
33534,77574096.00
33535,20369926.00
33536,45629316.00
33537,9173109.00
33538,11423052.00
33539,11661510.00
33540,10282276.00
33541,21165192.00
33542,9370375.00
33543,7231073.50
33544,9208972.00
33545,19148286.00
33546,10599542.00
33547,16371035.00
33548,5639444.00
33549,15340780.00
33550,6998030.50
33551,12478740.00
33552,20470890.00
33553,12660646.00
33554,31272312.00
33555,27317752.00
33556,17298596.00
33557,9707788.00
33558,11318871.00
33559,10047010.00
33560,5774667.00
33561,177754912.00
33562,8088938.00
33563,11024918.00
33564,12758685.00
33565,4959177.00
33566,25741882.00
33567,12371602.00
33568,26131352.00
33569,11845007.00
33570,9226520.00
33571,16321452.00
33572,14596712.00
33573,12525006.00
33574,36783232.00
33575,7582300.00
33576,14501019.00
33577,8792150.00
33578,14341252.00
33579,11446918.00
33580,11299852.00
33581,8003189.00
33582,13615455.00
33583,14601766.00
33584,21279766.00
33585,11521096.00
33586,14926292.00
33587,8652270.00
33588,24272576.00
33589,14130574.00
33590,34336176.00
33591,14748433.00
33592,14895108.00
33593,9518644.00
33594,8694982.00
33595,10615063.00
33596,10892468.00
33597,12374766.00
33598,9759622.00
33599,20072866.00
33600,24503732.00
33601,24712588.00
33602,18863854.00
33603,12306202.00
33604,10160610.00
33605,7554461.00
33606,14200355.00
33607,9314561.00
33608,25426980.00
33609,17566850.00
33610,14419073.00
33611,6215901.00
33612,13769542.00
33613,17818472.00
33614,8789142.00
33615,31652976.00
33616,22674746.00
33617,9028858.00
33618,8694982.00
33619,10615816.00
33620,12948788.00
33621,25750132.00
33622,13169350.00
33623,31314714.00
33624,8108054.00
33625,12234126.00
33626,5774139.00
33627,13479523.00
33628,6895933.00
33629,21542552.00
33630,24421176.00
33631,17354592.00
33632,18963010.00
33633,8957368.00
33634,11967325.00
33635,21514502.00
33636,10501026.00
33637,6166438.00
33638,40505596.00
33639,8443230.00
33640,18252918.00
33641,10982941.00
33642,5575922.00
33643,7493250.00
33644,11670909.00
33645,19659472.00
33646,32616162.00
33647,11325690.00
33648,8758367.00
33649,6543466.00
33650,12044554.00
33651,27998668.00
33652,7338899.00
33653,9338758.00
33654,10340776.00
33655,5362484.00
33656,9029940.00
33657,29383206.00
33658,11225955.00
33659,11833819.00
33660,10200750.00
33661,15225926.00
33662,6879849.00
33663,14983814.00
33664,9667346.00
33665,10768650.00
33666,13184966.00
33667,14722915.00
33668,8058923.00
33669,10907329.00
33670,10594234.00
33671,12390630.00
33672,15790118.00
33673,7708235.00
33674,9328438.00
33675,5311309.00
33676,11049019.00
33677,22451136.00
33678,8020199.50
33679,33764476.00
33680,8839862.00
33681,11736978.00
33682,22329004.00
33683,26154132.00
33684,33699532.00
33685,16539148.00
33686,55185440.00
33687,9806496.00
33688,16143025.00
33689,37759808.00
33690,15965646.00
33691,8990383.00
33692,7390110.50
33693,13347519.00
33694,9354340.00
33695,21829556.00
33696,9838040.00
33697,16677162.00
33698,17644990.00
33699,19976060.00
33700,17333338.00
33701,34683708.00
33702,35504844.00
33703,15900771.00
33704,18074558.00
33705,10820364.00
33706,6275050.00
33707,22347366.00
33708,9920088.00
33709,11149056.00
33710,13378761.00
33711,12942966.00
33712,2092329.88
33713,14468901.00
33714,23002588.00
33715,19864080.00
33716,11587252.00
33717,9520896.00
33718,13442016.00
33719,9256679.00
33720,36084572.00
33721,13721212.00
33722,21898950.00
33723,16440996.00
33724,24215800.00
33725,20490304.00
33726,10434203.00
33727,13508884.00
33728,20678596.00
33729,14231654.00
33730,12667625.00
33731,21343748.00
33732,13301848.00
33733,9546204.00
33734,1906518528.00
33735,18260494.00
33736,50325200.00
33737,35721024.00
33738,18140846.00
33739,21642554.00
33740,14639206.00
33741,25176308.00
33742,9905630.00
33743,14665196.00
33744,10600323.00
33745,32478480.00
33746,17328464.00
33747,8694982.00
33748,16894906.00
33749,13309327.00
33750,5649842.00
33751,11385059.00
33752,11147642.00
33753,14225219.00
33754,23502508.00
33755,10905550.00
33756,18369686.00
33757,19996454.00
33758,36157616.00
33759,7345130.00
33760,16601254.00
33761,11833713.00
33762,5466759.00
33763,5530663.00
33764,25687744.00
33765,16335557.00
33766,6225372.00
33767,7700048.00
33768,21189164.00
33769,14134089.00
33770,14546828.00
33771,22339088.00
33772,25536784.00
33773,7947197.00
33774,9226229.00
33775,10460544.00
33776,5758470.00
33777,19605510.00
33778,11287523.00
33779,12439197.00
33780,7958043.50
33781,8801100.00
33782,19373756.00
33783,41016276.00
33784,10994902.00
33785,8756342.00
33786,11435090.00
33787,32025216.00
33788,12222022.00
33789,38962128.00
33790,25247460.00
33791,7793946.00
33792,11209422.00
33793,8299857.50
33794,6303143.00
33795,16474548.00
33796,20597976.00
33797,36796888.00
33798,50295244.00
33799,15933815.00
33800,22181798.00
33801,26928492.00
33802,13458382.00
33803,12184539.00
33804,49568500.00
33805,18768156.00
33806,10911991.00
33807,12632648.00
33808,24273530.00
33809,9215835.00
33810,28038190.00
33811,37106648.00
33812,13404581.00
33813,8383446.50
33814,17462642.00
33815,9653275.00
33816,10532589.00
33817,12309464.00
33818,28940282.00
33819,23103768.00
33820,14527924.00
33821,17057160.00
33822,10806557.00
33823,10120607.00
33824,15719524.00
33825,14153517.00
33826,50327968.00
33827,17231708.00
33828,33563120.00
33829,32499264.00
33830,6836384.50
33831,15933943.00
33832,13445532.00
33833,8735592.00
33834,10954570.00
33835,16531142.00
33836,11364758.00
33837,12745466.00
33838,27168496.00
33839,21992290.00
33840,9295854.00
33841,17364936.00
33842,53617844.00
33843,16245458.00
33844,10882289.00
33845,13273928.00
33846,35163336.00
33847,11384576.00
33848,15635590.00
33849,17877942.00
33850,13893859.00
33851,10743976.00
33852,30044152.00
33853,9110548.00
33854,24620056.00
33855,16962916.00
33856,37970948.00
33857,32215900.00
33858,13693690.00
33859,17378092.00
33860,5143640.00
33861,14054392.00
33862,9995605.00
33863,36546452.00
33864,10692663.00
33865,10046454.00
33866,32392640.00
33867,9081043.00
33868,29466910.00
33869,17352450.00
33870,12979589.00
33871,17365892.00
33872,19841938.00
33873,6903042.50
33874,17070200.00
33875,15560870.00
33876,34885288.00
33877,14578022.00
33878,18345836.00
33879,13701117.00
33880,19374168.00
33881,45866544.00
33882,68192112.00
33883,14053025.00
33884,31580260.00
33885,10151645.00
33886,11413786.00
33887,13116256.00
33888,11052324.00
33889,15580282.00
33890,16470365.00
33891,20357310.00
33892,35511004.00
33893,98532400.00
33894,13139590.00
33895,12848008.00
33896,10647203.00
33897,44649020.00
33898,12064630.00
33899,4992388.00
33900,31509324.00
33901,12747517.00
33902,19920402.00
33903,6466574.50
33904,10467414.00
33905,11430799.00
33906,9070430.00
33907,21914322.00
33908,18099888.00
33909,13637780.00
33910,14653074.00
33911,9506060.00
33912,55927200.00
33913,9029788.00
33914,12466254.00
33915,11274420.00
33916,13477341.00
33917,32812508.00
33918,12400698.00
33919,10483468.00
33920,12679690.00
33921,9455630.00
33922,13692541.00
33923,9072048.00
33924,23033680.00
33925,17522254.00
33926,7378731.50
33927,16725377.00
33928,10697018.00
33929,20174624.00
33930,27559976.00
33931,16673165.00
33932,14839660.00
33933,27378632.00
33934,11514079.00
33935,6649926.00
33936,16200668.00
33937,12676952.00
33938,45154612.00
33939,24784454.00
33940,13294348.00
33941,17450222.00
33942,11292180.00
33943,8768664.00
33944,10350225.00
33945,7233069.00
33946,10823101.00
33947,12681937.00
33948,10844282.00
33949,6509549.00
33950,11777046.00
33951,12074102.00
33952,27650996.00
33953,11825956.00
33954,20208442.00
33955,11506566.00
33956,6664296.50
33957,8542668.00
33958,20738960.00
33959,30852090.00
33960,4208410.00
33961,18897032.00
33962,21004910.00
33963,20237892.00
33964,38860316.00
33965,13630038.00
33966,10054716.00
33967,17167136.00
33968,19760368.00
33969,15637181.00
33970,7739520.50
33971,16258362.00
33972,14654948.00
33973,9978024.00
33974,13342170.00
33975,11042236.00
33976,22030582.00
33977,16675747.00
33978,24829026.00
33979,19232552.00
33980,14051837.00
33981,7525995.00
33982,13219226.00
33983,10135779.00
33984,42061372.00
33985,25135688.00
33986,10236282.00
33987,14180070.00
33988,7952145.50
33989,22624488.00
33990,14307462.00
33991,15200483.00
33992,38119504.00
33993,20787684.00
33994,9616278.00
33995,12038540.00
33996,21774306.00
33997,13480128.00
33998,21142768.00
33999,8023645.00
34000,17693468.00
34001,18215730.00
34002,27252614.00
34003,36751100.00
34004,6352477.00
34005,11932973.00
34006,13267446.00
34007,19306528.00
34008,10827139.00
34009,19693750.00
34010,20609440.00
34011,21205020.00
34012,11936552.00
34013,24793850.00
34014,14353041.00
34015,9858112.00
34016,16987736.00
34017,7138486.00
34018,16032285.00
34019,20581886.00
34020,12824490.00
34021,10011470.00
34022,10718480.00
34023,19285762.00
34024,20322652.00
34025,78856896.00
34026,17655714.00
34027,19733848.00
34028,8671037.00
34029,11613064.00
34030,48539432.00
34031,11778639.00
34032,36485208.00
34033,14787892.00
34034,10665342.00
34035,8462680.00
34036,44297364.00
34037,4427803.00
34038,24791208.00
34039,25618712.00
34040,13566813.00
34041,9296673.00
34042,15464966.00
34043,9174466.00
34044,7433710.50
34045,10008660.00
34046,32363252.00
34047,6832173.50
34048,15325183.00
34049,16665723.00
34050,10202568.00
34051,12953775.00
34052,12720827.00
34053,39147828.00
34054,73096408.00
34055,14617865.00
34056,37290356.00
34057,12197844.00
34058,40855168.00
34059,14300956.00
34060,12028236.00
34061,31343696.00
34062,15008261.00
34063,25511032.00
34064,18681078.00
34065,28724812.00
34066,17930074.00
34067,22471536.00
34068,12240444.00
34069,32483834.00
34070,12110897.00
34071,10458410.00
34072,16069247.00
34073,20909976.00
34074,20760988.00
34075,18066528.00
34076,17598404.00
34077,7220158.50
34078,9248619.00
34079,19828428.00
34080,8480286.00
34081,8062538.00
34082,11581448.00
34083,11752498.00
34084,5173572.00
34085,11091832.00
34086,14951508.00
34087,15792557.00
34088,16210844.00
34089,37595048.00
34090,12314127.00
34091,16451313.00
34092,13893663.00
34093,20207620.00
34094,22731508.00
34095,9482299.00
34096,38808384.00
34097,21940690.00
34098,15849681.00
34099,25704696.00
34100,81416856.00
34101,11489604.00
34102,12959452.00
34103,9269098.00
34104,11368122.00
34105,44038164.00
34106,7785306.00
34107,17491056.00
34108,27091870.00
34109,16956910.00
34110,40545496.00
34111,6807014.50
34112,11858250.00
34113,35869796.00
34114,16313059.00
34115,13328358.00
34116,32358668.00
34117,29838500.00
34118,17439264.00
34119,25335828.00
34120,20653338.00
34121,5430294.00
34122,9787414.00
34123,5726961.50
34124,13088550.00
34125,6922157.00
34126,15470564.00
34127,10420316.00
34128,18417442.00
34129,11274420.00
34130,14881508.00
34131,10888451.00
34132,11407468.00
34133,26245744.00
34134,14764379.00
34135,11636283.00
34136,11791546.00
34137,50424352.00
34138,33596484.00
34139,14812532.00
34140,6259126.00
34141,19536104.00
34142,11341756.00
34143,12501836.00
34144,18609046.00
34145,38310188.00
34146,26347976.00
34147,21660908.00
34148,11023299.00
34149,11790830.00
34150,7638147.00
34151,9008630.00
34152,13912200.00
34153,14496686.00
34154,12501627.00
34155,5836286.00
34156,18594922.00
34157,11098308.00
34158,20911936.00
34159,5216357.00
34160,11242396.00
34161,9848436.00
34162,13380829.00
34163,9684986.00
34164,7321197.00
34165,4909067.00
34166,20171398.00
34167,17386852.00
34168,8343265.50
34169,14268404.00
34170,12288723.00
34171,37144064.00
34172,27582104.00
34173,11782765.00
34174,7683382.50
34175,14397943.00
34176,11712419.00
34177,12470602.00
34178,32403684.00
34179,6917936.50
34180,16424131.00
34181,27250648.00
34182,11085997.00
34183,18994298.00
34184,10857460.00
34185,22653580.00
34186,14398828.00
34187,15342340.00
34188,50511952.00
34189,47816720.00
34190,20767400.00
34191,27256040.00
34192,17597022.00
34193,10309880.00
34194,12727084.00
34195,8694982.00
34196,8496457.00
34197,8363517.50
34198,22216820.00
34199,15319233.00
34200,12070033.00
34201,20738960.00
34202,18379568.00
34203,15819610.00
34204,20047578.00
34205,14243148.00
34206,16855676.00
34207,9797975.00
34208,18886878.00
34209,11187108.00
34210,19003538.00
34211,8787666.00
34212,37259880.00
34213,23573960.00
34214,22402700.00
34215,27771804.00
34216,9319050.00
34217,8286535.50
34218,7699974.50
34219,13932634.00
34220,7687028.50
34221,40000184.00
34222,10326132.00
34223,12720319.00
34224,10838218.00
34225,26000000.00
34226,58906228.00
34227,17351128.00
34228,11822753.00
34229,11923782.00
34230,10273626.00
34231,26744640.00
34232,11000378.00
34233,15576977.00
34234,11625096.00
34235,17370048.00
34236,17594398.00
34237,12533908.00
34238,9185802.00
34239,32813212.00
34240,10845754.00
34241,85642040.00
34242,42128372.00
34243,17878164.00
34244,11689862.00
34245,8759006.00
34246,15030828.00
34247,23603996.00
34248,15504209.00
34249,10447680.00
34250,23094662.00
34251,17877100.00
34252,32490502.00
34253,26184798.00
34254,12723329.00
34255,7691463.50
34256,8577636.00
34257,40823752.00
34258,8382160.00
34259,8054914.00
34260,10404582.00
34261,21432048.00
34262,12009060.00
34263,15711078.00
34264,15174842.00
34265,14183604.00
34266,22603846.00
34267,19385384.00
34268,26313436.00
34269,17178348.00
34270,6896454.00
34271,16578109.00
34272,18917020.00
34273,10759374.00
34274,11940849.00
34275,28809676.00
34276,45801056.00
34277,22165978.00
34278,20766570.00
34279,12156142.00
34280,18646890.00
34281,22504088.00
34282,11894600.00
34283,4953213.00
34284,20452340.00
34285,31448720.00
34286,12419587.00
34287,25123576.00
34288,9893682.00
34289,6620990.00
34290,13849356.00
34291,7935430.00
34292,12834154.00
34293,9649988.00
34294,19377762.00
34295,14484913.00
34296,19489300.00
34297,9043361.00
34298,10221912.00
34299,12308605.00
34300,83086592.00
34301,19928196.00
34302,13015199.00
34303,5036474.00
34304,13096358.00
34305,14820685.00
34306,12543206.00
34307,33425762.00
34308,18006064.00
34309,9849437.00
34310,9399596.00
34311,12554246.00
34312,5575384.50
34313,18817438.00
34314,22205020.00
34315,11017862.00
34316,21009302.00
34317,16982610.00
34318,10485162.00
34319,11501708.00
34320,92843840.00
34321,20670324.00
34322,22825874.00
34323,15533064.00
34324,23983646.00
34325,13072186.00
34326,8508930.00
34327,19186706.00
34328,10825956.00
34329,12935661.00
34330,31155718.00
34331,13233612.00
34332,16037925.00
34333,12528837.00
34334,16767468.00
34335,8233897.00
34336,10823517.00
34337,21641580.00
34338,16395900.00
34339,8287982.50
34340,28305960.00
34341,16849350.00
34342,13570163.00
34343,10035231.00
34344,31726488.00
34345,20905748.00
34346,36482116.00
34347,31086242.00
34348,16561516.00
34349,15963798.00
34350,11925901.00
34351,19952068.00
34352,20379618.00
34353,4722469.00
34354,17244668.00
34355,11815753.00
34356,27206966.00
34357,20656598.00
34358,26227868.00
34359,29651664.00
34360,7277113.50
34361,14772541.00
34362,14293757.00
34363,6075166.50
34364,7031449.00
34365,17598524.00
34366,20607694.00
34367,10686117.00
34368,13211421.00
34369,10320970.00
34370,11468462.00
34371,18582208.00
34372,31310656.00
34373,22112054.00
34374,3454854.00
34375,15249964.00
34376,26052070.00
34377,13236282.00
34378,21878092.00
34379,9220073.00
34380,10365518.00
34381,7268012.00
34382,17342900.00
34383,12120829.00
34384,16579020.00
34385,7971917.50
34386,8107114.00
34387,29498104.00
34388,18919888.00
34389,24891820.00
34390,18556256.00
34391,10879690.00
34392,11692410.00
34393,5856219.00
34394,16187963.00
34395,22889928.00
34396,20221534.00
34397,9163663.00
34398,27311202.00
34399,15272864.00
34400,14433928.00
34401,31866892.00
34402,6662225.50
34403,7871998.50
34404,16552753.00
34405,16412195.00
34406,10801341.00
34407,12327418.00
34408,7286779.00
34409,16653740.00
34410,21449370.00
34411,15898138.00
34412,10370229.00
34413,13835483.00
34414,30236328.00
34415,22415610.00
34416,23523016.00
34417,14117188.00
34418,15305366.00
34419,15156813.00
34420,8479474.00
34421,17294744.00
34422,27951724.00
34423,22084050.00
34424,33469340.00
34425,13775930.00
34426,11744611.00
34427,17277738.00
34428,60162804.00
34429,18553186.00
34430,15573268.00
34431,24057920.00
34432,15734010.00
34433,17779608.00
34434,95975392.00
34435,9425658.00
34436,11528630.00
34437,27533860.00
34438,8792454.00
34439,38668424.00
34440,10225944.00
34441,24574872.00
34442,14678665.00
34443,5631493.00
34444,6688018.50
34445,16879006.00
34446,102121104.00
34447,8752728.00
34448,13721212.00
34449,8853970.00
34450,10524365.00
34451,14436603.00
34452,17696592.00
34453,12245187.00
34454,42875876.00
34455,15787657.00
34456,15729912.00
34457,10098281.00
34458,6648953.00
34459,9354340.00
34460,12287683.00
34461,10344981.00
34462,21992290.00
34463,7483498.00
34464,10379954.00
34465,10624796.00
34466,9495916.00
34467,21068780.00
34468,11339520.00
34469,19022476.00
34470,40726004.00
34471,8197407.50
34472,4568049.00
34473,28015460.00
34474,16669888.00
34475,35987672.00
34476,13158871.00
34477,12614040.00
34478,10483830.00
34479,9543034.00
34480,4835064.00
34481,13726193.00
34482,8568764.00
34483,22496568.00
34484,24787640.00
34485,31861108.00
34486,9936616.00
34487,10430964.00
34488,14606813.00
34489,39592780.00
34490,10089334.00
34491,8751262.00
34492,17182860.00
34493,35754780.00
34494,12525437.00
34495,11472038.00
34496,28313410.00
34497,33299988.00
34498,21101814.00
34499,15150748.00
34500,9260757.00
34501,11294662.00
34502,14283468.00
34503,19714408.00
34504,25207128.00
34505,22935716.00
34506,16406333.00
34507,28085724.00
34508,23678648.00
34509,29846536.00
34510,19573846.00
34511,7817334.00
34512,38535856.00
34513,23191948.00
34514,12785376.00
34515,40273804.00
34516,34489076.00
34517,10441701.00
34518,11318225.00
34519,19954938.00
34520,25691444.00
34521,28113876.00
34522,48001640.00
34523,7935550.50
34524,21830534.00
34525,11526321.00
34526,19258016.00
34527,9949278.00
34528,19668556.00
34529,28433976.00
34530,9058626.00
34531,17119196.00
34532,16363860.00
34533,15538551.00
34534,12406095.00
34535,36984052.00
34536,32564568.00
34537,11619636.00
34538,9492278.00
34539,8989492.00
34540,14337094.00
34541,24154210.00
34542,14923804.00
34543,9273498.00
34544,21509794.00
34545,5642722.00
34546,12749001.00
34547,14168646.00
34548,7415680.00
34549,13614147.00
34550,13218070.00
34551,26759320.00
34552,17092892.00
34553,40030212.00
34554,24433360.00
34555,7360896.00
34556,18204326.00
34557,18891842.00
34558,16057583.00
34559,20001416.00
34560,17783746.00
34561,9700862.00
34562,47978076.00
34563,29534970.00
34564,9688818.00
34565,5520046.50
34566,5334619.00
34567,19201284.00
34568,11174755.00
34569,41453976.00
34570,14400568.00
34571,6896126.00
34572,30901928.00
34573,5570102.00
34574,11696394.00
34575,9093068.00
34576,22534638.00
34577,11920806.00
34578,11465107.00
34579,19982224.00
34580,15224246.00
34581,14238244.00
34582,10747546.00
34583,16396209.00
34584,10823517.00
34585,60294252.00
34586,19178756.00
34587,9898636.00
34588,20922586.00
34589,46207784.00
34590,20769812.00
34591,10027506.00
34592,22700508.00
34593,19520102.00
34594,17611754.00
34595,27605668.00
34596,17005336.00
34597,8884208.00
34598,9925473.00
34599,11480151.00
34600,20624372.00
34601,8666728.00
34602,6430334.00
34603,8371943.00
34604,29041030.00
34605,14507796.00
34606,15446670.00
34607,9143076.00
34608,7101733.00
34609,16038534.00
34610,12409084.00
34611,40294456.00
34612,30790984.00
34613,7406951.50
34614,11035150.00
34615,23060998.00
34616,13698244.00
34617,10141416.00
34618,13871741.00
34619,17084462.00
34620,15465966.00
34621,8787114.00
34622,22377364.00
34623,19070704.00
34624,19714626.00
34625,19289260.00
34626,10495924.00
34627,27331128.00
34628,72303744.00
34629,4225941.00
34630,12989583.00
34631,10897009.00
34632,24376586.00
34633,20407242.00
34634,13698557.00
34635,14175462.00
34636,10780924.00
34637,17194360.00
34638,11979976.00
34639,7831038.00
34640,9357646.00
34641,11886778.00
34642,16249898.00
34643,18024174.00
34644,11973076.00
34645,23964200.00
34646,7424573.00
34647,15290767.00
34648,14712282.00
34649,28203992.00
34650,9262771.00
34651,18965816.00
34652,29484672.00
34653,10219348.00
34654,12718593.00
34655,21973348.00
34656,11081050.00
34657,28838900.00
34658,20033596.00
34659,13865970.00
34660,19691310.00
34661,8977771.00
34662,33662960.00
34663,27577948.00
34664,14870053.00
34665,12118813.00
34666,9706472.00
34667,13281119.00
34668,25288108.00
34669,5946593.50
34670,9389236.00
34671,30979728.00
34672,13044828.00
34673,11902464.00
34674,18839018.00
34675,8508147.00
34676,22630814.00
34677,10133070.00
34678,21795290.00
34679,14439954.00
34680,9778920.00
34681,8333245.50
34682,29442992.00
34683,17161610.00
34684,19465588.00
34685,10757806.00
34686,17057898.00
34687,34869612.00
34688,6377010.00
34689,43658576.00
34690,12776178.00
34691,9889644.00
34692,16264534.00
34693,16491169.00
34694,32304788.00
34695,14819288.00
34696,11717962.00
34697,8885483.00
34698,11188836.00
34699,13238939.00
34700,12915133.00
34701,29750092.00
34702,7348039.50
34703,22961908.00
34704,18510066.00
34705,16759296.00
34706,17009192.00
34707,22001856.00
34708,21555212.00
34709,12639572.00
34710,25772724.00
34711,42861944.00
34712,17325130.00
34713,12857550.00
34714,16299654.00
34715,9397332.00
34716,11180334.00
34717,16654234.00
34718,9479149.00
34719,12489019.00
34720,17586376.00
34721,62936460.00
34722,15123594.00
34723,11723245.00
34724,21206358.00
34725,20213554.00
34726,10753091.00
34727,34205204.00
34728,7063150.50
34729,5051060.00
34730,25858072.00
34731,6510318.00
34732,13282586.00
34733,27890042.00
34734,18073146.00
34735,32033250.00
34736,17630364.00
34737,10484333.00
34738,9896850.00
34739,16804922.00
34740,12406502.00
34741,11405313.00
34742,21136090.00
34743,14580372.00
34744,10438266.00
34745,22612672.00
34746,16896148.00
34747,16586947.00
34748,10235440.00
34749,17543684.00
34750,19857860.00
34751,26442932.00
34752,14430778.00
34753,16654758.00
34754,17334846.00
34755,38796688.00
34756,23912268.00
34757,12481457.00
34758,8932390.00
34759,18032392.00
34760,16964074.00
34761,19873680.00
34762,39704240.00
34763,13647085.00
34764,12136666.00
34765,8973068.00
34766,10289692.00
34767,9755668.00
34768,18213018.00
34769,23387484.00
34770,27355628.00
34771,38690300.00
34772,24347272.00
34773,8357115.00
34774,11824864.00
34775,13029094.00
34776,27269668.00
34777,18995146.00
34778,5354827.00
34779,26076880.00
34780,40459308.00
34781,5665102.00
34782,39783432.00
34783,13718305.00
34784,18614584.00
34785,32612724.00
34786,11298088.00
34787,19676096.00
34788,26366792.00
34789,14578307.00
34790,14790981.00
34791,37690328.00
34792,32710714.00
34793,36534124.00
34794,31876140.00
34795,8904460.00
34796,12696806.00
34797,11848872.00
34798,21278044.00
34799,7566430.50
34800,39312872.00
34801,34181072.00
34802,14178353.00
34803,22888996.00
34804,5877193.00
34805,8615086.00
34806,48845172.00
34807,15478022.00
34808,6815339.00
34809,22527536.00
34810,11195748.00
34811,30411510.00
34812,11670985.00
34813,31709148.00
34814,17728360.00
34815,18578920.00
34816,25647844.00
34817,8038080.00
34818,16257234.00
34819,13101676.00
34820,10275928.00
34821,42794392.00
34822,9272755.00
34823,21525322.00
34824,36025260.00
34825,25073756.00
34826,16014516.00
34827,21309884.00
34828,17163174.00
34829,14885025.00
34830,15206900.00
34831,19678034.00
34832,10657990.00
34833,13782226.00
34834,22904612.00
34835,29025042.00
34836,11977775.00
34837,10531127.00
34838,10410175.00
34839,12427116.00
34840,16630451.00
34841,23575064.00
34842,13212611.00
34843,8363702.00
34844,29593058.00
34845,11851718.00
34846,7434622.50
34847,39182068.00
34848,19478508.00
34849,20672810.00
34850,33262180.00
34851,10501644.00
34852,10756730.00
34853,10341776.00
34854,50178892.00
34855,29083860.00
34856,17335022.00
34857,31524154.00
34858,16000093.00
34859,34303288.00
34860,28409466.00
34861,38657868.00
34862,11028320.00
34863,17858810.00
34864,16672902.00
34865,21512024.00
34866,17861726.00
34867,16716488.00
34868,13357764.00
34869,6686462.50
34870,10608328.00
34871,9261694.00
34872,34813412.00
34873,5384791.00
34874,11976328.00
34875,28790568.00
34876,9168716.00
34877,7537974.00
34878,13241172.00
34879,7833340.00
34880,30566832.00
34881,11190596.00
34882,11389169.00
34883,20409808.00
34884,8804072.00
34885,28738772.00
34886,16960394.00
34887,13484726.00
34888,12391793.00
34889,9840279.00
34890,22889908.00
34891,21850808.00
34892,14185398.00
34893,25295066.00
34894,10202936.00
34895,15274988.00
34896,11230784.00
34897,28759852.00
34898,62248664.00
34899,56649108.00
34900,19352288.00
34901,19928520.00
34902,8146095.50
34903,4523159.00
34904,11797740.00
34905,18382276.00
34906,13490080.00
34907,10792832.00
34908,23715528.00
34909,15937458.00
34910,11900460.00
34911,34608400.00
34912,19644390.00
34913,12184584.00
34914,8979415.00
34915,12605037.00
34916,20962068.00
34917,8976502.00
34918,26338380.00
34919,11477944.00
34920,34559904.00
34921,19617104.00
34922,19607522.00
34923,13515722.00
34924,32074328.00
34925,6024651.00
34926,8273784.50
34927,38896292.00
34928,18439746.00
34929,14624634.00
34930,39638500.00
34931,16402474.00
34932,13644189.00
34933,39080416.00
34934,25932528.00
34935,15298629.00
34936,18621076.00
34937,28537508.00
34938,4754628.00
34939,11000205.00
34940,20131238.00
34941,36766532.00
34942,9782368.00
34943,27958960.00
34944,18287408.00
34945,12381699.00
34946,17084314.00
34947,9416224.00
34948,28916560.00
34949,8591462.00
34950,29425368.00
34951,12604660.00
34952,12461213.00
34953,41714424.00
34954,18249408.00
34955,15241565.00
34956,39617256.00
34957,17775438.00
34958,13252338.00
34959,15567259.00
34960,12154659.00
34961,24171194.00
34962,15156740.00
34963,7830951.50
34964,20032014.00
34965,10864686.00
34966,18258084.00
34967,13168332.00
34968,20543790.00
34969,9191139.00
34970,9439960.00
34971,12689247.00
34972,35476444.00
34973,19810412.00
34974,8294297.50
34975,18129210.00
34976,13267537.00
34977,10301026.00
34978,30506170.00
34979,26631764.00
34980,18056680.00
34981,14190621.00
34982,8574698.00
34983,16989152.00
34984,20519140.00
34985,21186222.00
34986,34200580.00
34987,13774954.00
34988,11146988.00
34989,14160073.00
34990,26474102.00
34991,6896332.00
34992,8914793.00
34993,7275326.50
34994,22811376.00
34995,13791196.00
34996,43779640.00
34997,7386093.00
34998,17820056.00
34999,14820831.00
35000,24211892.00
35001,23968506.00
35002,12308983.00
35003,9398546.00
35004,17365782.00
35005,38796688.00
35006,40271928.00
35007,23079544.00
35008,19706164.00
35009,9938950.00
35010,24356864.00
35011,16991916.00
35012,33318864.00
35013,15014733.00
35014,11447726.00
35015,29370460.00
35016,10758680.00
35017,13263892.00
35018,12067672.00
35019,12001635.00
35020,10352969.00
35021,34723720.00
35022,29940112.00
35023,32795404.00
35024,8905370.00
35025,14408975.00
35026,52182084.00
35027,11568166.00
35028,21496350.00
35029,12906476.00
35030,9424878.00
35031,27905744.00
35032,15351718.00
35033,14412275.00
35034,19964578.00
35035,9043601.00
35036,17301586.00
35037,34207264.00
35038,24317624.00
35039,17320710.00
35040,12474414.00
35041,10461332.00
35042,16907480.00
35043,11050222.00
35044,37215936.00
35045,16379607.00
35046,12080483.00
35047,27640344.00
35048,10701740.00
35049,57727464.00
35050,14480119.00
35051,108826704.00
35052,13870282.00
35053,8772288.00
35054,18091124.00
35055,6024677.00
35056,10701905.00
35057,21032086.00
35058,23961216.00
35059,32525468.00
35060,16914966.00
35061,20602134.00
35062,48171340.00
35063,8306033.50
35064,12616067.00
35065,8787832.00
35066,24204874.00
35067,22700388.00
35068,25027944.00
35069,10932709.00
35070,14068223.00
35071,14362678.00
35072,11481452.00
35073,17358780.00
35074,26050334.00
35075,14685590.00
35076,11379529.00
35077,14341404.00
35078,20599500.00
35079,21475240.00
35080,10990577.00
35081,6414048.00
35082,19031238.00
35083,10866673.00
35084,10484333.00
35085,38632336.00
35086,8374562.00
35087,20808860.00
35088,24117602.00
35089,106449824.00
35090,11700056.00
35091,9567622.00
35092,20304430.00
35093,40874772.00
35094,22825874.00
35095,13158342.00
35096,9274394.00
35097,37850140.00
35098,52967120.00
35099,11960562.00
35100,24873856.00
35101,24451298.00
35102,10630380.00
35103,28090822.00
35104,97851688.00
35105,13676355.00
35106,12886593.00
35107,13963404.00
35108,29915856.00
35109,13447756.00
35110,12467777.00
35111,19378330.00
35112,22796632.00
35113,31240648.00
35114,20214462.00
35115,19071832.00
35116,13048084.00
35117,12752186.00
35118,8965666.00
35119,13891331.00
35120,10426180.00
35121,28419664.00
35122,22052816.00
35123,35374308.00
35124,25044910.00
35125,10844274.00
35126,20432818.00
35127,13701819.00
35128,9744814.00
35129,16043547.00
35130,14341559.00
35131,20084584.00
35132,12812538.00
35133,9980806.00
35134,12094484.00
35135,16550344.00
35136,16458438.00
35137,8654110.00
35138,19258450.00
35139,34539696.00
35140,20977270.00
35141,14156573.00
35142,11022179.00
35143,11325052.00
35144,7607350.00
35145,21806220.00
35146,17695216.00
35147,16639995.00
35148,10437667.00
35149,13171197.00
35150,57289100.00
35151,9478636.00
35152,24112428.00
35153,14362678.00
35154,10827072.00
35155,11124060.00
35156,21225600.00
35157,13806068.00
35158,10843282.00
35159,6286979.00
35160,9158026.00
35161,37688884.00
35162,11858563.00
35163,8092569.00
35164,29256908.00
35165,11944869.00
35166,8448460.00
35167,11165604.00
35168,13564497.00
35169,15601684.00
35170,5375745.50
35171,8554860.00
35172,16893426.00
35173,8331887.50
35174,7949294.50
35175,39464248.00
35176,24788300.00
35177,13898156.00
35178,10128588.00
35179,19247004.00
35180,17102566.00
35181,14452024.00
35182,20855960.00
35183,24763802.00
35184,24361508.00
35185,17001324.00
35186,19870834.00
35187,10491040.00
35188,6521198.50
35189,15996668.00
35190,43243628.00
35191,14746068.00
35192,20155738.00
35193,43316456.00
35194,16653745.00
35195,19536838.00
35196,10389151.00
35197,15088645.00
35198,38615396.00
35199,34226236.00
35200,18752516.00
35201,6675609.00
35202,11933526.00
35203,11722755.00
35204,9422686.00
35205,13386377.00
35206,20916296.00
35207,11996800.00
35208,13886807.00
35209,9748808.00
35210,15490860.00
35211,32894440.00
35212,12922752.00
35213,27406592.00
35214,18001068.00
35215,25816024.00
35216,8442352.00
35217,12779562.00
35218,13195981.00
35219,22886004.00
35220,7783171.00
35221,14251846.00
35222,12039529.00
35223,14020259.00
35224,2989037.00
35225,13863188.00
35226,7869853.50
35227,17617206.00
35228,7640747.50
35229,6593242.00
35230,31509324.00
35231,28524696.00
35232,9277492.00
35233,18036782.00
35234,28708076.00
35235,30469968.00
35236,12966913.00
35237,5597045.00
35238,9877308.00
35239,13232500.00
35240,7532045.50
35241,14666679.00
35242,40560156.00
35243,18773304.00
35244,14665910.00
35245,10600323.00
35246,21870516.00
35247,13549085.00
35248,7201234.50
35249,27916596.00
35250,14936329.00
35251,22812132.00
35252,11682844.00
35253,18110858.00
35254,11824543.00
35255,8296905.50
35256,16685635.00
35257,8771263.00
35258,46823316.00
35259,15666307.00
35260,16571589.00
35261,26269050.00
35262,10789842.00
35263,22347560.00
35264,9177440.00
35265,17198862.00
35266,5404006.00
35267,30186056.00
35268,26507940.00
35269,22197414.00
35270,15646301.00
35271,15094533.00
35272,9561432.00
35273,8343756.00
35274,26033908.00
35275,8516680.00
35276,19723364.00
35277,17837740.00
35278,11824733.00
35279,8511018.00
35280,8606707.00
35281,49515880.00
35282,10100026.00
35283,24339684.00
35284,15186260.00
35285,14896403.00
35286,12714956.00
35287,36665960.00
35288,19468250.00
35289,16726211.00
35290,21720024.00
35291,13226952.00
35292,12839365.00
35293,27879744.00
35294,5430294.00
35295,7006537.50
35296,11842685.00
35297,7676976.50
35298,21015022.00
35299,10699032.00
35300,12350898.00
35301,8597103.00
35302,8432230.00
35303,32306768.00
35304,20524656.00
35305,15501883.00
35306,14716255.00
35307,18186196.00
35308,19178996.00
35309,27795128.00
35310,26823216.00
35311,24835386.00
35312,13937655.00
35313,25808396.00
35314,17853516.00
35315,22609694.00
35316,21295868.00
35317,23964602.00
35318,6852810.00
35319,15505990.00
35320,12885999.00
35321,16450943.00
35322,7189406.50
35323,25710366.00
35324,8491633.00
35325,12195689.00
35326,32181524.00
35327,31908400.00
35328,17298088.00
35329,10440212.00
35330,12718104.00
35331,21593304.00
35332,31056664.00
35333,30859348.00
35334,45920792.00
35335,13754634.00
35336,8580122.00
35337,18260022.00
35338,33469048.00
35339,21414676.00
35340,111797152.00
35341,13066723.00
35342,12843651.00
35343,12763292.00
35344,10876108.00
35345,9772602.00
35346,15395791.00
35347,15610703.00
35348,7770614.00
35349,44658420.00
35350,19361288.00
35351,31784538.00
35352,12712072.00
35353,8351313.50
35354,5807213.00
35355,18492540.00
35356,11465016.00
35357,8126937.00
35358,23912368.00
35359,10573736.00
35360,21841884.00
35361,29340916.00
35362,5364889.00
35363,47827864.00
35364,5316638.00
35365,36790924.00
35366,2092329.88
35367,10299004.00
35368,34504280.00
35369,6337093.00
35370,6935556.00
35371,11967014.00
35372,21538374.00
35373,36035764.00
35374,13442139.00
35375,9410431.00
35376,8830832.00
35377,29116120.00
35378,23401944.00
35379,18668308.00
35380,23035600.00
35381,17667084.00
35382,17167360.00
35383,12476585.00
35384,13458086.00
35385,17197806.00
35386,39083876.00
35387,9474637.00
35388,15343661.00
35389,29264232.00
35390,4710400.00
35391,11657326.00
35392,21998946.00
35393,10801341.00
35394,16458374.00
35395,5071937.00
35396,15590136.00
35397,4347133.00
35398,6447159.00
35399,16003053.00
35400,19886846.00
35401,13529768.00
35402,18560346.00
35403,13695846.00
35404,9911006.00
35405,17936542.00
35406,11534456.00
35407,56327968.00
35408,15588571.00
35409,38719928.00
35410,12105848.00
35411,17333768.00
35412,88896288.00
35413,9320905.00
35414,6973960.50
35415,12103933.00
35416,6982626.50
35417,18886190.00
35418,15923379.00
35419,11494362.00
35420,25198964.00
35421,18681908.00
35422,8320296.50
35423,11812238.00
35424,15546976.00
35425,33457048.00
35426,13012527.00
35427,15419907.00
35428,11989676.00
35429,9928033.00
35430,16069490.00
35431,35916592.00
35432,27676824.00
35433,21180700.00
35434,6719939.00
35435,18830244.00
35436,50970664.00
35437,10519420.00
35438,23829292.00
35439,21643560.00
35440,18148310.00
35441,21824796.00
35442,5264612.00
35443,38960160.00
35444,21133412.00
35445,8559056.00
35446,12998342.00
35447,52900832.00
35448,5504864.00
35449,9305768.00
35450,6284038.00
35451,10663946.00
35452,21754392.00
35453,13555380.00
35454,10407774.00
35455,16964074.00
35456,17789152.00
35457,10068216.00
35458,13729944.00
35459,30008732.00
35460,17988068.00
35461,14241535.00
35462,12041596.00
35463,9763756.00
35464,9152019.00
35465,4971865.00
35466,18482206.00
35467,20195618.00
35468,17125174.00
35469,7403096.50
35470,27493996.00
35471,69550520.00
35472,28640248.00
35473,8790318.00
35474,13227890.00
35475,19502614.00
35476,17732930.00
35477,14544975.00
35478,23757808.00
35479,7179860.00
35480,17081974.00
35481,41843944.00
35482,14560742.00
35483,27442370.00
35484,9813512.00
35485,13753108.00
35486,18914776.00
35487,9554590.00
35488,12006979.00
35489,14597714.00
35490,15870395.00
35491,11387668.00
35492,6634840.50
35493,24142406.00
35494,14841427.00
35495,6009278.00
35496,4819470.00
35497,12742072.00
35498,12763282.00
35499,48432884.00
35500,14547406.00
35501,16127933.00
35502,48257812.00
35503,20853204.00
35504,10837660.00
35505,9851272.00
35506,81236168.00
35507,21392792.00
35508,17671932.00
35509,10465436.00
35510,11413740.00
35511,8287219.00
35512,21632948.00
35513,9010575.00
35514,15000763.00
35515,9772082.00
35516,19826456.00
35517,20071286.00
35518,23861056.00
35519,9343533.00
35520,16223476.00
35521,13830307.00
35522,18123144.00
35523,15412591.00
35524,25928140.00
35525,9312686.00
35526,19040094.00
35527,6087737.00
35528,14923101.00
35529,14550572.00
35530,32239744.00
35531,22837882.00
35532,7745478.00
35533,15469676.00
35534,14649394.00
35535,18131906.00
35536,13566237.00
35537,20125260.00
35538,9622718.00
35539,13968195.00
35540,11887223.00
35541,19006676.00
35542,40214264.00
35543,39861000.00
35544,20242360.00
35545,11500291.00
35546,24580616.00
35547,18765908.00
35548,14798516.00
35549,14933202.00
35550,13964687.00
35551,29680692.00
35552,16092500.00
35553,19951644.00
35554,11691996.00
35555,15280476.00
35556,26368988.00
35557,18781350.00
35558,14844600.00
35559,10201660.00
35560,12768163.00
35561,9261747.00
35562,12221228.00
35563,38450468.00
35564,20883544.00
35565,12254570.00
35566,10229665.00
35567,36682644.00
35568,22189982.00
35569,13893443.00
35570,5364056.00
35571,27650996.00
35572,8251008.50
35573,23454936.00
35574,25973532.00
35575,7857606.50
35576,21785364.00
35577,14499247.00
35578,7122637.50
35579,22717246.00
35580,20390234.00
35581,13817597.00
35582,9646624.00
35583,12553990.00
35584,12604726.00
35585,10002262.00
35586,9379057.00
35587,15127802.00
35588,17623054.00
35589,16141958.00
35590,16805770.00
35591,10154150.00
35592,19011810.00
35593,21883874.00
35594,12329692.00
35595,24322246.00
35596,16001126.00
35597,17587336.00
35598,15585219.00
35599,35901644.00
35600,22436336.00
35601,9246212.00
35602,6339403.00
35603,10463656.00
35604,6297701.00
35605,8910477.00
35606,11266414.00
35607,14114116.00
35608,9747707.00
35609,16370982.00
35610,15773018.00
35611,15651345.00
35612,10742648.00
35613,11168708.00
35614,50048108.00
35615,11973990.00
35616,11091473.00
35617,54072012.00
35618,15870068.00
35619,50868348.00
35620,1920177.88
35621,11030180.00
35622,13410751.00
35623,13510670.00
35624,28310882.00
35625,6756055.50
35626,10530288.00
35627,17522080.00
35628,31545844.00
35629,29915984.00
35630,30258104.00
35631,13178705.00
35632,22196788.00
35633,8768660.00
35634,13191619.00
35635,11611021.00
35636,18135682.00
35637,34599512.00
35638,7122637.50
35639,5998217.00
35640,9485566.00
35641,16220008.00
35642,24043422.00
35643,18611568.00
35644,42218776.00
35645,16746481.00
35646,21813940.00
35647,10779770.00
35648,45147940.00
35649,14238890.00
35650,31044806.00
35651,9567907.00
35652,13594990.00
35653,21969764.00
35654,11168337.00
35655,13629210.00
35656,11359114.00
35657,70266992.00
35658,22156744.00
35659,83728432.00
35660,17108182.00
35661,18517410.00
35662,8531578.00
35663,14065514.00
35664,30538712.00
35665,22558984.00
35666,32189796.00
35667,7933446.00
35668,10492537.00
35669,17082244.00
35670,13828820.00
35671,22916856.00
35672,17582438.00
35673,12078324.00
35674,19838774.00
35675,11707532.00
35676,33303778.00
35677,8479328.00
35678,10051365.00
35679,11701701.00
35680,23851152.00
35681,10286268.00
35682,4970473.00
35683,15449798.00
35684,26386854.00
35685,38630576.00
35686,28663080.00
35687,21251212.00
35688,24874508.00
35689,18982828.00
35690,4809680.00
35691,6680718.00
35692,19443352.00
35693,6173886.00
35694,8711805.00
35695,12916589.00
35696,16277613.00
35697,14240867.00
35698,10716341.00
35699,9156424.00
35700,40761480.00
35701,7348039.50
35702,16202858.00
35703,10827162.00
35704,17099436.00
35705,11826843.00
35706,15151139.00
35707,11789755.00
35708,21212592.00
35709,15478022.00
35710,16805146.00
35711,10166620.00
35712,67211360.00
35713,23031400.00
35714,13551739.00
35715,11474924.00
35716,19285670.00
35717,31577748.00
35718,9385971.00
35719,35663908.00
35720,11886168.00
35721,17169884.00
35722,28245218.00
35723,8476340.00
35724,29373136.00
35725,17317606.00
35726,20325472.00
35727,48543128.00
35728,10985181.00
35729,8636180.00
35730,13318981.00
35731,31671400.00
35732,7719171.00
35733,39993420.00
35734,16157041.00
35735,9988439.00
35736,11212819.00
35737,29556500.00
35738,13368947.00
35739,16370778.00
35740,56355236.00
35741,10519714.00
35742,52918284.00
35743,25906076.00
35744,17161434.00
35745,19543990.00
35746,11497792.00
35747,13376031.00
35748,41160920.00
35749,21928216.00
35750,15514836.00
35751,22650578.00
35752,6732804.00
35753,13196012.00
35754,35220736.00
35755,27918800.00
35756,17352850.00
35757,19029838.00
35758,12972662.00
35759,10301948.00
35760,20403442.00
35761,31046278.00
35762,10130109.00
35763,23179768.00
35764,9197241.00
35765,24282064.00
35766,12667195.00
35767,26852032.00
35768,48699856.00
35769,8952564.00
35770,23181864.00
35771,27680058.00
35772,58097432.00
35773,20132760.00
35774,20370466.00
35775,17694738.00
35776,15226860.00
35777,7619736.50
35778,14152372.00
35779,16063692.00
35780,15915604.00
35781,17446930.00
35782,10008344.00
35783,10904303.00
35784,23200378.00
35785,21545460.00
35786,21278866.00
35787,7879994.00
35788,21764120.00
35789,22391902.00
35790,18374748.00
35791,15726080.00
35792,13656404.00
35793,11088474.00
35794,20844938.00
35795,21788474.00
35796,7169856.00
35797,17869692.00
35798,20030704.00
35799,48581228.00
35800,8672177.00
35801,13107096.00
35802,40207332.00
35803,15621277.00
35804,5966758.00
35805,11059402.00
35806,30719912.00
35807,11525728.00
35808,24353754.00
35809,19140310.00
35810,21799506.00
35811,16725830.00
35812,17122222.00
35813,15623939.00
35814,21625256.00
35815,8957593.00
35816,25430740.00
35817,15038403.00
35818,13874556.00
35819,24375764.00
35820,17322408.00
35821,12919250.00
35822,19547878.00
35823,17150472.00
35824,21219994.00
35825,15005449.00
35826,18209160.00
35827,9957568.00
35828,13790738.00
35829,5116062.00
35830,21545460.00
35831,16105888.00
35832,13794363.00
35833,13841345.00
35834,18310078.00
35835,14145638.00
35836,12525829.00
35837,8366883.00
35838,13324998.00
35839,14255823.00
35840,22294376.00
35841,9129654.00
35842,9228878.00
35843,10345150.00
35844,8047369.50
35845,9199540.00
35846,18801466.00
35847,9102349.00
35848,10776305.00
35849,6180987.00
35850,11690341.00
35851,27070360.00
35852,31572742.00
35853,21524452.00
35854,15518598.00
35855,4575045.00
35856,44310984.00
35857,18454348.00
35858,13097140.00
35859,14372159.00
35860,8715112.00
35861,20342054.00
35862,18775508.00
35863,18975576.00
35864,19920414.00
35865,35132836.00
35866,9439937.00
35867,15014286.00
35868,37596400.00
35869,14916084.00
35870,17169090.00
35871,17337960.00
35872,15533416.00
35873,13905155.00
35874,13891734.00
35875,6609710.00
35876,13677110.00
35877,11147767.00
35878,5202990.00
35879,17092798.00
35880,10641640.00
35881,6955494.00
35882,16511809.00
35883,26930968.00
35884,11276340.00
35885,8787666.00
35886,19913416.00
35887,6819438.00
35888,8517901.00
35889,9914545.00
35890,7320601.50
35891,31146188.00
35892,14567375.00
35893,20793016.00
35894,21816186.00
35895,21812930.00
35896,9861426.00
35897,20422910.00
35898,11078682.00
35899,22049094.00
35900,10957455.00
35901,34295380.00
35902,13741228.00
35903,34277176.00
35904,49803472.00
35905,34909460.00
35906,10540825.00
35907,12468297.00
35908,4771729.00
35909,34874296.00
35910,16846254.00
35911,7429754.00
35912,16287496.00
35913,17949502.00
35914,45131760.00
35915,12027798.00
35916,10027932.00
35917,29386632.00
35918,8082465.50
35919,15838004.00
35920,8472444.00
35921,17813412.00
35922,9934326.00
35923,25538362.00
35924,26862144.00
35925,5512852.00
35926,13070484.00
35927,16251206.00
35928,15101731.00
35929,31014784.00
35930,42026356.00
35931,9616498.00
35932,11333408.00
35933,10018212.00
35934,7484472.50
35935,9416022.00
35936,8952588.00
35937,6740803.00
35938,27043458.00
35939,11544202.00
35940,15740067.00
35941,13317074.00
35942,11648146.00
35943,6595210.00
35944,8924726.00
35945,21008242.00
35946,14202959.00
35947,17911232.00
35948,13653807.00
35949,7345130.00
35950,13104378.00
35951,12303484.00
35952,17191048.00
35953,258277024.00
35954,9182966.00
35955,12777686.00
35956,17664532.00
35957,11855834.00
35958,14445334.00
35959,13392472.00
35960,16346244.00
35961,8672240.00
35962,12602383.00
35963,20180304.00
35964,56388512.00
35965,21933722.00
35966,18389198.00
35967,10603848.00
35968,6772958.50
35969,15491579.00
35970,25420572.00
35971,27762148.00
35972,9701993.00
35973,24963382.00
35974,34583148.00
35975,38984396.00
35976,7598988.00
35977,19328250.00
35978,10931069.00
35979,25349370.00
35980,9516118.00
35981,9041049.00
35982,10572470.00
35983,36358844.00
35984,11607566.00
35985,60187956.00
35986,10365985.00
35987,19451516.00
35988,17548256.00
35989,13605245.00
35990,7748696.50
35991,8815716.00
35992,29080058.00
35993,14641472.00
35994,12779005.00
35995,21177388.00
35996,12541129.00
35997,7068045.00
35998,24169112.00
35999,10543232.00
36000,14265505.00
36001,16838922.00
36002,17250644.00
36003,10524278.00
36004,21052562.00
36005,13933027.00
36006,9163964.00
36007,34634384.00
36008,7297074.00
36009,8711107.00
36010,7314404.00
36011,11971468.00
36012,11223750.00
36013,6726912.50
36014,2621215.00
36015,13330359.00
36016,10517576.00
36017,16546785.00
36018,14117091.00
36019,17601060.00
36020,20620252.00
36021,10103674.00
36022,3057249.00
36023,13878723.00
36024,32216532.00
36025,24331240.00
36026,16254816.00
36027,7596145.50
36028,9857570.00
36029,17360926.00
36030,16349883.00
36031,13871532.00
36032,16780706.00
36033,11299720.00
36034,23186846.00
36035,12593796.00
36036,18059034.00
36037,9968060.00
36038,11869463.00
36039,27585658.00
36040,9880218.00
36041,11469432.00
36042,19767424.00
36043,10886040.00
36044,6919459.00
36045,20241366.00
36046,33318300.00
36047,14858417.00
36048,27884044.00
36049,10870415.00
36050,16734118.00
36051,18252180.00
36052,17346582.00
36053,12141804.00
36054,10595359.00
36055,11258342.00
36056,17392028.00
36057,10173997.00
36058,31134896.00
36059,16496466.00
36060,8501015.00
36061,21036324.00
36062,16363427.00
36063,22085278.00
36064,10222008.00
36065,9296222.00
36066,43317064.00
36067,17624088.00
36068,18780696.00
36069,24381660.00
36070,17961410.00
36071,30935244.00
36072,14742039.00
36073,13374141.00
36074,4801421.00
36075,17787762.00
36076,12545731.00
36077,10877542.00
36078,17235828.00
36079,42490500.00
36080,19465544.00
36081,12051855.00
36082,13099192.00
36083,33260004.00
36084,34751344.00
36085,14169027.00
36086,9605482.00
36087,12685458.00
36088,24170156.00
36089,17025570.00
36090,53875436.00
36091,8787666.00
36092,7109222.00
36093,12927050.00
36094,18736742.00
36095,10395378.00
36096,17075924.00
36097,100288728.00
36098,18534166.00
36099,30904122.00
36100,32125342.00
36101,20241366.00
36102,6715708.00
36103,10822563.00
36104,13306780.00
36105,14904027.00
36106,9671610.00
36107,11659908.00
36108,28894334.00
36109,13420502.00
36110,19160420.00
36111,22786636.00
36112,16014614.00
36113,14243404.00
36114,32204864.00
36115,29731270.00
36116,42739412.00
36117,9260652.00
36118,17437186.00
36119,20544638.00
36120,9422848.00
36121,16620886.00
36122,25699116.00
36123,30222500.00
36124,5928464.00
36125,9148635.00
36126,7950481.50
36127,4205494.00
36128,15639484.00
36129,6207143.00
36130,38376612.00
36131,22017900.00
36132,18335420.00
36133,12332814.00
36134,10034676.00
36135,29776620.00
36136,10852682.00
36137,12921039.00
36138,13098505.00
36139,19253508.00
36140,5360204.00
36141,11574399.00
36142,19953256.00
36143,12312730.00
36144,18946558.00
36145,13384369.00
36146,40941512.00
36147,27481844.00
36148,13425075.00
36149,10749100.00
36150,16936918.00
36151,17970740.00
36152,6452952.50
36153,18364938.00
36154,10018234.00
36155,11515479.00
36156,14228499.00
36157,35246196.00
36158,9075337.00
36159,10073608.00
36160,13953178.00
36161,16200164.00
36162,9559879.00
36163,40684592.00
36164,10894386.00
36165,15051981.00
36166,14285836.00
36167,11525434.00
36168,11325052.00
36169,14654007.00
36170,15304893.00
36171,14979557.00
36172,14826557.00
36173,12455854.00
36174,16399610.00
36175,12541924.00
36176,4552695.00
36177,11458627.00
36178,18306274.00
36179,31635440.00
36180,16729339.00
36181,17448024.00
36182,9455830.00
36183,19934388.00
36184,16285435.00
36185,12551830.00
36186,10554186.00
36187,23320182.00
36188,11521905.00
36189,13080463.00
36190,48302920.00
36191,9500576.00
36192,10837627.00
36193,17240774.00
36194,4539104.00
36195,12546760.00
36196,10398602.00
36197,15692838.00
36198,11089861.00
36199,13501892.00
36200,13643946.00
36201,6838139.00
36202,14671841.00
36203,9977025.00
36204,24798080.00
36205,22053278.00
36206,9463390.00
36207,15909613.00
36208,19657410.00
36209,10935514.00
36210,12736151.00
36211,8983188.00
36212,34385624.00
36213,41020756.00
36214,15345367.00
36215,35165924.00
36216,6884548.50
36217,14400477.00
36218,10264660.00
36219,24994658.00
36220,16321262.00
36221,8974990.00
36222,17242328.00
36223,11046504.00
36224,8594074.00
36225,20308608.00
36226,16053934.00
36227,20085120.00
36228,89009456.00
36229,12900686.00
36230,16645142.00
36231,8412084.00
36232,21902616.00
36233,18167154.00
36234,8202328.50
36235,21268360.00
36236,26626718.00
36237,35757296.00
36238,8781816.00
36239,12121545.00
36240,17009322.00
36241,9013570.00
36242,12493381.00
36243,9563614.00
36244,17803070.00
36245,13566103.00
36246,27282960.00
36247,10958122.00
36248,9148952.00
36249,18956258.00
36250,11594572.00
36251,12407185.00
36252,24553884.00
36253,20961486.00
36254,16739619.00
36255,7913683.00
36256,31072232.00
36257,22035224.00
36258,6468265.00
36259,10755043.00
36260,17489730.00
36261,15752564.00
36262,11413740.00
36263,11991450.00
36264,15068157.00
36265,34014376.00
36266,11499638.00
36267,21177388.00
36268,26893680.00
36269,14557155.00
36270,24689844.00
36271,18765098.00
36272,20853882.00
36273,13606388.00
36274,11189987.00
36275,11731822.00
36276,6681521.50
36277,14562545.00
36278,49948732.00
36279,16113274.00
36280,20826316.00
36281,41865524.00
36282,7715918.50
36283,55794180.00
36284,18403582.00
36285,8464710.00
36286,9494162.00
36287,45300080.00
36288,10401692.00
36289,20157934.00
36290,31235664.00
36291,35664044.00
36292,17087640.00
36293,17934124.00
36294,4153034.00
36295,21915706.00
36296,35172500.00
36297,10623393.00
36298,9985004.00
36299,47586764.00
36300,13657140.00
36301,13182162.00
36302,13989843.00
36303,18504336.00
36304,21326814.00
36305,30707284.00
36306,13465702.00
36307,22847180.00
36308,39440736.00
36309,6582689.50
36310,15197030.00
36311,11843277.00
36312,18706036.00
36313,9813512.00
36314,27418374.00
36315,10152427.00
36316,13832294.00
36317,13036454.00
36318,26372026.00
36319,16258252.00
36320,16085875.00
36321,25290234.00
36322,8648010.00
36323,12858976.00
36324,16369609.00
36325,9481886.00
36326,7273119.50
36327,11832261.00
36328,17687576.00
36329,15415716.00
36330,20482530.00
36331,11683587.00
36332,16351119.00
36333,6979254.50
36334,6662112.50
36335,19765668.00
36336,12280666.00
36337,7240196.50
36338,16329503.00
36339,11886419.00
36340,19279724.00
36341,7148852.00
36342,638515.00
36343,23102714.00
36344,10897768.00
36345,26936186.00
36346,22351336.00
36347,10359956.00
36348,14249793.00
36349,11041507.00
36350,25843032.00
36351,15711547.00
36352,14009597.00
36353,10390376.00
36354,16942914.00
36355,15678607.00
36356,20870238.00
36357,16435162.00
36358,5572436.00
36359,20342572.00
36360,14602875.00
36361,11849585.00
36362,16307665.00
36363,16873392.00
36364,11411185.00
36365,4774891.00
36366,30860188.00
36367,13043238.00
36368,20761258.00
36369,43999348.00
36370,8438302.00
36371,21335646.00
36372,23598746.00
36373,13261178.00
36374,10793966.00
36375,13140406.00
36376,6688018.50
36377,9612816.00
36378,24051028.00
36379,16716488.00
36380,10830767.00
36381,20461646.00
36382,9828322.00
36383,18218218.00
36384,38914416.00
36385,10669734.00
36386,26639802.00
36387,10780924.00
36388,17271622.00
36389,46402224.00
36390,27605356.00
36391,7586686.50
36392,27299574.00
36393,13327837.00
36394,12183080.00
36395,22815728.00
36396,10995738.00
36397,8392732.00
36398,35241244.00
36399,16600710.00
36400,12090179.00
36401,13769356.00
36402,17868610.00
36403,10525208.00
36404,25744896.00
36405,21320072.00
36406,10993679.00
36407,13135985.00
36408,15851592.00
36409,10330957.00
36410,23933456.00
36411,7665651.00
36412,7649525.00
36413,11225491.00
36414,19693510.00
36415,31722782.00
36416,11615532.00
36417,9977173.00
36418,5942567.00
36419,50726192.00
36420,9269341.00
36421,24438836.00
36422,15247238.00
36423,15573268.00
36424,34471812.00
36425,13654326.00
36426,13637123.00
36427,13459135.00
36428,27151482.00
36429,19233340.00
36430,21257420.00
36431,11239700.00
36432,14810121.00
36433,24471920.00
36434,8743225.00
36435,12579121.00
36436,27527944.00
36437,12350705.00
36438,11311516.00
36439,20889140.00
36440,5970535.50
36441,10996573.00
36442,18070796.00
36443,5909778.00
36444,15602189.00
36445,9366330.00
36446,13171532.00
36447,11889190.00
36448,10575356.00
36449,15573268.00
36450,13791546.00
36451,19354186.00
36452,13961352.00
36453,6689582.50
36454,26199608.00
36455,9903146.00
36456,35110596.00
36457,11154749.00
36458,16275914.00
36459,11190596.00
36460,27643100.00
36461,14033864.00
36462,35383620.00
36463,17961798.00
36464,27041216.00
36465,12339133.00
36466,13232041.00
36467,14060938.00
36468,17331976.00
36469,33651624.00
36470,9394016.00
36471,6412650.00
36472,14475515.00
36473,39650548.00
36474,12315831.00
36475,13949430.00
36476,28133456.00
36477,9291097.00
36478,8403378.00
36479,5621466.00
36480,11969868.00
36481,15158947.00
36482,14091629.00
36483,6972847.50
36484,16349606.00
36485,9521996.00
36486,23292486.00
36487,17357998.00
36488,11297664.00
36489,4078045.00
36490,14621300.00
36491,33166016.00
36492,53068816.00
36493,16536116.00
36494,17441596.00
36495,11466578.00
36496,13749928.00
36497,10703029.00
36498,15361356.00
36499,31384706.00
36500,14894899.00
36501,11378619.00
36502,15559416.00
36503,22302502.00
36504,20861670.00
36505,15184434.00
36506,16168433.00
36507,10958780.00
36508,9340802.00
36509,13721631.00
36510,13482794.00
36511,17049902.00
36512,15085312.00
36513,11061238.00
36514,13343718.00
36515,38738600.00
36516,41025676.00
36517,9036276.00
36518,19000828.00
36519,21913018.00
36520,39271272.00
36521,17333768.00
36522,22084050.00
36523,12610843.00
36524,12745105.00
36525,21795056.00
36526,63981336.00
36527,18939704.00
36528,31786716.00
36529,30803400.00
36530,26976222.00
36531,15136124.00
36532,22219686.00
36533,23665910.00
36534,9937935.00
36535,5830994.00
36536,14907761.00
36537,12103203.00
36538,8832798.00
36539,18178976.00
36540,28093232.00
36541,26901534.00
36542,26013154.00
36543,8740568.00
36544,20878658.00
36545,26039372.00
36546,22201874.00
36547,29028880.00
36548,16183648.00
36549,19615804.00
36550,14023988.00
36551,9567136.00
36552,12321521.00
36553,34213748.00
36554,12764644.00
36555,13284639.00
36556,8454416.00
36557,14352413.00
36558,26205624.00
36559,8750808.00
36560,14058217.00
36561,9544398.00
36562,15264658.00
36563,4456482.00
36564,10406790.00
36565,18511444.00
36566,6697063.00
36567,39710136.00
36568,8991380.00
36569,7931634.50
36570,12829249.00
36571,16595991.00
36572,19241638.00
36573,18458496.00
36574,33528290.00
36575,17968430.00
36576,36252396.00
36577,9346834.00
36578,28271032.00
36579,23236614.00
36580,20757752.00
36581,22806090.00
36582,7235725.00
36583,13792918.00
36584,43139572.00
36585,15488788.00
36586,19895420.00
36587,11258012.00
36588,14287162.00
36589,17175502.00
36590,13442077.00
36591,13370188.00
36592,17512824.00
36593,10415311.00
36594,12041596.00
36595,10920904.00
36596,12257260.00
36597,19388348.00
36598,18482684.00
36599,13057964.00
36600,16016660.00
36601,13216509.00
36602,11662415.00
36603,96313024.00
36604,12448293.00
36605,9432735.00
36606,16003156.00
36607,7203351.50
36608,16169371.00
36609,7515812.00
36610,14109609.00
36611,20568992.00
36612,23250668.00
36613,16396698.00
36614,21148164.00
36615,10494194.00
36616,21023388.00
36617,7494416.00
36618,31508678.00
36619,7187261.00
36620,5129266.00
36621,27218914.00
36622,6859923.00
36623,12005005.00
36624,11156236.00
36625,22573154.00
36626,28127796.00
36627,8479328.00
36628,22813456.00
36629,15991116.00
36630,28869194.00
36631,16347291.00
36632,13930986.00
36633,50242376.00
36634,31842776.00
36635,6649302.00
36636,8158054.50
36637,9390898.00
36638,9813512.00
36639,13619978.00
36640,19418364.00
36641,15577204.00
36642,12347543.00
36643,18138146.00
36644,11586710.00
36645,9546856.00
36646,10925775.00
36647,13454134.00
36648,25591918.00
36649,13740291.00
36650,7988439.50
36651,17156834.00
36652,20651588.00
36653,15833996.00
36654,14175462.00
36655,11319361.00
36656,10564461.00
36657,4521420.00
36658,46520412.00
36659,15101885.00
36660,34058164.00
36661,8808972.00
36662,18913672.00
36663,10111340.00
36664,9557137.00
36665,8856368.00
36666,15864780.00
36667,10759950.00
36668,22537296.00
36669,10021880.00
36670,25931746.00
36671,24272940.00
36672,9662360.00
36673,7702055.00
36674,5077970.00
36675,4742687.00
36676,13974260.00
36677,28090246.00
36678,13043872.00
36679,42431116.00
36680,12301846.00
36681,11149700.00
36682,20210498.00
36683,15284660.00
36684,12934397.00
36685,12981318.00
36686,6318545.50
36687,9101732.00
36688,14380733.00
36689,30160826.00
36690,12386508.00
36691,18205820.00
36692,16850486.00
36693,6451405.00
36694,24550352.00
36695,15588644.00
36696,12092931.00
36697,12921475.00
36698,18580642.00
36699,6409838.00
36700,30664168.00
36701,18398624.00
36702,10746944.00
36703,11416690.00
36704,37037464.00
36705,35222688.00
36706,13627579.00
36707,24010376.00
36708,14039677.00
36709,25692518.00
36710,10876090.00
36711,18153292.00
36712,21200872.00
36713,7584834.00
36714,7150267.50
36715,26115276.00
36716,7818818.50
36717,5310113.00
36718,11372401.00
36719,35823624.00
36720,23999258.00
36721,6126840.50
36722,40012236.00
36723,8159325.00
36724,21537590.00
36725,11243273.00
36726,4575045.00
36727,38899980.00
36728,11551889.00
36729,4402290.00
36730,11538450.00
36731,39689896.00
36732,8153596.00
36733,8626774.00
36734,18934194.00
36735,22560336.00
36736,12769395.00
36737,17786196.00
36738,7119977.50
36739,10150256.00
36740,11973827.00
36741,15409236.00
36742,17825692.00
36743,8504158.00
36744,13112682.00
36745,11683520.00
36746,25041378.00
36747,22070656.00
36748,21924214.00
36749,7149222.50
36750,22020140.00
36751,10820210.00
36752,19181924.00
36753,32845904.00
36754,10558519.00
36755,33560080.00
36756,10371058.00
36757,12156146.00
36758,7075712.50
36759,12698132.00
36760,23433478.00
36761,32447006.00
36762,14208316.00
36763,13312357.00
36764,7305112.50
36765,9343434.00
36766,31670180.00
36767,9361980.00
36768,12544659.00
36769,19413294.00
36770,10404382.00
36771,26208936.00
36772,17689484.00
36773,11248285.00
36774,11974612.00
36775,7877458.50
36776,9378488.00
36777,16054627.00
36778,25708556.00
36779,29329144.00
36780,27497688.00
36781,9501002.00
36782,11458939.00
36783,12894607.00
36784,13064733.00
36785,35238448.00
36786,24298980.00
36787,18839410.00
36788,14584124.00
36789,13415766.00
36790,27425004.00
36791,12593539.00
36792,7401110.00
36793,16786000.00
36794,26506042.00
36795,9772620.00
36796,14129516.00
36797,37919076.00
36798,15816874.00
36799,18449442.00
36800,8635696.00
36801,7860371.00
36802,13193503.00
36803,5990695.50
36804,10966705.00
36805,1920177.88
36806,17810898.00
36807,12287398.00
36808,17392466.00
36809,18409586.00
36810,11116324.00
36811,28517236.00
36812,8385381.00
36813,23118928.00
36814,5676005.00
36815,9128712.00
36816,6628668.00
36817,31415956.00
36818,38550524.00
36819,13328549.00
36820,8613564.00
36821,8551706.00
36822,15874545.00
36823,9620445.00
36824,12865818.00
36825,17633018.00
36826,40486504.00
36827,30040940.00
36828,15943904.00
36829,22134056.00
36830,23624104.00
36831,9386006.00
36832,53208320.00
36833,17099670.00
36834,18290216.00
36835,8882994.00
36836,26114978.00
36837,5178802.00
36838,43179952.00
36839,21716716.00
36840,11827996.00
36841,9161655.00
36842,15830022.00
36843,22072202.00
36844,10744390.00
36845,37016776.00
36846,21225436.00
36847,21024024.00
36848,9027708.00
36849,18979508.00
36850,27570452.00
36851,30823732.00
36852,28020324.00
36853,21409998.00
36854,16647574.00
36855,27978158.00
36856,10442398.00
36857,23696842.00
36858,23075888.00
36859,14301135.00
36860,81330760.00
36861,10586468.00
36862,5878022.00
36863,5149723.00
36864,12130858.00
36865,24738996.00
36866,25326952.00
36867,26562304.00
36868,37803240.00
36869,7219455.50
36870,10186948.00
36871,12940634.00
36872,8433800.00
36873,8416609.00
36874,17006012.00
36875,13834566.00
36876,14306939.00
36877,19664648.00
36878,25010106.00
36879,15148494.00
36880,20304364.00
36881,13565635.00
36882,5754889.00
36883,7301110.50
36884,5435294.50
36885,19823372.00
36886,31442340.00
36887,14370892.00
36888,13893388.00
36889,20207620.00
36890,26301288.00
36891,27279898.00
36892,9782924.00
36893,14306913.00
36894,13354988.00
36895,20750776.00
36896,30424542.00
36897,15788940.00
36898,30231756.00
36899,15311597.00
36900,17310172.00
36901,8805075.00
36902,40965356.00
36903,25168122.00
36904,17133042.00
36905,6337945.00
36906,21928990.00
36907,15903409.00
36908,21734522.00
36909,13523526.00
36910,20686388.00
36911,25711772.00
36912,9156943.00
36913,8058484.00
36914,31625800.00
36915,17392006.00
36916,39681408.00
36917,10597760.00
36918,14927281.00
36919,13419772.00
36920,19495250.00
36921,12743645.00
36922,28864932.00
36923,4634999.00
36924,10316101.00
36925,24318418.00
36926,8056759.00
36927,17856402.00
36928,10484124.00
36929,22432006.00
36930,38338568.00
36931,14587720.00
36932,19134166.00
36933,17696296.00
36934,10248270.00
36935,13233146.00
36936,45204540.00
36937,11023060.00
36938,16722394.00
36939,10919050.00
36940,9333414.00
36941,5591866.00
36942,19513580.00
36943,32789278.00
36944,25156144.00
36945,8550154.00
36946,19491688.00
36947,15632649.00
36948,20146944.00
36949,11490417.00
36950,8152109.00
36951,21736856.00
36952,20493840.00
36953,20022358.00
36954,17779126.00
36955,1745581.00
36956,24055336.00
36957,11492122.00
36958,28609672.00
36959,39301076.00
36960,20520484.00
36961,15528474.00
36962,13760369.00
36963,21901156.00
36964,15858132.00
36965,8769476.00
36966,13599041.00
36967,23743290.00
36968,8391126.00
36969,10992696.00
36970,15633939.00
36971,22136972.00
36972,31055132.00
36973,9594942.00
36974,10510048.00
36975,26048180.00
36976,12088678.00
36977,19185458.00
36978,16281821.00
36979,7154523.00
36980,13751734.00
36981,7677462.00
36982,15121245.00
36983,12523276.00
36984,21838170.00
36985,29962576.00
36986,21409768.00
36987,14742790.00
36988,13407171.00
36989,23611194.00
36990,17998342.00
36991,7635015.50
36992,8396259.00
36993,11772831.00
36994,15654423.00
36995,16838014.00
36996,10652070.00
36997,17836578.00
36998,16233687.00
36999,10622309.00
37000,28663080.00
37001,9944262.00
37002,10195572.00
37003,24099628.00
37004,21353816.00
37005,8270054.50
37006,13028236.00
37007,12745466.00
37008,24016524.00
37009,35865700.00
37010,20070980.00
37011,17533652.00
37012,16640790.00
37013,10461332.00
37014,9953163.00
37015,17650484.00
37016,37242772.00
37017,18301300.00
37018,40058024.00
37019,21784072.00
37020,10744070.00
37021,10833809.00
37022,15789774.00
37023,14050431.00
37024,9988390.00
37025,18398216.00
37026,12685158.00
37027,16436745.00
37028,9327355.00
37029,12345594.00
37030,14802609.00
37031,15589533.00
37032,13102900.00
37033,9126755.00
37034,12297795.00
37035,16412841.00
37036,17463062.00
37037,8779186.00
37038,16502298.00
37039,11366804.00
37040,9753391.00
37041,15600941.00
37042,17751936.00
37043,8967184.00
37044,13493612.00
37045,13102461.00
37046,16822530.00
37047,12891471.00
37048,12974822.00
37049,53529276.00
37050,22240586.00
37051,53952944.00
37052,9688320.00
37053,13051361.00
37054,14730252.00
37055,12485192.00
37056,25216548.00
37057,23943656.00
37058,13304191.00
37059,14014307.00
37060,13733631.00
37061,14153078.00
37062,7361069.00
37063,12488385.00
37064,13743002.00
37065,7939340.00
37066,31831924.00
37067,46332788.00
37068,8541046.00
37069,58423600.00
37070,38816320.00
37071,11173588.00
37072,13941421.00
37073,18233938.00
37074,22049128.00
37075,7372670.00
37076,53099832.00
37077,8385488.50
37078,21864988.00
37079,22491416.00
37080,23027316.00
37081,8216893.50
37082,24329246.00
37083,11431044.00
37084,5680050.00
37085,33434904.00
37086,24836368.00
37087,9696246.00
37088,10699661.00
37089,10580008.00
37090,18350234.00
37091,24006224.00
37092,22140720.00
37093,28234388.00
37094,7587874.50
37095,23580678.00
37096,34584564.00
37097,21313672.00
37098,9907490.00
37099,22761972.00
37100,12069882.00
37101,7843085.00
37102,7150226.50
37103,14828855.00
37104,28986298.00
37105,12611090.00
37106,12589908.00
37107,11482737.00
37108,9425514.00
37109,8523985.00
37110,8256359.00
37111,18844090.00
37112,22413876.00
37113,16189463.00
37114,10411262.00
37115,17012536.00
37116,9573428.00
37117,10517264.00
37118,7855133.00
37119,54055620.00
37120,29994924.00
37121,37359596.00
37122,21600000.00
37123,25466024.00
37124,11111014.00
37125,10467348.00
37126,8588015.00
37127,14889855.00
37128,16858080.00
37129,14601766.00
37130,8588820.00
37131,10672302.00
37132,13926236.00
37133,9201156.00
37134,11732294.00
37135,26106572.00
37136,16054985.00
37137,30130598.00
37138,12772020.00
37139,8900043.00
37140,23195240.00
37141,28544812.00
37142,17120626.00
37143,31354212.00
37144,7675657.00
37145,16716029.00
37146,20046688.00
37147,53271096.00
37148,17309070.00
37149,9287948.00
37150,7162406.00
37151,12397490.00
37152,25615800.00
37153,12159391.00
37154,46676944.00
37155,9391674.00
37156,21413896.00
37157,16703898.00
37158,32307782.00
37159,21170150.00
37160,15806513.00
37161,20817816.00
37162,10983116.00
37163,44829680.00
37164,24857356.00
37165,12675250.00
37166,19848408.00
37167,5463718.00
37168,47345616.00
37169,9913773.00
37170,11179139.00
37171,12551496.00
37172,9486359.00
37173,16570627.00
37174,21864248.00
37175,33785172.00
37176,31692852.00
37177,11081861.00
37178,19086510.00
37179,21460128.00
37180,9474448.00
37181,13615671.00
37182,9903592.00
37183,23178772.00
37184,22539672.00
37185,7916491.00
37186,18137666.00
37187,15589489.00
37188,13902124.00
37189,15252308.00
37190,11494051.00
37191,14059727.00
37192,13246556.00
37193,46623280.00
37194,18039616.00
37195,14282712.00
37196,8047643.50
37197,10519975.00
37198,24165276.00
37199,10739700.00
37200,40736196.00
37201,15338214.00
37202,17028740.00
37203,9347439.00
37204,11715534.00
37205,10367962.00
37206,18581782.00
37207,13175341.00
37208,17179428.00
37209,38522880.00
37210,15460113.00
37211,16495594.00
37212,11639323.00
37213,10379984.00
37214,24383792.00
37215,19124696.00
37216,39335204.00
37217,14993307.00
37218,25708278.00
37219,51203788.00
37220,18891986.00
37221,17352520.00
37222,18292992.00
37223,7345130.00
37224,40945476.00
37225,20741092.00
37226,12743286.00
37227,9567912.00
37228,23323244.00
37229,37768160.00
37230,14833507.00
37231,11960402.00
37232,10638848.00
37233,23215482.00
37234,14239818.00
37235,25219800.00
37236,10881053.00
37237,22481886.00
37238,14558144.00
37239,18600144.00
37240,14651590.00
37241,25941218.00
37242,9560276.00
37243,7621092.50
37244,18365108.00
37245,37749428.00
37246,23568244.00
37247,15924332.00
37248,11647156.00
37249,11589457.00
37250,10579898.00
37251,14414051.00
37252,17039532.00
37253,9905392.00
37254,6722715.50
37255,19210150.00
37256,14253795.00
37257,21479990.00
37258,37947316.00
37259,15368142.00
37260,12114502.00
37261,5135737.00
37262,18035332.00
37263,15154226.00
37264,58205328.00
37265,23065722.00
37266,27082340.00
37267,15199131.00
37268,8828918.00
37269,11591377.00
37270,21807244.00
37271,10258826.00
37272,18733228.00
37273,17156836.00
37274,18164368.00
37275,18116708.00
37276,26820926.00
37277,14747547.00
37278,17522396.00
37279,17820056.00
37280,21922240.00
37281,6133377.50
37282,12630812.00
37283,26521246.00
37284,13188270.00
37285,4855746.00
37286,13487133.00
37287,17875200.00
37288,22485982.00
37289,10755606.00
37290,23708516.00
37291,26131354.00
37292,13406441.00
37293,14887226.00
37294,8232760.50
37295,37215060.00
37296,17548420.00
37297,19018108.00
37298,14618636.00
37299,16241115.00
37300,23853434.00
37301,11509390.00
37302,24129704.00
37303,11951290.00
37304,20002368.00
37305,12296142.00
37306,10689296.00
37307,31933272.00
37308,24803036.00
37309,16898480.00
37310,84058192.00
37311,45853136.00
37312,29973382.00
37313,17819796.00
37314,11514056.00
37315,13511284.00
37316,31416944.00
37317,41949868.00
37318,16399334.00
37319,51326708.00
37320,22328280.00
37321,6328414.50
37322,9828480.00
37323,13612879.00
37324,12576754.00
37325,29081466.00
37326,34119552.00
37327,22541726.00
37328,19935092.00
37329,9621517.00
37330,36862104.00
37331,10762929.00
37332,5640138.00
37333,23409590.00
37334,97124136.00
37335,19840440.00
37336,5351162.00
37337,21875608.00
37338,13965859.00
37339,10180381.00
37340,17145474.00
37341,13781757.00
37342,12257263.00
37343,14850093.00
37344,32052836.00
37345,10406422.00
37346,10639456.00
37347,11403764.00
37348,13263892.00
37349,12838333.00
37350,6777136.00
37351,19339662.00
37352,36739832.00
37353,5982633.00
37354,19861192.00
37355,5638141.00
37356,11538202.00
37357,21930828.00
37358,10035231.00
37359,10423451.00
37360,11471118.00
37361,10406820.00
37362,20895276.00
37363,16729690.00
37364,10435011.00
37365,12770028.00
37366,12285783.00
37367,12636472.00
37368,11211196.00
37369,7813190.50
37370,9569537.00
37371,60088656.00
37372,21486224.00
37373,7033527.00
37374,9424025.00
37375,37086004.00
37376,14643281.00
37377,11011411.00
37378,21878982.00
37379,17604434.00
37380,8242210.00
37381,33480880.00
37382,17593864.00
37383,12792000.00
37384,9787414.00
37385,10704144.00
37386,11548385.00
37387,7984097.50
37388,9688818.00
37389,11833796.00
37390,8716110.00
37391,26744640.00
37392,11847415.00
37393,10392190.00
37394,8959325.00
37395,11870843.00
37396,6518757.00
37397,33020016.00
37398,11002122.00
37399,10476387.00
37400,14867593.00
37401,12354450.00
37402,13695378.00
37403,26525652.00
37404,20112606.00
37405,25475640.00
37406,19908710.00
37407,6870380.00
37408,9492278.00
37409,34334560.00
37410,34624588.00
37411,6510702.00
37412,15706868.00
37413,43586420.00
37414,42640276.00
37415,30903288.00
37416,26545222.00
37417,24428038.00
37418,8523111.00
37419,11708032.00
37420,17299914.00
37421,8469554.00
37422,10632797.00
37423,6275154.00
37424,31863906.00
37425,12211698.00
37426,9343077.00
37427,8457010.00
37428,16301706.00
37429,19817312.00
37430,11035343.00
37431,20726256.00
37432,76171920.00
37433,8130366.00
37434,13416237.00
37435,13759361.00
37436,14981624.00
37437,68910200.00
37438,28911464.00
37439,10801341.00
37440,13571348.00
37441,11584773.00
37442,8366883.00
37443,14059411.00
37444,21607334.00
37445,14095716.00
37446,16093452.00
37447,12734360.00
37448,14773112.00
37449,33777960.00
37450,9147204.00
37451,19560496.00
37452,12758047.00
37453,28715008.00
37454,18028034.00
37455,24677086.00
37456,6192926.50
37457,10799433.00
37458,5677854.50
37459,8346910.50
37460,12776858.00
37461,16908932.00
37462,15780452.00
37463,27930312.00
37464,13879002.00
37465,18574666.00
37466,10652992.00
37467,5393754.00
37468,13063731.00
37469,23473990.00
37470,13765420.00
37471,13754365.00
37472,19698680.00
37473,9252762.00
37474,15663523.00
37475,20506126.00
37476,10720131.00
37477,17133170.00
37478,14278136.00
37479,34903076.00
37480,11022779.00
37481,17802046.00
37482,16131496.00
37483,12409763.00
37484,11537217.00
37485,36259540.00
37486,15741217.00
37487,28717978.00
37488,12491919.00
37489,14567675.00
37490,16139048.00
37491,17757022.00
37492,11765187.00
37493,89105712.00
37494,12730881.00
37495,11210801.00
37496,9730780.00
37497,32164904.00
37498,28207884.00
37499,7537163.00
37500,21804236.00
37501,10215412.00
37502,9660859.00
37503,34656588.00
37504,13316768.00
37505,35587596.00
37506,17862492.00
37507,26932240.00
37508,12237539.00
37509,30676108.00
37510,37483108.00
37511,18444288.00
37512,12471613.00
37513,20968368.00
37514,11108489.00
37515,6477523.00
37516,13218066.00
37517,31542054.00
37518,7965660.00
37519,25931000.00
37520,30069548.00
37521,21607256.00
37522,12439452.00
37523,22261890.00
37524,30694988.00
37525,16980806.00
37526,14504948.00
37527,5301922.00
37528,13938202.00
37529,13801756.00
37530,14642541.00
37531,9468194.00
37532,27287268.00
37533,13559338.00
37534,15372326.00
37535,22875152.00
37536,8169913.50
37537,31884776.00
37538,9403670.00
37539,9075337.00
37540,28516516.00
37541,37859804.00
37542,24096436.00
37543,14852184.00
37544,12952163.00
37545,48453388.00
37546,8453456.00
37547,23419244.00
37548,14528794.00
37549,39390792.00
37550,14227300.00
37551,25924166.00
37552,12502243.00
37553,14948431.00
37554,13179692.00
37555,6904766.50
37556,14617204.00
37557,28165068.00
37558,20887442.00
37559,15378991.00
37560,13240823.00
37561,17565454.00
37562,7056366.50
37563,14046568.00
37564,12802363.00
37565,19693644.00
37566,10126170.00
37567,19139922.00
37568,27528680.00
37569,15025521.00
37570,17016246.00
37571,9369094.00
37572,52369536.00
37573,13154266.00
37574,20585316.00
37575,6888750.50
37576,12151105.00
37577,35398336.00
37578,11297495.00
37579,10477206.00
37580,11586070.00
37581,17873808.00
37582,6039197.00
37583,16867816.00
37584,16778820.00
37585,30783882.00
37586,9898082.00
37587,17954116.00
37588,38149092.00
37589,8616926.00
37590,17797030.00
37591,10224310.00
37592,11182010.00
37593,16249898.00
37594,11055602.00
37595,9388299.00
37596,14280265.00
37597,24256228.00
37598,8167214.50
37599,11688472.00
37600,11737372.00
37601,84853936.00
37602,4932184.00
37603,15463837.00
37604,9668422.00
37605,25198856.00
37606,18589960.00
37607,8910477.00
37608,9831360.00
37609,9665584.00
37610,33962592.00
37611,20338120.00
37612,12619606.00
37613,6999866.00
37614,15929783.00
37615,13790738.00
37616,18537262.00
37617,21370406.00
37618,31687896.00
37619,17196592.00
37620,32877524.00
37621,13722237.00
37622,15113522.00
37623,5803241.00
37624,38889992.00
37625,18324212.00
37626,19544630.00
37627,16937126.00
37628,11721349.00
37629,15673233.00
37630,9820160.00
37631,15860093.00
37632,20643826.00
37633,10318672.00
37634,7411437.50
37635,20776368.00
37636,23830910.00
37637,13679567.00
37638,39423016.00
37639,30048912.00
37640,9228395.00
37641,10347306.00
37642,22045630.00
37643,32844090.00
37644,13566103.00
37645,12085674.00
37646,16778820.00
37647,11087462.00
37648,8583424.00
37649,55632144.00
37650,40424804.00
37651,10622318.00
37652,12377234.00
37653,10089594.00
37654,12024975.00
37655,11767514.00
37656,20079368.00
37657,37023848.00
37658,19977536.00
37659,22846416.00
37660,19135586.00
37661,18818620.00
37662,18109578.00
37663,9205182.00
37664,16681613.00
37665,23922810.00
37666,24194944.00
37667,15849385.00
37668,12253176.00
37669,9027178.00
37670,14279649.00
37671,12807465.00
37672,22207056.00
37673,18942558.00
37674,15706868.00
37675,5216803.00
37676,31692852.00
37677,10223030.00
37678,153150288.00
37679,8652559.00
37680,4592925.00
37681,5310113.00
37682,40739056.00
37683,17045582.00
37684,13942678.00
37685,20653070.00
37686,13276133.00
37687,16203470.00
37688,16550282.00
37689,16165417.00
37690,11837199.00
37691,13163900.00
37692,10895567.00
37693,44811724.00
37694,12390232.00
37695,13810534.00
37696,36623004.00
37697,4310284.00
37698,10352954.00
37699,6143326.50
37700,15838612.00
37701,10732676.00
37702,19551628.00
37703,32340172.00
37704,9550978.00
37705,18410050.00
37706,12616061.00
37707,22221896.00
37708,29114536.00
37709,17641502.00
37710,22335476.00
37711,15513286.00
37712,9696020.00
37713,18540914.00
37714,16510342.00
37715,7708382.50
37716,22598498.00
37717,11760639.00
37718,12192646.00
37719,12930580.00
37720,27128586.00
37721,32228968.00
37722,10827272.00
37723,31823202.00
37724,34872456.00
37725,9472943.00
37726,9266696.00
37727,8470218.00
37728,29592600.00
37729,9957094.00
37730,32161364.00
37731,9045452.00
37732,16166319.00
37733,23868116.00
37734,12522956.00
37735,14290648.00
37736,10667222.00
37737,29016308.00
37738,19545324.00
37739,9415624.00
37740,28841374.00
37741,14510484.00
37742,39988356.00
37743,10972809.00
37744,27154746.00
37745,10824216.00
37746,9127462.00
37747,12390351.00
37748,15568481.00
37749,11740303.00
37750,23454256.00
37751,7547574.00
37752,43935944.00
37753,39843832.00
37754,29007170.00
37755,11121258.00
37756,13030779.00
37757,32103000.00
37758,68873352.00
37759,11052300.00
37760,23530536.00
37761,25937928.00
37762,44408336.00
37763,9452912.00
37764,10396552.00
37765,13188154.00
37766,24537260.00
37767,43524668.00
37768,18770136.00
37769,12049974.00
37770,37564380.00
37771,8115585.50
37772,11165681.00
37773,17926144.00
37774,19718218.00
37775,15016868.00
37776,14690621.00
37777,14666790.00
37778,5235090.00
37779,24517292.00
37780,20738960.00
37781,12979414.00
37782,20256570.00
37783,11011411.00
37784,17084688.00
37785,5182192.00
37786,22641432.00
37787,22320264.00
37788,21507212.00
37789,16039566.00
37790,19252454.00
37791,13132748.00
37792,10498816.00
37793,22386216.00
37794,12265478.00
37795,6282125.00
37796,12302636.00
37797,13383951.00
37798,23816884.00
37799,10449628.00
37800,18070796.00
37801,20812848.00
37802,21534888.00
37803,18447512.00
37804,24550028.00
37805,27010694.00
37806,22143376.00
37807,16490991.00
37808,10431406.00
37809,21992250.00
37810,7913683.00
37811,32330360.00
37812,21937648.00
37813,10914652.00
37814,11595043.00
37815,16941224.00
37816,15490988.00
37817,14570016.00
37818,5462663.50
37819,19859888.00
37820,37740620.00
37821,19303814.00
37822,7162109.00
37823,28618668.00
37824,14588556.00
37825,23229972.00
37826,27769466.00
37827,9772636.00
37828,21708656.00
37829,25164244.00
37830,42446016.00
37831,23156858.00
37832,12170770.00
37833,8701141.00
37834,14311971.00
37835,10604690.00
37836,36054780.00
37837,9517044.00
37838,19693750.00
37839,9197902.00
37840,15595487.00
37841,51383308.00
37842,52791412.00
37843,13828820.00
37844,14234093.00
37845,105865296.00
37846,26025698.00
37847,26193054.00
37848,7232896.00
37849,9256251.00
37850,7759752.50
37851,8187894.00
37852,14477670.00
37853,11453636.00
37854,27710760.00
37855,8362790.00
37856,9462595.00
37857,5946850.00
37858,21634990.00
37859,3236957.00
37860,10415311.00
37861,14320193.00
37862,10028090.00
37863,26377652.00
37864,10196228.00
37865,17543548.00
37866,8254379.00
37867,14092748.00
37868,19682482.00
37869,22682072.00
37870,28535576.00
37871,21597258.00
37872,22180352.00
37873,56857740.00
37874,9372093.00
37875,12120572.00
37876,20509360.00
37877,13876780.00
37878,9835176.00
37879,13150570.00
37880,8329875.00
37881,19127296.00
37882,14131261.00
37883,21689734.00
37884,26830324.00
37885,17329284.00
37886,8113283.00
37887,16871906.00
37888,46104204.00
37889,11023718.00
37890,21302088.00
37891,9164264.00
37892,18131072.00
37893,26163102.00
37894,10811372.00
37895,12551642.00
37896,12255427.00
37897,25472154.00
37898,10599035.00
37899,25837190.00
37900,6936027.00
37901,9766520.00
37902,23761268.00
37903,19607868.00
37904,10344618.00
37905,12947306.00
37906,12218886.00
37907,17868344.00
37908,14903002.00
37909,14682273.00
37910,12270362.00
37911,12489266.00
37912,8966780.00
37913,22635758.00
37914,14326996.00
37915,14301303.00
37916,21214388.00
37917,8894534.00
37918,14829667.00
37919,9906490.00
37920,10324240.00
37921,39455548.00
37922,11319040.00
37923,14337943.00
37924,11615424.00
37925,9953720.00
37926,22221178.00
37927,11587668.00
37928,45420928.00
37929,11413903.00
37930,18550014.00
37931,8868090.00
37932,7423152.50
37933,8202886.00
37934,29740318.00
37935,9619666.00
37936,21326598.00
37937,31778682.00
37938,12047608.00
37939,13186534.00
37940,9695677.00
37941,14773014.00
37942,11542682.00
37943,22291968.00
37944,7625272.50
37945,18577282.00
37946,44579788.00
37947,23032250.00
37948,51245532.00
37949,15229565.00
37950,16970442.00
37951,13318853.00
37952,8218203.00
37953,17181338.00
37954,9634110.00
37955,12412946.00
37956,39865044.00
37957,38131556.00
37958,18680452.00
37959,13058305.00
37960,6654624.50
37961,9546674.00
37962,15522045.00
37963,8150782.00
37964,19997184.00
37965,9710382.00
37966,13267537.00
37967,18770648.00
37968,11363606.00
37969,11325315.00
37970,10254130.00
37971,17272928.00
37972,9616012.00
37973,19242904.00
37974,9209804.00
37975,9119938.00
37976,33840844.00
37977,5438178.00
37978,16210723.00
37979,35096184.00
37980,11078682.00
37981,6681779.00
37982,14055194.00
37983,20859496.00
37984,15435738.00
37985,50793072.00
37986,19181924.00
37987,21691884.00
37988,14098412.00
37989,17021504.00
37990,8909135.00
37991,12009642.00
37992,13774900.00
37993,25661018.00
37994,32958260.00
37995,9682342.00
37996,21872012.00
37997,31100264.00
37998,14678085.00
37999,9778614.00
38000,15472042.00
38001,17195622.00
38002,17944800.00
38003,20295962.00
38004,16425792.00
38005,14942342.00
38006,43109516.00
38007,7814489.50
38008,15793676.00
38009,15233452.00
38010,39262160.00
38011,14287517.00
38012,18668492.00
38013,7220227.00
38014,12513719.00
38015,8239086.50
38016,17029872.00
38017,5807501.00
38018,31838412.00
38019,19898246.00
38020,9378502.00
38021,19147562.00
38022,8743410.00
38023,27935944.00
38024,24725164.00
38025,7654637.50
38026,9820754.00
38027,21437914.00
38028,14372777.00
38029,12148580.00
38030,31969122.00
38031,9456777.00
38032,64529768.00
38033,28717102.00
38034,10624528.00
38035,33586532.00
38036,32211852.00
38037,12334157.00
38038,19549884.00
38039,19724374.00
38040,12000266.00
38041,31791956.00
38042,10440024.00
38043,22732696.00
38044,5742068.00
38045,17547028.00
38046,36428188.00
38047,14225321.00
38048,16605009.00
38049,29985832.00
38050,28082658.00
38051,34012008.00
38052,19949332.00
38053,34146424.00
38054,6741875.00
38055,32599724.00
38056,9151428.00
38057,20344932.00
38058,11510134.00
38059,22550220.00
38060,22230216.00
38061,62105924.00
38062,25708190.00
38063,15016061.00
38064,19229636.00
38065,20089648.00
38066,8698046.00
38067,11458075.00
38068,10042612.00
38069,34472284.00
38070,28685882.00
38071,16001268.00
38072,20466268.00
38073,33506132.00
38074,8759199.00
38075,5801073.50
38076,15222844.00
38077,17645520.00
38078,6464910.50
38079,13889439.00
38080,20155738.00
38081,18252918.00
38082,7645609.50
38083,19654218.00
38084,11249105.00
38085,12829850.00
38086,23850616.00
38087,16385101.00
38088,11886472.00
38089,6065497.00
38090,15625619.00
38091,31268986.00
38092,21440594.00
38093,34439452.00
38094,21194764.00
38095,20966150.00
38096,49252688.00
38097,18135874.00
38098,21068714.00
38099,21436618.00
38100,13036495.00
38101,18175548.00
38102,8727887.00
38103,10002398.00
38104,10617067.00
38105,12934075.00
38106,16689626.00
38107,14998680.00
38108,25589544.00
38109,11056726.00
38110,5827681.50
38111,54655000.00
38112,14797583.00
38113,14771613.00
38114,8835147.00
38115,46406144.00
38116,19684124.00
38117,14621425.00
38118,26591174.00
38119,10060176.00
38120,18398390.00
38121,15044081.00
38122,7402694.00
38123,25487362.00
38124,14786577.00
38125,11441513.00
38126,72189104.00
38127,18918424.00
38128,28182988.00
38129,21963784.00
38130,7141316.50
38131,25907224.00
38132,30819660.00
38133,14409006.00
38134,12065006.00
38135,82113608.00
38136,15191647.00
38137,8984331.00
38138,9553582.00
38139,31537914.00
38140,27326842.00
38141,22719496.00
38142,12502476.00
38143,21602448.00
38144,11478348.00
38145,17947996.00
38146,7612567.00
38147,26451316.00
38148,29152244.00
38149,23577032.00
38150,8323700.50
38151,26301808.00
38152,17641956.00
38153,51434960.00
38154,13590743.00
38155,13250870.00
38156,15111773.00
38157,12684831.00
38158,22254342.00
38159,19968248.00
38160,18811172.00
38161,9695677.00
38162,14236303.00
38163,6058128.00
38164,12406383.00
38165,34006608.00
38166,12863389.00
38167,12521167.00
38168,10892468.00
38169,11725489.00
38170,48755048.00
38171,11827784.00
38172,23756364.00
38173,15878277.00
38174,26815656.00
38175,11984390.00
38176,18357360.00
38177,11162467.00
38178,22585790.00
38179,13705339.00
38180,12225722.00
38181,15167621.00
38182,18425108.00
38183,11176500.00
38184,17951884.00
38185,19446960.00
38186,4716446.00
38187,23519882.00
38188,35363232.00
38189,34543340.00
38190,17110818.00
38191,25614056.00
38192,13641879.00
38193,16829048.00
38194,18007436.00
38195,28896660.00
38196,17078276.00
38197,12476308.00
38198,10633657.00
38199,13172687.00
38200,38887516.00
38201,20961486.00
38202,37801208.00
38203,18258756.00
38204,16223476.00
38205,8724361.00
38206,18734922.00
38207,13598867.00
38208,17040718.00
38209,9086106.00
38210,15953853.00
38211,32459992.00
38212,17614656.00
38213,12381699.00
38214,13129926.00
38215,9846170.00
38216,11781900.00
38217,12767540.00
38218,23341844.00
38219,8864192.00
38220,25223686.00
38221,16348035.00
38222,24518086.00
38223,7781604.00
38224,14868524.00
38225,9126755.00
38226,11736398.00
38227,70939568.00
38228,12960122.00
38229,9063150.00
38230,9027124.00
38231,42587532.00
38232,39628408.00
38233,10163492.00
38234,30451462.00
38235,32922608.00
38236,13670835.00
38237,15660524.00
38238,13047608.00
38239,15665123.00
38240,33053080.00
38241,23484334.00
38242,9112380.00
38243,19688652.00
38244,18880724.00
38245,12400806.00
38246,9393746.00
38247,30349178.00
38248,17217872.00
38249,18842010.00
38250,12181083.00
38251,42173300.00
38252,49366332.00
38253,10057021.00
38254,8072683.50
38255,10725632.00
38256,36686836.00
38257,17248918.00
38258,12638121.00
38259,15887718.00
38260,21835428.00
38261,4919991.00
38262,16478570.00
38263,20114556.00
38264,27255596.00
38265,17214104.00
38266,20916366.00
38267,20190454.00
38268,20615988.00
38269,11056204.00
38270,12027284.00
38271,14048003.00
38272,14275482.00
38273,29801700.00
38274,16964074.00
38275,5945485.00
38276,9767549.00
38277,20771356.00
38278,26341804.00
38279,7936160.50
38280,25428472.00
38281,13027575.00
38282,110204136.00
38283,36145184.00
38284,11620401.00
38285,19880904.00
38286,6916509.50
38287,5023622.00
38288,11638653.00
38289,15986063.00
38290,20973220.00
38291,13433732.00
38292,10023869.00
38293,3694725.00
38294,11731822.00
38295,9788580.00
38296,13784241.00
38297,16542552.00
38298,8189346.00
38299,6885248.00
38300,41306932.00
38301,6694326.00
38302,6878200.50
38303,9159633.00
38304,13835660.00
38305,14783049.00
38306,13879188.00
38307,13691081.00
38308,25257588.00
38309,38715528.00
38310,15133693.00
38311,8508531.00
38312,13397802.00
38313,25430528.00
38314,13294996.00
38315,4528320.00
38316,9465565.00
38317,11300887.00
38318,10234357.00
38319,9536112.00
38320,12597981.00
38321,11000321.00
38322,9058840.00
38323,6314045.00
38324,8985290.00
38325,15872794.00
38326,12433786.00
38327,10232722.00
38328,18913012.00
38329,8676479.00
38330,19832680.00
38331,15526743.00
38332,9445092.00
38333,19383352.00
38334,15186260.00
38335,8200896.00
38336,8367979.50
38337,19472986.00
38338,14573802.00
38339,13716527.00
38340,17069136.00
38341,13730460.00
38342,28746408.00
38343,4528093.00
38344,16674874.00
38345,12784835.00
38346,19486456.00
38347,4592925.00
38348,7268921.50
38349,12755246.00
38350,25887212.00
38351,8839746.00
38352,30453608.00
38353,10701586.00
38354,14262661.00
38355,24884588.00
38356,17474344.00
38357,16806564.00
38358,21157982.00
38359,10654445.00
38360,12991127.00
38361,14130412.00
38362,10543032.00
38363,22858798.00
38364,17287736.00
38365,45760472.00
38366,9902367.00
38367,21042388.00
38368,21736392.00
38369,16143802.00
38370,34256872.00
38371,15959756.00
38372,7492048.50
38373,8884091.00
38374,18495342.00
38375,19171242.00
38376,8563859.00
38377,19153168.00
38378,6950899.00
38379,38474648.00
38380,8514900.00
38381,9952008.00
38382,26522072.00
38383,18404004.00
38384,12451203.00
38385,11668198.00
38386,18359416.00
38387,17586108.00
38388,7961611.50
38389,43507496.00
38390,11321798.00
38391,29174452.00
38392,9656904.00
38393,8972033.00
38394,19690428.00
38395,7673439.50
38396,11323169.00
38397,35463544.00
38398,7539749.00
38399,20443244.00
38400,19644390.00
38401,15267313.00
38402,18548474.00
38403,20533274.00
38404,35645596.00
38405,24744674.00
38406,22491852.00
38407,4706737.00
38408,13511217.00
38409,11674828.00
38410,17346220.00
38411,10744070.00
38412,21659448.00
38413,10366620.00
38414,13791980.00
38415,10817272.00
38416,17164500.00
38417,10575356.00
38418,14669709.00
38419,58769932.00
38420,92059184.00
38421,12782388.00
38422,13249990.00
38423,19102602.00
38424,9648824.00
38425,22262574.00
38426,10446209.00
38427,15341504.00
38428,7981767.00
38429,21687514.00
38430,9504951.00
38431,11853434.00
38432,10246840.00
38433,12306655.00
38434,13278582.00
38435,12413247.00
38436,103953104.00
38437,7527383.50
38438,12107844.00
38439,8369998.00
38440,30357818.00
38441,11088415.00
38442,15074173.00
38443,8447457.00
38444,18802694.00
38445,13276133.00
38446,11843612.00
38447,16861914.00
38448,19739922.00
38449,11063697.00
38450,36421168.00
38451,50187940.00
38452,10170534.00
38453,18411802.00
38454,52691860.00
38455,22336044.00
38456,12488079.00
38457,36349184.00
38458,6509517.00
38459,6815815.50
38460,18624924.00
38461,16026511.00
38462,20067098.00
38463,6026135.00
38464,35504844.00
38465,29335956.00
38466,6673197.00
38467,6710430.00
38468,18758240.00
38469,18270130.00
38470,17188566.00
38471,62725016.00
38472,10326098.00
38473,4570189.00
38474,6202496.00
38475,22192070.00
38476,197016480.00
38477,22912204.00
38478,21626352.00
38479,8475032.00
38480,16795880.00
38481,15662170.00
38482,23926824.00
38483,13277119.00
38484,7787189.00
38485,6073756.00
38486,21680496.00
38487,32403206.00
38488,23579112.00
38489,7757879.50
38490,11837902.00
38491,14554518.00
38492,23547064.00
38493,17371638.00
38494,8692778.00
38495,10819331.00
38496,17651800.00
38497,12074619.00
38498,36634032.00
38499,23433846.00
38500,9171338.00
38501,17697748.00
38502,14480335.00
38503,13873080.00
38504,49949728.00
38505,8830904.00
38506,14761284.00
38507,9726727.00
38508,15997729.00
38509,20230460.00
38510,10637634.00
38511,19027956.00
38512,39592780.00
38513,19125590.00
38514,15370595.00
38515,18816986.00
38516,26850448.00
38517,9755084.00
38518,58716624.00
38519,23879056.00
38520,12763500.00
38521,14448067.00
38522,13881860.00
38523,13261324.00
38524,16742071.00
38525,20778030.00
38526,54932656.00
38527,8043686.50
38528,17250032.00
38529,12892545.00
38530,28646452.00
38531,19442420.00
38532,14311444.00
38533,13209487.00
38534,13639180.00
38535,7968094.50
38536,18947546.00
38537,5390081.50
38538,8442822.00
38539,26188828.00
38540,10358682.00
38541,6146353.50
38542,16090532.00
38543,10513562.00
38544,10144690.00
38545,19224530.00
38546,12030996.00
38547,11991743.00
38548,18766054.00
38549,14571907.00
38550,20928910.00
38551,17802384.00
38552,13534307.00
38553,5628002.00
38554,10983250.00
38555,23578740.00
38556,17151930.00
38557,29208238.00
38558,16507560.00
38559,13299798.00
38560,37067692.00
38561,10882309.00
38562,6311460.00
38563,15023465.00
38564,15570136.00
38565,48711760.00
38566,18763948.00
38567,6233361.50
38568,9876740.00
38569,9560585.00
38570,18158086.00
38571,21680496.00
38572,25449022.00
38573,35056964.00
38574,17437216.00
38575,23907390.00
38576,12912362.00
38577,10313184.00
38578,9931062.00
38579,10376300.00
38580,20149810.00
38581,59487080.00
38582,32283892.00
38583,36330844.00
38584,28333672.00
38585,19839812.00
38586,7128973.50
38587,48409496.00
38588,15642877.00
38589,6751192.50
38590,25692516.00
38591,16401992.00
38592,28472144.00
38593,20002424.00
38594,11189475.00
38595,18641832.00
38596,47925736.00
38597,30161272.00
38598,14277441.00
38599,14481496.00
38600,5967651.00
38601,14878248.00
38602,18033256.00
38603,18663080.00
38604,8708681.00
38605,13131206.00
38606,10490439.00
38607,20161376.00
38608,21458512.00
38609,12174188.00
38610,15798106.00
38611,13359619.00
38612,8294608.50
38613,22985196.00
38614,19602616.00
38615,18303346.00
38616,26215942.00
38617,20348298.00
38618,18098164.00
38619,14652498.00
38620,15234460.00
38621,41177800.00
38622,11391940.00
38623,7672524.00
38624,15272463.00
38625,16732483.00
38626,51236168.00
38627,25035032.00
38628,11419535.00
38629,33389144.00
38630,41081160.00
38631,17297188.00
38632,6618378.00
38633,7324145.50
38634,18196390.00
38635,10359513.00
38636,19284454.00
38637,9482682.00
38638,16968418.00
38639,19854790.00
38640,10447392.00
38641,20032962.00
38642,15407118.00
38643,16983074.00
38644,14054605.00
38645,9527042.00
38646,15681684.00
38647,21611112.00
38648,8981548.00
38649,5374875.00
38650,20578502.00
38651,9917128.00
38652,17602496.00
38653,33169560.00
38654,15767770.00
38655,24171188.00
38656,24803932.00
38657,19984904.00
38658,7930781.00
38659,16970146.00
38660,10899661.00
38661,19711738.00
38662,18757760.00
38663,15798684.00
38664,7037454.50
38665,7182275.00
38666,11584735.00
38667,9435189.00
38668,9266805.00
38669,16157041.00
38670,27754600.00
38671,12706109.00
38672,28735116.00
38673,44257624.00
38674,6675315.00
38675,17666862.00
38676,17871430.00
38677,10456054.00
38678,16543900.00
38679,15465320.00
38680,30960232.00
38681,9335089.00
38682,15869147.00
38683,20940840.00
38684,25580588.00
38685,5707187.00
38686,14140492.00
38687,10180026.00
38688,10242690.00
38689,36526716.00
38690,12303846.00
38691,12289642.00
38692,34543268.00
38693,10733669.00
38694,9189296.00
38695,13874008.00
38696,17378896.00
38697,19050528.00
38698,9218962.00
38699,3678307.75
38700,216365504.00
38701,12774275.00
38702,7007982.00
38703,9979264.00
38704,17456064.00
38705,32908666.00
38706,13445361.00
38707,20216540.00
38708,29358180.00
38709,16697969.00
38710,7589578.00
38711,14461481.00
38712,22316288.00
38713,11088986.00
38714,40761432.00
38715,11958956.00
38716,6068442.00
38717,12132211.00
38718,42507236.00
38719,15160817.00
38720,6688018.50
38721,13756413.00
38722,10943976.00
38723,10800803.00
38724,8330212.50
38725,26600832.00
38726,7120823.00
38727,8458394.00
38728,25214510.00
38729,16785866.00
38730,9220946.00
38731,12193068.00
38732,13503309.00
38733,17316310.00
38734,7372670.00
38735,10839549.00
38736,8615206.00
38737,13446367.00
38738,22360734.00
38739,8915556.00
38740,17591522.00
38741,11915517.00
38742,13394467.00
38743,12123788.00
38744,21036324.00
38745,22006668.00
38746,21148040.00
38747,12338182.00
38748,13752730.00
38749,15782487.00
38750,7145198.50
38751,9063032.00
38752,10986022.00
38753,39041840.00
38754,40271948.00
38755,13869343.00
38756,11469318.00
38757,19624692.00
38758,13951859.00
38759,14181372.00
38760,35143740.00
38761,6614228.00
38762,21663150.00
38763,10372864.00
38764,17086250.00
38765,27616442.00
38766,8818239.00
38767,16939536.00
38768,16334310.00
38769,7449012.00
38770,32444648.00
38771,6288267.00
38772,32915904.00
38773,27746860.00
38774,50385588.00
38775,11858232.00
38776,40260560.00
38777,16369834.00
38778,11457116.00
38779,40885780.00
38780,12085550.00
38781,27776866.00
38782,9665655.00
38783,20132000.00
38784,12621676.00
38785,21193670.00
38786,21465420.00
38787,30693332.00
38788,21450062.00
38789,15655316.00
38790,10135869.00
38791,25109888.00
38792,9436989.00
38793,8837542.00
38794,5498355.00
38795,18831028.00
38796,41299740.00
38797,19923966.00
38798,13759109.00
38799,6058798.00
38800,23837184.00
38801,13788644.00
38802,23314004.00
38803,9213787.00
38804,10438193.00
38805,12069637.00
38806,11564573.00
38807,8923196.00
38808,11359119.00
38809,19201284.00
38810,14181373.00
38811,8472735.00
38812,27668856.00
38813,26370008.00
38814,20750776.00
38815,7772982.00
38816,134931904.00
38817,14556324.00
38818,15688609.00
38819,8284890.00
38820,28202334.00
38821,9360020.00
38822,34788752.00
38823,24371290.00
38824,8075984.50
38825,31167430.00
38826,16797988.00
38827,23996414.00
38828,18057818.00
38829,14094019.00
38830,10153056.00
38831,34052256.00
38832,25530132.00
38833,14652442.00
38834,12924122.00
38835,10905482.00
38836,6752669.50
38837,19128912.00
38838,22413876.00
38839,22001856.00
38840,8928103.00
38841,9696982.00
38842,9350704.00
38843,43005124.00
38844,21534696.00
38845,18185076.00
38846,22639262.00
38847,8856518.00
38848,10701586.00
38849,29536570.00
38850,17703788.00
38851,8093370.00
38852,10386383.00
38853,13870875.00
38854,7881911.00
38855,9782368.00
38856,11186749.00
38857,17570432.00
38858,13877160.00
38859,38323300.00
38860,39596100.00
38861,26934540.00
38862,14997775.00
38863,7724272.50
38864,12929681.00
38865,10900708.00
38866,10310211.00
38867,4634999.00
38868,8338386.50
38869,39798312.00
38870,27911618.00
38871,39091836.00
38872,20723498.00
38873,8079797.00
38874,13774098.00
38875,5634451.00
38876,7372166.00
38877,18151452.00
38878,19888248.00
38879,35776204.00
38880,23805504.00
38881,24743430.00
38882,13489958.00
38883,13801756.00
38884,8128935.50
38885,12580522.00
38886,20740962.00
38887,10535992.00
38888,9369999.00
38889,14967581.00
38890,24731898.00
38891,48961200.00
38892,14666790.00
38893,20491832.00
38894,9159633.00
38895,12045391.00
38896,23521436.00
38897,9458528.00
38898,10576684.00
38899,38233472.00
38900,44683532.00
38901,21782288.00
38902,14447265.00
38903,8502052.00
38904,7160290.50
38905,7126010.00
38906,22533954.00
38907,8459074.00
38908,30826462.00
38909,12444120.00
38910,18130810.00
38911,7823246.50
38912,11843612.00
38913,11790243.00
38914,23224332.00
38915,10011440.00
38916,22331166.00
38917,45236364.00
38918,19095436.00
38919,14692178.00
38920,27971486.00
38921,14647604.00
38922,24559992.00
38923,11309041.00
38924,35452136.00
38925,8288607.50
38926,10169730.00
38927,13503771.00
38928,23231340.00
38929,10984012.00
38930,8804883.00
38931,31945606.00
38932,10392416.00
38933,13312357.00
38934,31378972.00
38935,10354294.00
38936,12938796.00
38937,19296304.00
38938,19985624.00
38939,31207104.00
38940,47798668.00
38941,18223266.00
38942,10247074.00
38943,11989466.00
38944,21843860.00
38945,12055502.00
38946,7114709.00
38947,26000000.00
38948,7050656.00
38949,22405968.00
38950,18718464.00
38951,14009644.00
38952,22496492.00
38953,57226676.00
38954,16292046.00
38955,8498067.00
38956,18039616.00
38957,17434000.00
38958,32104016.00
38959,8801965.00
38960,9609711.00
38961,10232584.00
38962,9709684.00
38963,12525691.00
38964,19745304.00
38965,19964830.00
38966,12160243.00
38967,12525795.00
38968,13812515.00
38969,15711418.00
38970,25865654.00
38971,15594071.00
38972,7402099.00
38973,13904714.00
38974,18597804.00
38975,13135549.00
38976,5612016.00
38977,14200262.00
38978,8175358.50
38979,26672954.00
38980,22528008.00
38981,20029256.00
38982,26104152.00
38983,16810976.00
38984,12453710.00
38985,18115696.00
38986,17052954.00
38987,12819016.00
38988,22607074.00
38989,17373728.00
38990,18435932.00
38991,14498746.00
38992,8887156.00
38993,18729428.00
38994,9948154.00
38995,6251698.00
38996,10024835.00
38997,25574882.00
38998,5447851.00
38999,16095328.00
39000,12376323.00
39001,8051529.50
39002,19202276.00
39003,6772995.00
39004,18941350.00
39005,16676498.00
39006,14319905.00
39007,9266696.00
39008,14764180.00
39009,11557375.00
39010,10654445.00
39011,3076476.25
39012,6024651.00
39013,18982828.00
39014,18274306.00
39015,9376900.00
39016,15964613.00
39017,9755740.00
39018,22814232.00
39019,45321308.00
39020,18410034.00
39021,13208462.00
39022,8088938.00
39023,7041703.50
39024,19570712.00
39025,9512026.00
39026,6650950.50
39027,12528451.00
39028,24506048.00
39029,15754349.00
39030,10985830.00
39031,23405368.00
39032,9195197.00
39033,11812762.00
39034,9706107.00
39035,18917160.00
39036,14537590.00
39037,6185451.00
39038,13938792.00
39039,13529768.00
39040,7486306.50
39041,22940582.00
39042,49134576.00
39043,18650544.00
39044,12058313.00
39045,25136230.00
39046,16800624.00
39047,20512748.00
39048,42983236.00
39049,17549336.00
39050,14510579.00
39051,16858298.00
39052,12922019.00
39053,8837561.00
39054,11741661.00
39055,18726042.00
39056,16129798.00
39057,18614712.00
39058,21920058.00
39059,21992396.00
39060,8448712.00
39061,26187198.00
39062,25651276.00
39063,18160598.00
39064,10290404.00
39065,9913773.00
39066,15188369.00
39067,18088258.00
39068,21187096.00
39069,12896515.00
39070,11070981.00
39071,21009224.00
39072,11689752.00
39073,44666740.00
39074,33173736.00
39075,34116820.00
39076,7770257.50
39077,7002438.00
39078,10762255.00
39079,13886048.00
39080,15030982.00
39081,8098724.50
39082,7959118.50
39083,12653787.00
39084,17262448.00
39085,24545420.00
39086,7989721.50
39087,22295398.00
39088,24417104.00
39089,20174178.00
39090,8984468.00
39091,47391932.00
39092,14961331.00
39093,22676986.00
39094,27041286.00
39095,22925058.00
39096,21612084.00
39097,19990872.00
39098,22251312.00
39099,11202161.00
39100,22017364.00
39101,23680332.00
39102,40598832.00
39103,15882116.00
39104,11073969.00
39105,23010340.00
39106,12994031.00
39107,9914770.00
39108,4791328.00
39109,31366544.00
39110,13384187.00
39111,9219343.00
39112,6746026.00
39113,7179779.00
39114,13234437.00
39115,12173448.00
39116,14446619.00
39117,10864686.00
39118,40009260.00
39119,9261027.00
39120,10024088.00
39121,12012460.00
39122,10062615.00
39123,5862448.00
39124,43001688.00
39125,51532288.00
39126,16303265.00
39127,19641888.00
39128,19986750.00
39129,38186572.00
39130,25906088.00
39131,25309648.00
39132,20148604.00
39133,17534264.00
39134,10530148.00
39135,12978964.00
39136,13664052.00
39137,33228572.00
39138,10450526.00
39139,21750288.00
39140,16108081.00
39141,11315882.00
39142,14975453.00
39143,25055508.00
39144,19046582.00
39145,17794664.00
39146,17567042.00
39147,40289848.00
39148,10916792.00
39149,13632114.00
39150,17455108.00
39151,14218927.00
39152,12797123.00
39153,20404452.00
39154,23989906.00
39155,5017539.00
39156,5870594.00
39157,9316321.00
39158,10494589.00
39159,31036002.00
39160,5279204.00
39161,14516134.00
39162,5886650.00
39163,12919695.00
39164,12422591.00
39165,11405516.00
39166,6689582.50
39167,18985222.00
39168,46596880.00
39169,15131613.00
39170,20626250.00
39171,28750858.00
39172,7866887.00
39173,13164873.00
39174,9529282.00
39175,9066383.00
39176,10368738.00
39177,16335245.00
39178,43366056.00
39179,6979390.50
39180,13705652.00
39181,6688018.50
39182,10259752.00
39183,24274716.00
39184,9607545.00
39185,9515064.00
39186,22900940.00
39187,16833584.00
39188,18835504.00
39189,17413478.00
39190,9500322.00
39191,12442016.00
39192,27872338.00
39193,19096820.00
39194,12681597.00
39195,18493640.00
39196,8516328.00
39197,9508946.00
39198,9372246.00
39199,11221779.00
39200,24997044.00
39201,17617208.00
39202,9002258.00
39203,17052006.00
39204,9344318.00
39205,38648084.00
39206,14335974.00
39207,9759800.00
39208,11831759.00
39209,12108972.00
39210,15730135.00
39211,26523422.00
39212,6819850.00
39213,25074964.00
39214,26455464.00
39215,6128249.00
39216,17153250.00
39217,13118523.00
39218,16541581.00
39219,15314374.00
39220,9005834.00
39221,13769801.00
39222,34291792.00
39223,16670636.00
39224,26485658.00
39225,9269098.00
39226,41466460.00
39227,93113208.00
39228,7960545.50
39229,19413110.00
39230,28756984.00
39231,27085438.00
39232,15450359.00
39233,26250412.00
39234,11114907.00
39235,5500462.00
39236,10005077.00
39237,15109484.00
39238,7764078.50
39239,10619910.00
39240,4687065.00
39241,33158498.00
39242,11451343.00
39243,30862188.00
39244,9877308.00
39245,14291784.00
39246,5992644.00
39247,77711752.00
39248,25753810.00
39249,19253718.00
39250,10632983.00
39251,8271014.00
39252,8728724.00
39253,16568084.00
39254,13893751.00
39255,8726120.00
39256,10689020.00
39257,42790004.00
39258,13538803.00
39259,34756048.00
39260,9979064.00
39261,25713744.00
39262,11073350.00
39263,8679274.00
39264,46284156.00
39265,6635431.50
39266,17114880.00
39267,10313921.00
39268,19864574.00
39269,11591107.00
39270,21510040.00
39271,12921249.00
39272,9250815.00
39273,14200454.00
39274,22526318.00
39275,12089504.00
39276,20034756.00
39277,10738130.00
39278,17313616.00
39279,15823389.00
39280,116375984.00
39281,13898156.00
39282,32425548.00
39283,20233058.00
39284,18522716.00
39285,10110341.00
39286,24929160.00
39287,13345435.00
39288,10567324.00
39289,17654396.00
39290,11163766.00
39291,18043730.00
39292,42970800.00
39293,14460749.00
39294,8016528.00
39295,18979980.00
39296,10738130.00
39297,12860477.00
39298,11908275.00
39299,4060024.00
39300,10106522.00
39301,33595464.00
39302,11500291.00
39303,8001652.50
39304,15974700.00
39305,11564038.00
39306,25276944.00
39307,41604972.00
39308,14228466.00
39309,11528588.00
39310,13350824.00
39311,10662603.00
39312,17552310.00
39313,16116422.00
39314,7799291.00
39315,13484379.00
39316,26249594.00
39317,19398066.00
39318,21953428.00
39319,20757752.00
39320,13511173.00
39321,40435288.00
39322,24037904.00
39323,23002140.00
39324,10520024.00
39325,24926068.00
39326,12168317.00
39327,39417244.00
39328,28066506.00
39329,14915174.00
39330,34326504.00
39331,23538206.00
39332,23810246.00
39333,8780493.00
39334,9508718.00
39335,10125148.00
39336,20019096.00
39337,11127933.00
39338,14039466.00
39339,28895232.00
39340,18316368.00
39341,16694012.00
39342,8177294.50
39343,23851812.00
39344,7972119.50
39345,5314569.00
39346,13612216.00
39347,20230460.00
39348,6860476.00
39349,15742459.00
39350,14699899.00
39351,13562254.00
39352,11987991.00
39353,8787754.00
39354,7443117.00
39355,14614100.00
39356,50536424.00
39357,31784716.00
39358,15923836.00
39359,10451211.00
39360,10264660.00
39361,8787666.00
39362,19822308.00
39363,16439779.00
39364,11116104.00
39365,12569615.00
39366,11743187.00
39367,32568384.00
39368,7965734.00
39369,9806125.00
39370,6930432.50
39371,11861480.00
39372,29458960.00
39373,18830992.00
39374,14315793.00
39375,9640430.00
39376,21207772.00
39377,13722412.00
39378,12242463.00
39379,38719928.00
39380,22355672.00
39381,12493062.00
39382,20075594.00
39383,9344172.00
39384,11103859.00
39385,15927964.00
39386,8709530.00
39387,195441008.00
39388,22508642.00
39389,11005004.00
39390,14584579.00
39391,6640171.50
39392,68921888.00
39393,7055625.00
39394,16924034.00
39395,22356068.00
39396,10393665.00
39397,10938816.00
39398,10610796.00
39399,18609548.00
39400,5289687.00
39401,12048370.00
39402,7846973.50
39403,12221414.00
39404,15100573.00
39405,25470052.00
39406,16132536.00
39407,9184936.00
39408,3807499.00
39409,12246676.00
39410,9737586.00
39411,17206496.00
39412,19890272.00
39413,19676924.00
39414,21890880.00
39415,10869267.00
39416,7417827.00
39417,8151017.00
39418,21949086.00
39419,21211684.00
39420,33579820.00
39421,6401756.00
39422,13858560.00
39423,21816586.00
39424,18933824.00
39425,7884400.00
39426,9424164.00
39427,41288540.00
39428,18076768.00
39429,8512542.00
39430,37086500.00
39431,18570802.00
39432,23806274.00
39433,12174458.00
39434,8560000.00
39435,24153754.00
39436,16219080.00
39437,7925180.00
39438,334470528.00
39439,13276908.00
39440,9796932.00
39441,22795224.00
39442,25702342.00
39443,5951521.50
39444,12318461.00
39445,42282424.00
39446,11581614.00
39447,19909504.00
39448,11645066.00
39449,14923584.00
39450,15503805.00
39451,28272168.00
39452,11901505.00
39453,11355974.00
39454,6999866.00
39455,21068886.00
39456,40326080.00
39457,21711252.00
39458,14081772.00
39459,24746014.00
39460,16576937.00
39461,21696848.00
39462,16456934.00
39463,12693071.00
39464,17062906.00
39465,25047546.00
39466,10296738.00
39467,38817452.00
39468,16206577.00
39469,12506002.00
39470,6344768.00
39471,39613952.00
39472,6892546.00
39473,22881926.00
39474,14544975.00
39475,11579694.00
39476,17550342.00
39477,10744070.00
39478,20139460.00
39479,25724328.00
39480,17430184.00
39481,8787666.00
39482,9764132.00
39483,8275025.50
39484,32679418.00
39485,13734973.00
39486,9836268.00
39487,21377246.00
39488,9437281.00
39489,38402892.00
39490,11576575.00
39491,9545132.00
39492,11477412.00
39493,30873058.00
39494,13443869.00
39495,12213734.00
39496,8714586.00
39497,9347398.00
39498,11355730.00
39499,12717907.00
39500,29411788.00
39501,8919446.00
39502,6222054.00
39503,16703304.00
39504,13721530.00
39505,27793836.00
39506,11649505.00
39507,40659068.00
39508,33777988.00
39509,11387988.00
39510,13194734.00
39511,19777374.00
39512,10541166.00
39513,18267942.00
39514,17605104.00
39515,8067700.50
39516,14397121.00
39517,13840051.00
39518,6657318.50
39519,21135004.00
39520,15683556.00
39521,17957790.00
39522,18789902.00
39523,14024570.00
39524,46474100.00
39525,9462046.00
39526,11788244.00
39527,19783740.00
39528,22094316.00
39529,20212300.00
39530,6135244.00
39531,32091514.00
39532,42657692.00
39533,8883125.00
39534,8594834.00
39535,11528630.00
39536,28792536.00
39537,9817208.00
39538,13503309.00
39539,29045248.00
39540,17312202.00
39541,11494051.00
39542,26000000.00
39543,32984268.00
39544,10300492.00
39545,8237085.50
39546,16665254.00
39547,22982904.00
39548,16576127.00
39549,11390328.00
39550,40554944.00
39551,10903052.00
39552,17783052.00
39553,14218033.00
39554,16310351.00
39555,13570806.00
39556,8047369.50
39557,9969678.00
39558,7976281.50
39559,29249594.00
39560,11878559.00
39561,6987998.00
39562,7105058.50
39563,21736856.00
39564,149128224.00
39565,16390998.00
39566,11645487.00
39567,25911268.00
39568,13988876.00
39569,17006300.00
39570,15353935.00
39571,24998632.00
39572,12429318.00
39573,9260692.00
39574,9704630.00
39575,11033908.00
39576,29834782.00
39577,29420336.00
39578,4370341.00
39579,42514316.00
39580,34648560.00
39581,26092344.00
39582,12062410.00
39583,19040006.00
39584,15748031.00
39585,32274352.00
39586,15577044.00
39587,27144314.00
39588,20483990.00
39589,20765420.00
39590,11887036.00
39591,18677834.00
39592,38564996.00
39593,36414940.00
39594,16930698.00
39595,10915122.00
39596,20852786.00
39597,702379.06
39598,10462216.00
39599,9980861.00
39600,15645196.00
39601,4370274.00
39602,17380428.00
39603,10916460.00
39604,10335608.00
39605,24065442.00
39606,9985904.00
39607,16864642.00
39608,43395912.00
39609,12967672.00
39610,25665416.00
39611,19295050.00
39612,32351290.00
39613,16663939.00
39614,17537248.00
39615,16635877.00
39616,22566394.00
39617,10437314.00
39618,36584936.00
39619,33454434.00
39620,29464704.00
39621,22700474.00
39622,11312340.00
39623,24770984.00
39624,14170668.00
39625,25954502.00
39626,19890500.00
39627,5418162.00
39628,9652077.00
39629,15379611.00
39630,8284615.50
39631,13451267.00
39632,9935820.00
39633,71951264.00
39634,9275289.00
39635,11937020.00
39636,25562740.00
39637,26176162.00
39638,22857048.00
39639,32315816.00
39640,12604652.00
39641,18097740.00
39642,43265328.00
39643,10359452.00
39644,10003092.00
39645,23874682.00
39646,18688742.00
39647,12443082.00
39648,18276204.00
39649,9464073.00
39650,11220302.00
39651,22132730.00
39652,22073158.00
39653,6065528.50
39654,19669390.00
39655,7644096.00
39656,15688335.00
39657,6034486.00
39658,33581720.00
39659,12365322.00
39660,26521112.00
39661,13276133.00
39662,23600390.00
39663,26982046.00
39664,13825390.00
39665,25697388.00
39666,10874458.00
39667,9026291.00
39668,12382557.00
39669,17359446.00
39670,17848434.00
39671,13188270.00
39672,7621065.00
39673,12385117.00
39674,11668041.00
39675,28065218.00
39676,9990678.00
39677,8352851.00
39678,15164536.00
39679,14233460.00
39680,10209773.00
39681,39893284.00
39682,9750256.00
39683,9927744.00
39684,14484024.00
39685,6075644.00
39686,45261716.00
39687,41813344.00
39688,9795949.00
39689,16211731.00
39690,28096386.00
39691,23074496.00
39692,17730334.00
39693,17284638.00
39694,10194600.00
39695,21204820.00
39696,37098752.00
39697,36298544.00
39698,28778092.00
39699,16275877.00
39700,19763854.00
39701,14661821.00
39702,14428078.00
39703,9031748.00
39704,42570336.00
39705,11397422.00
39706,14437983.00
39707,21283296.00
39708,11644015.00
39709,17254326.00
39710,5951175.00
39711,14964769.00
39712,25817328.00
39713,28607244.00
39714,9000906.00
39715,21314448.00
39716,25052752.00
39717,13361190.00
39718,16279139.00
39719,29880980.00
39720,16532996.00
39721,6016340.00
39722,8675248.00
39723,7941805.50
39724,24800844.00
39725,9478636.00
39726,32009292.00
39727,219920992.00
39728,8296638.00
39729,12545980.00
39730,15887140.00
39731,5787995.00
39732,13306126.00
39733,27809566.00
39734,13263892.00
39735,12722013.00
39736,38189288.00
39737,12131468.00
39738,12563764.00
39739,11947668.00
39740,6112202.00
39741,16372745.00
39742,9006550.00
39743,13378842.00
39744,15172783.00
39745,17806360.00
39746,9807474.00
39747,12321398.00
39748,11154222.00
39749,8650264.00
39750,18789484.00
39751,46819504.00
39752,7185181.50
39753,21555624.00
39754,14231409.00
39755,13311712.00
39756,19041568.00
39757,21962210.00
39758,6516545.50
39759,5357964.00
39760,11409318.00
39761,5435669.00
39762,19367024.00
39763,36929884.00
39764,13072113.00
39765,15168867.00
39766,16505215.00
39767,22869356.00
39768,8385624.50
39769,22868696.00
39770,19519538.00
39771,22395508.00
39772,13050711.00
39773,14789244.00
39774,19515510.00
39775,29744392.00
39776,44699404.00
39777,15548073.00
39778,30178356.00
39779,40341764.00
39780,13706522.00
39781,9514872.00
39782,16611191.00
39783,7266919.00
39784,9356210.00
39785,28300120.00
39786,29350488.00
39787,12570362.00
39788,13459471.00
39789,10050370.00
39790,16527357.00
39791,8828970.00
39792,17221426.00
39793,20471788.00
39794,7896497.50
39795,12928319.00
39796,13876328.00
39797,21311598.00
39798,12504690.00
39799,26952190.00
39800,14212648.00
39801,12772806.00
39802,16493852.00
39803,37138316.00
39804,14885633.00
39805,23569250.00
39806,23472614.00
39807,26267152.00
39808,13027575.00
39809,10125148.00
39810,24341476.00
39811,16176170.00
39812,14264535.00
39813,12243837.00
39814,15069896.00
39815,10235973.00
39816,12766852.00
39817,9999439.00
39818,32272924.00
39819,12587775.00
39820,37551556.00
39821,12663162.00
39822,8877124.00
39823,15883770.00
39824,14593649.00
39825,18542604.00
39826,13841103.00
39827,14700340.00
39828,19658524.00
39829,13183868.00
39830,19028734.00
39831,47244860.00
39832,10593796.00
39833,13246769.00
39834,5212620.00
39835,36963864.00
39836,11369578.00
39837,20325252.00
39838,14873681.00
39839,21805254.00
39840,11570397.00
39841,21311538.00
39842,17582912.00
39843,13987053.00
39844,17102102.00
39845,11889248.00
39846,7939230.50
39847,21166272.00
39848,11128196.00
39849,26132400.00
39850,39524380.00
39851,46288700.00
39852,15224246.00
39853,32480412.00
39854,16846668.00
39855,23443956.00
39856,29679774.00
39857,12103031.00
39858,12293701.00
39859,32102448.00
39860,11934831.00
39861,27793876.00
39862,6783716.50
39863,13862235.00
39864,8105662.50
39865,23111216.00
39866,8143152.00
39867,6343515.00
39868,26324340.00
39869,14240516.00
39870,10420620.00
39871,14702269.00
39872,26387202.00
39873,39604964.00
39874,11010303.00
39875,33173132.00
39876,10757440.00
39877,6313048.50
39878,226647104.00
39879,8309350.00
39880,12527780.00
39881,65631636.00
39882,26395362.00
39883,9663218.00
39884,22420730.00
39885,18804252.00
39886,6976190.00
39887,19594908.00
39888,17120156.00
39889,11866396.00
39890,6615691.00
39891,15228751.00
39892,21784192.00
39893,18744776.00
39894,18862086.00
39895,65188404.00
39896,34286036.00
39897,41864028.00
39898,12458249.00
39899,8585424.00
39900,11545770.00
39901,11539848.00
39902,16571388.00
39903,10892468.00
39904,6072446.00
39905,8957216.00
39906,8344219.00
39907,15867732.00
39908,3299144.00
39909,15856253.00
39910,25103960.00
39911,8935010.00
39912,17692376.00
39913,17874320.00
39914,20867732.00
39915,13070075.00
39916,10416672.00
39917,34752528.00
39918,20770792.00
39919,10651056.00
39920,32798228.00
39921,24600582.00
39922,10749100.00
39923,14914540.00
39924,10051938.00
39925,14867643.00
39926,6433262.50
39927,10992696.00
39928,18101580.00
39929,53831344.00
39930,18719890.00
39931,18099320.00
39932,17786452.00
39933,15948694.00
39934,14183305.00
39935,7812163.00
39936,11084047.00
39937,32909976.00
39938,12652238.00
39939,9347398.00
39940,23439880.00
39941,17088832.00
39942,13790486.00
39943,45000648.00
39944,16151156.00
39945,12171366.00
39946,29551202.00
39947,14985879.00
39948,5020852.00
39949,9797582.00
39950,16543980.00
39951,16097270.00
39952,9327661.00
39953,13704993.00
39954,11216026.00
39955,31434568.00
39956,24134820.00
39957,16220877.00
39958,13404739.00
39959,8449136.00
39960,10426113.00
39961,24481648.00
39962,48762236.00
39963,9045359.00
39964,8052114.50
39965,7376776.50
39966,29496084.00
39967,20057514.00
39968,5960590.00
39969,17609768.00
39970,21770502.00
39971,15292087.00
39972,25207662.00
39973,20272826.00
39974,21231024.00
39975,12071597.00
39976,24146388.00
39977,17500220.00
39978,9916148.00
39979,20065824.00
39980,46700760.00
39981,44873588.00
39982,12086446.00
39983,15124242.00
39984,6596046.00
39985,4682748.00
39986,26704664.00
39987,12259615.00
39988,33575436.00
39989,6771875.00
39990,45894320.00
39991,11338452.00
39992,37604756.00
39993,23366696.00
39994,20180304.00
39995,22228776.00
39996,10311098.00
39997,8524110.00
39998,11706433.00
39999,12605784.00
40000,32438792.00
40001,93300808.00
40002,16792766.00
40003,5616731.00
40004,17595558.00
40005,32022220.00
40006,6272690.00
40007,10859320.00
40008,25784656.00
40009,13397960.00
40010,22814232.00
40011,29143312.00
40012,18087698.00
40013,7818818.50
40014,46899840.00
40015,15257619.00
40016,16046934.00
40017,18451096.00
40018,7067422.00
40019,16641624.00
40020,19990524.00
40021,14109609.00
40022,18525672.00
40023,25034468.00
40024,18035674.00
40025,8199271.00
40026,29886448.00
40027,8053905.50
40028,8363278.00
40029,8591468.00
40030,3850478.00
40031,18781350.00
40032,8499530.00
40033,14802944.00
40034,12202860.00
40035,18253036.00
40036,13540879.00
40037,15027750.00
40038,8078934.00
40039,10955698.00
40040,24909708.00
40041,17457566.00
40042,109962376.00
40043,11645354.00
40044,10305839.00
40045,14674634.00
40046,32441274.00
40047,16142641.00
40048,15913562.00
40049,39898704.00
40050,8599562.00
40051,14456626.00
40052,10223030.00
40053,16361958.00
40054,13391148.00
40055,4839277.00
40056,20825224.00
40057,20920768.00
40058,37259632.00
40059,25095412.00
40060,25974824.00
40061,16672581.00
40062,20443670.00
40063,16936684.00
40064,30959080.00
40065,15189225.00
40066,8952778.00
40067,21998872.00
40068,15573268.00
40069,12556755.00
40070,21150688.00
40071,22247468.00
40072,18336450.00
40073,91333640.00
40074,17648842.00
40075,11172876.00
40076,20575524.00
40077,6147714.00
40078,14853459.00
40079,8016302.50
40080,16507982.00
40081,20327084.00
40082,23226466.00
40083,6629300.00
40084,21158082.00
40085,31249310.00
40086,11962926.00
40087,19692704.00
40088,14147076.00
40089,15107475.00
40090,17836650.00
40091,14249859.00
40092,21548916.00
40093,17435838.00
40094,9661477.00
40095,12124506.00
40096,15668448.00
40097,25274664.00
40098,15996004.00
40099,27112264.00
40100,75130512.00
40101,28780160.00
40102,10448150.00
40103,12373064.00
40104,10420403.00
40105,11259526.00
40106,39615248.00
40107,13026204.00
40108,18675822.00
40109,14553770.00
40110,22541250.00
40111,12554196.00
40112,9551322.00
40113,6205289.00
40114,12756372.00
40115,38264044.00
40116,19184684.00
40117,6018630.00
40118,45435344.00
40119,21176842.00
40120,17917590.00
40121,13456159.00
40122,4166543.00
40123,11410499.00
40124,12666716.00
40125,25859976.00
40126,19663244.00
40127,7359448.50
40128,34366020.00
40129,33709984.00
40130,9770384.00
40131,11845327.00
40132,6677024.50
40133,2092329.88
40134,10972741.00
40135,26784104.00
40136,14399972.00
40137,19101040.00
40138,25690616.00
40139,11999620.00
40140,37260184.00
40141,7355170.50
40142,7530741.00
40143,11625057.00
40144,7639636.50
40145,21040526.00
40146,19972032.00
40147,14245513.00
40148,11897423.00
40149,12794403.00
40150,14480332.00
40151,18651034.00
40152,26850846.00
40153,17227968.00
40154,14341252.00
40155,11177128.00
40156,15767537.00
40157,15831633.00
40158,29237720.00
40159,7390496.50
40160,13812419.00
40161,15424972.00
40162,9145766.00
40163,11377298.00
40164,23804444.00
40165,26521246.00
40166,30310300.00
40167,43162464.00
40168,38449192.00
40169,12535028.00
40170,19610628.00
40171,15198426.00
40172,17432584.00
40173,28913012.00
40174,13623922.00
40175,36116404.00
40176,5445675.00
40177,21142222.00
40178,13587738.00
40179,21962076.00
40180,11486682.00
40181,20490406.00
40182,7395822.00
40183,19577292.00
40184,15062282.00
40185,9721926.00
40186,8843827.00
40187,14259908.00
40188,9646448.00
40189,15763433.00
40190,14036221.00
40191,20454530.00
40192,20772652.00
40193,19469050.00
40194,12212182.00
40195,22657356.00
40196,15468201.00
40197,20877458.00
40198,8574698.00
40199,15470966.00
40200,16883238.00
40201,21126272.00
40202,29880980.00
40203,8364331.00
40204,21544468.00
40205,8086356.50
40206,11928694.00
40207,6726204.00
40208,13971734.00
40209,14324154.00
40210,5620410.00
40211,15350164.00
40212,11389693.00
40213,21008896.00
40214,15252308.00
40215,15207904.00
40216,17984546.00
40217,14749027.00
40218,15528547.00
40219,13174602.00
40220,15059336.00
40221,13479296.00
40222,20278344.00
40223,9446368.00
40224,10463229.00
40225,12696614.00
40226,10061228.00
40227,17513196.00
40228,10423628.00
40229,7051178.00
40230,10654319.00
40231,11485361.00
40232,9424878.00
40233,14540667.00
40234,15699535.00
40235,7142225.50
40236,13143165.00
40237,186899248.00
40238,20696344.00
40239,8735403.00
40240,8578800.00
40241,18206578.00
40242,24445748.00
40243,12150930.00
40244,13705770.00
40245,30019412.00
40246,13135885.00
40247,9788129.00
40248,26255354.00
40249,26313436.00
40250,18856572.00
40251,39200988.00
40252,28260358.00
40253,13635590.00
40254,5513511.50
40255,16456934.00
40256,11915144.00
40257,21691986.00
40258,21723038.00
40259,12431875.00
40260,169387040.00
40261,19982382.00
40262,12526380.00
40263,13298808.00
40264,25555896.00
40265,12231990.00
40266,32022564.00
40267,3601517.00
40268,8878546.00
40269,16925172.00
40270,31691400.00
40271,9368738.00
40272,21784192.00
40273,35930212.00
40274,11916255.00
40275,15807508.00
40276,21618394.00
40277,10823101.00
40278,8548812.00
40279,17634946.00
40280,11703955.00
40281,12546856.00
40282,9578732.00
40283,11125251.00
40284,12403176.00
40285,20448728.00
40286,16853182.00
40287,11459919.00
40288,19853202.00
40289,27793836.00
40290,16049015.00
40291,23132864.00
40292,13437588.00
40293,11712828.00
40294,22358360.00
40295,9819906.00
40296,21745012.00
40297,29064402.00
40298,35849280.00
40299,11937664.00
40300,17177832.00
40301,9052848.00
40302,15338723.00
40303,10910700.00
40304,10705106.00
40305,13878477.00
40306,9594708.00
40307,7466533.00
40308,17217930.00
40309,16215139.00
40310,13585379.00
40311,15260000.00
40312,12453789.00
40313,11841901.00
40314,12922499.00
40315,12283830.00
40316,18136116.00
40317,33998104.00
40318,12777338.00
40319,10234297.00
40320,11391677.00
40321,11865658.00
40322,20067218.00
40323,36514456.00
40324,29207496.00
40325,9305620.00
40326,28969044.00
40327,7510042.00
40328,6777337.00
40329,11339928.00
40330,26598598.00
40331,11797740.00
40332,27068998.00
40333,7942569.50
40334,15428838.00
40335,13816686.00
40336,60613360.00
40337,17312524.00
40338,17972948.00
40339,10333970.00
40340,45757968.00
40341,9666178.00
40342,23753104.00
40343,15959974.00
40344,7784627.00
40345,6768867.00
40346,6835195.00
40347,24245940.00
40348,20505884.00
40349,21407280.00
40350,14229219.00
40351,6506157.00
40352,10361395.00
40353,12922499.00
40354,35853076.00
40355,33827504.00
40356,6332010.00
40357,16978256.00
40358,13182865.00
40359,16474548.00
40360,12135021.00
40361,10248204.00
40362,8775910.00
40363,11474781.00
40364,40214264.00
40365,33761772.00
40366,8421673.00
40367,23369338.00
40368,41415520.00
40369,7310687.50
40370,13161705.00
40371,16812616.00
40372,11451315.00
40373,7891576.50
40374,14541678.00
40375,15926825.00
40376,6729693.50
40377,80379128.00
40378,5707187.00
40379,19124618.00
40380,22293520.00
40381,12236820.00
40382,24278298.00
40383,7292797.00
40384,18517680.00
40385,20529500.00
40386,25118540.00
40387,27123234.00
40388,30570156.00
40389,43922444.00
40390,21754788.00
40391,16264201.00
40392,20984484.00
40393,7396802.00
40394,17337960.00
40395,5374071.00
40396,16809570.00
40397,25543468.00
40398,10576684.00
40399,19054570.00
40400,35022544.00
40401,7956380.00
40402,37676644.00
40403,14725734.00
40404,16872296.00
40405,18604034.00
40406,7212360.50
40407,14907398.00
40408,8642280.00
40409,8444470.00
40410,8850460.00
40411,23977478.00
40412,31500492.00
40413,14644522.00
40414,18327250.00
40415,9126755.00
40416,12448229.00
40417,20208150.00
40418,6666289.50
40419,6403629.00
40420,15297329.00
40421,49975900.00
40422,13684090.00
40423,9027548.00
40424,5286446.00
40425,19216004.00
40426,17703266.00
40427,16400995.00
40428,7747207.50
40429,15158947.00
40430,8619075.00
40431,2597936.00
40432,14494909.00
40433,11614892.00
40434,8100235.00
40435,36122272.00
40436,18153040.00
40437,17107712.00
40438,6715079.00
40439,12638566.00
40440,43524668.00
40441,8560964.00
40442,18753726.00
40443,12507092.00
40444,8862370.00
40445,7772297.50
40446,9091262.00
40447,27083184.00
40448,8241299.00
40449,24758196.00
40450,39050200.00
40451,19938044.00
40452,22175814.00
40453,36257520.00
40454,17076134.00
40455,10281469.00
40456,6236060.00
40457,22207184.00
40458,22880226.00
40459,19607868.00
40460,25854598.00
40461,14682609.00
40462,14207338.00
40463,11474433.00
40464,17961424.00
40465,22387630.00
40466,13659526.00
40467,6760906.00
40468,20871998.00
40469,14514316.00
40470,36422524.00
40471,39020408.00
40472,13651771.00
40473,11314714.00
40474,17952256.00
40475,15080004.00
40476,12027798.00
40477,15087935.00
40478,9601917.00
40479,28199204.00
40480,30860188.00
40481,13630577.00
40482,22423616.00
40483,10539238.00
40484,7911542.00
40485,7685011.00
40486,9344488.00
40487,11396413.00
40488,17943812.00
40489,19133946.00
40490,26526930.00
40491,18660152.00
40492,16591660.00
40493,9216616.00
40494,7646989.50
40495,14274697.00
40496,14495329.00
40497,13084186.00
40498,48563092.00
40499,8409386.00
40500,15799277.00
40501,18265686.00
40502,31330148.00
40503,19060166.00
40504,19246682.00
40505,24278996.00
40506,13574181.00
40507,33369640.00
40508,13568266.00
40509,9420760.00
40510,19936288.00
40511,32805232.00
40512,13850441.00
40513,18444940.00
40514,14656239.00
40515,18411618.00
40516,11348570.00
40517,19178708.00
40518,12139043.00
40519,10561912.00
40520,8735444.00
40521,19402006.00
40522,33133922.00
40523,33550936.00
40524,30193978.00
40525,47954200.00
40526,13298456.00
40527,11170234.00
40528,13581226.00
40529,5947520.00
40530,14682609.00
40531,17234792.00
40532,5676005.00
40533,22907958.00
40534,66190256.00
40535,13553084.00
40536,17801332.00
40537,7290878.50
40538,20048132.00
40539,11520882.00
40540,15927964.00
40541,19189694.00
40542,6888077.00
40543,15248529.00
40544,8482316.00
40545,20467416.00
40546,18241452.00
40547,13733962.00
40548,10551040.00
40549,23341374.00
40550,9542136.00
40551,19033546.00
40552,16759924.00
40553,29358180.00
40554,28743966.00
40555,19391148.00
40556,13021364.00
40557,13837850.00
40558,30797108.00
40559,21794270.00
40560,28225244.00
40561,8972828.00
40562,13588823.00
40563,8880200.00
40564,14791857.00
40565,12723598.00
40566,28096570.00
40567,20048132.00
40568,8799211.00
40569,52220080.00
40570,14667633.00
40571,46615100.00
40572,11396763.00
40573,10644706.00
40574,7881059.00
40575,7796002.00
40576,19599310.00
40577,15931645.00
40578,20241104.00
40579,4970072.00
40580,21068780.00
40581,7931634.50
40582,16299105.00
40583,27105444.00
40584,13539794.00
40585,8654407.00
40586,8966223.00
40587,9881436.00
40588,11587958.00
40589,13947116.00
40590,7887689.00
40591,23101474.00
40592,7027384.50
40593,137165568.00
40594,13713181.00
40595,21536804.00
40596,24915398.00
40597,11631971.00
40598,8062673.50
40599,32025008.00
40600,32094342.00
40601,19054000.00
40602,9942710.00
40603,7571007.50
40604,29641868.00
40605,18186698.00
40606,19771874.00
40607,7299414.50
40608,8632939.00
40609,60388620.00
40610,7662550.50
40611,57907004.00
40612,11849221.00
40613,38340360.00
40614,8154701.50
40615,22136972.00
40616,35972268.00
40617,41196004.00
40618,44569540.00
40619,11643791.00
40620,24646036.00
40621,34629108.00
40622,9206874.00
40623,42032416.00
40624,7765671.00
40625,7188852.50
40626,22348358.00
40627,14072614.00
40628,20277006.00
40629,25946988.00
40630,10893627.00
40631,16663939.00
40632,5134533.00
40633,22601784.00
40634,7956496.50
40635,34568592.00
40636,9770428.00
40637,46349324.00
40638,11124035.00
40639,19229736.00
40640,23099874.00
40641,12084338.00
40642,6613694.50
40643,27460560.00
40644,6815616.00
40645,14513388.00
40646,12454226.00
40647,8655522.00
40648,19528162.00
40649,26405766.00
40650,18474030.00
40651,14290275.00
40652,18169412.00
40653,5442396.00
40654,33586144.00
40655,9798970.00
40656,7029020.00
40657,22328940.00
40658,10181703.00
40659,46874868.00
40660,10570354.00
40661,8215681.50
40662,42041516.00
40663,9625192.00
40664,10706965.00
40665,12753284.00
40666,25822092.00
40667,18975850.00
40668,8559407.00
40669,23196980.00
40670,36159456.00
40671,22505754.00
40672,20473140.00
40673,17646734.00
40674,14318267.00
40675,10417892.00
40676,22245026.00
40677,42028008.00
40678,12832010.00
40679,18057932.00
40680,29593444.00
40681,14824189.00
40682,13021910.00
40683,4945636.00
40684,14562618.00
40685,34091548.00
40686,20938612.00
40687,11477277.00
40688,6080574.00
40689,20870684.00
40690,19669560.00
40691,89716768.00
40692,40547936.00
40693,32210380.00
40694,19731380.00
40695,18856828.00
40696,11978772.00
40697,7752969.50
40698,8073972.00
40699,16418077.00
40700,25669724.00
40701,8219081.50
40702,8792111.00
40703,10380890.00
40704,29695516.00
40705,11497061.00
40706,22574620.00
40707,8416674.00
40708,8192643.00
40709,79512064.00
40710,32308126.00
40711,8684260.00
40712,8961901.00
40713,11164948.00
40714,11587185.00
40715,13476099.00
40716,15278781.00
40717,11021068.00
40718,15298458.00
40719,25778888.00
40720,11809441.00
40721,11154979.00
40722,21271278.00
40723,22490304.00
40724,8966802.00
40725,10752640.00
40726,12886208.00
40727,12003910.00
40728,11443756.00
40729,13713130.00
40730,6562257.50
40731,24650386.00
40732,18413526.00
40733,11321970.00
40734,7200339.00
40735,92861088.00
40736,21343658.00
40737,71268544.00
40738,16659185.00
40739,15478429.00
40740,73566984.00
40741,13764524.00
40742,24258658.00
40743,15846086.00
40744,12801454.00
40745,16466939.00
40746,13360833.00
40747,47872696.00
40748,23986196.00
40749,13769682.00
40750,11494490.00
40751,13206464.00
40752,34342284.00
40753,7214944.00
40754,13226051.00
40755,12409763.00
40756,9865978.00
40757,9609180.00
40758,27689292.00
40759,13104918.00
40760,22070656.00
40761,17853894.00
40762,16610586.00
40763,6757409.50
40764,16911270.00
40765,18275010.00
40766,12965860.00
40767,12085761.00
40768,14441286.00
40769,13191962.00
40770,27449304.00
40771,26150384.00
40772,4712461.00
40773,12265471.00
40774,13824916.00
40775,23837184.00
40776,51434960.00
40777,25975098.00
40778,37285832.00
40779,11154400.00
40780,33240296.00
40781,11749078.00
40782,4908872.00
40783,10696216.00
40784,7993721.50
40785,8355953.50
40786,14415894.00
40787,16447251.00
40788,19809728.00
40789,22686866.00
40790,12063662.00
40791,16761713.00
40792,37909040.00
40793,35567716.00
40794,26390882.00
40795,11733574.00
40796,11636838.00
40797,34769280.00
40798,17209624.00
40799,10202311.00
40800,14651740.00
40801,13259156.00
40802,13753422.00
40803,30930334.00
40804,13301878.00
40805,12081345.00
40806,16382917.00
40807,11459648.00
40808,27247394.00
40809,26267638.00
40810,40315248.00
40811,26466164.00
40812,15281304.00
40813,4552695.00
40814,22135370.00
40815,17734762.00
40816,16404765.00
40817,21819382.00
40818,8870976.00
40819,11216646.00
40820,44639976.00
40821,14278173.00
40822,12661170.00
40823,11472193.00
40824,15211904.00
40825,5452275.00
40826,6388369.50
40827,35839492.00
40828,4771319.00
40829,12994063.00
40830,7677462.00
40831,36965140.00
40832,10547967.00
40833,25089904.00
40834,16007201.00
40835,13667814.00
40836,15343356.00
40837,6289296.00
40838,10451211.00
40839,13834472.00
40840,14573825.00
40841,23160628.00
40842,14917102.00
40843,8300996.50
40844,11032718.00
40845,10593924.00
40846,26863526.00
40847,22791132.00
40848,8178717.00
40849,16456828.00
40850,14179816.00
40851,9094349.00
40852,10787875.00
40853,51798168.00
40854,12792731.00
40855,16982610.00
40856,12498084.00
40857,26583952.00
40858,10158760.00
40859,9634162.00
40860,13343853.00
40861,48703832.00
40862,15071579.00
40863,41733264.00
40864,17502156.00
40865,6030903.00
40866,5241530.00
40867,18517310.00
40868,12811736.00
40869,7504503.00
40870,9758996.00
40871,6741216.00
40872,13735461.00
40873,38786132.00
40874,30197400.00
40875,22307016.00
40876,7529662.50
40877,11641375.00
40878,20808924.00
40879,32711266.00
40880,13863293.00
40881,17638004.00
40882,11335462.00
40883,11852950.00
40884,11082240.00
40885,13635590.00
40886,26654662.00
40887,46628440.00
40888,10714772.00
40889,19524720.00
40890,24491130.00
40891,14000298.00
40892,16672581.00
40893,21001572.00
40894,32009292.00
40895,33856304.00
40896,10499204.00
40897,15904803.00
40898,8897716.00
40899,53724508.00
40900,13778668.00
40901,43164136.00
40902,27176640.00
40903,8516328.00
40904,13247679.00
40905,6492487.00
40906,8128935.50
40907,24889748.00
40908,8871297.00
40909,20706924.00
40910,24791022.00
40911,29890204.00
40912,18087698.00
40913,11683064.00
40914,28755920.00
40915,7000754.50
40916,36295680.00
40917,15822221.00
40918,11097999.00
40919,11254784.00
40920,8391126.00
40921,77950896.00
40922,7180048.50
40923,12044995.00
40924,16271252.00
40925,5437908.00
40926,6833699.00
40927,8965754.00
40928,15764819.00
40929,6978706.50
40930,8021565.00
40931,22015704.00
40932,58922812.00
40933,26084378.00
40934,16300740.00
40935,20155186.00
40936,13912104.00
40937,16103359.00
40938,48618024.00
40939,10789818.00
40940,14979557.00
40941,10239036.00
40942,30892644.00
40943,22057624.00
40944,23425984.00
40945,13978656.00
40946,40554944.00
40947,27377876.00
40948,12898908.00
40949,18357892.00
40950,37273864.00
40951,17598512.00
40952,6400567.00
40953,15282989.00
40954,8626062.00
40955,34867816.00
40956,11811377.00
40957,7574667.00
40958,21907622.00
40959,10920186.00
40960,11274179.00
40961,14420906.00
40962,21938408.00
40963,7913290.00
40964,11861946.00
40965,14404381.00
40966,17640530.00
40967,9378042.00
40968,18660454.00
40969,16013855.00
40970,16026668.00
40971,17772162.00
40972,25832840.00
40973,21052544.00
40974,11095517.00
40975,11102458.00
40976,31038320.00
40977,8028769.50
40978,19073254.00
40979,21819172.00
40980,14124595.00
40981,16993302.00
40982,15975956.00
40983,16121870.00
40984,28717102.00
40985,34138356.00
40986,14578307.00
40987,13558299.00
40988,7518036.00
40989,32560660.00
40990,16538312.00
40991,14571855.00
40992,24936204.00
40993,6265098.00
40994,21184826.00
40995,7757886.50
40996,25583242.00
40997,6173666.00
40998,11166200.00
40999,22663278.00
41000,16962226.00
41001,11562249.00
41002,9747636.00
41003,37705468.00
41004,6976618.00
41005,25879006.00
41006,3916431.00
41007,15369647.00
41008,11190150.00
41009,22832216.00
41010,21936656.00
41011,5403638.00
41012,24167496.00
41013,28821576.00
41014,24124184.00
41015,14558824.00
41016,20784212.00
41017,85068696.00
41018,14980824.00
41019,11016020.00
41020,18227892.00
41021,14392506.00
41022,11460101.00
41023,27215272.00
41024,19888248.00
41025,44350504.00
41026,6711400.50
41027,13579014.00
41028,18356424.00
41029,11040416.00
41030,27317032.00
41031,10457734.00
41032,14137606.00
41033,30926474.00
41034,45798192.00
41035,5115316.00
41036,7566766.50
41037,7232896.00
41038,12900686.00
41039,8126715.00
41040,9544984.00
41041,11613617.00
41042,18340326.00
41043,14758353.00
41044,12389482.00
41045,38637676.00
41046,21840198.00
41047,22545912.00
41048,11488691.00
41049,25661018.00
41050,11646637.00
41051,12044451.00
41052,21568018.00
41053,8583378.00
41054,116610896.00
41055,17986416.00
41056,14151628.00
41057,13979720.00
41058,8583378.00
41059,27472798.00
41060,11550950.00
41061,16079729.00
41062,36420144.00
41063,9175025.00
41064,59642380.00
41065,17580570.00
41066,2617608.00
41067,12436618.00
41068,14260186.00
41069,17860540.00
41070,34670812.00
41071,21185432.00
41072,17379140.00
41073,28461172.00
41074,4532017.00
41075,7104651.00
41076,12383304.00
41077,29197120.00
41078,8330501.00
41079,9418989.00
41080,6189205.00
41081,19508544.00
41082,24668552.00
41083,12237452.00
41084,19969740.00
41085,18204042.00
41086,14467098.00
41087,10784334.00
41088,23353388.00
41089,14462162.00
41090,11320786.00
41091,12281725.00
41092,41414752.00
41093,13594518.00
41094,28055622.00
41095,9474637.00
41096,107491680.00
41097,19946632.00
41098,29301120.00
41099,22966132.00
41100,9196840.00
41101,10920904.00
41102,26664570.00
41103,24780312.00
41104,11784762.00
41105,13153338.00
41106,20487050.00
41107,88678208.00
41108,13329512.00
41109,77681856.00
41110,10812274.00
41111,15570253.00
41112,9050446.00
41113,31495354.00
41114,27963192.00
41115,8737605.00
41116,12886593.00
41117,13428596.00
41118,13515722.00
41119,38452176.00
41120,12809187.00
41121,50798256.00
41122,10427756.00
41123,38825280.00
41124,17212184.00
41125,16269396.00
41126,6498046.50
41127,17737716.00
41128,6498818.00
41129,22263760.00
41130,13171532.00
41131,25364258.00
41132,17247342.00
41133,7045812.50
41134,20148226.00
41135,11779779.00
41136,9800416.00
41137,14467485.00
41138,10571130.00
41139,12809187.00
41140,34921656.00
41141,6879830.00
41142,9650323.00
41143,12610843.00
41144,10101322.00
41145,12586796.00
41146,13089678.00
41147,23419074.00
41148,9531480.00
41149,11872650.00
41150,19650446.00
41151,17112102.00
41152,9664186.00
41153,21137408.00
41154,48279528.00
41155,8184470.50
41156,21207772.00
41157,10679976.00
41158,25376788.00
41159,5917472.00
41160,16843772.00
41161,30361064.00
41162,37993724.00
41163,6981769.00
41164,10625166.00
41165,19371522.00
41166,41739008.00
41167,17328846.00
41168,22180352.00
41169,7587654.00
41170,21705530.00
41171,40458336.00
41172,8202846.50
41173,14362408.00
41174,5349104.00
41175,26461114.00
41176,24659518.00
41177,13143610.00
41178,7157051.00
41179,10118124.00
41180,14088975.00
41181,11095517.00
41182,12653110.00
41183,30732504.00
41184,8982502.00
41185,8522474.00
41186,17169728.00
41187,25156872.00
41188,21763528.00
41189,28152034.00
41190,16151491.00
41191,9677219.00
41192,12940634.00
41193,26643336.00
41194,8436143.00
41195,17304962.00
41196,17281464.00
41197,10877367.00
41198,26442636.00
41199,44879544.00
41200,22188376.00
41201,20382808.00
41202,6854907.50
41203,14231645.00
41204,11412125.00
41205,10296684.00
41206,34999424.00
41207,22773358.00
41208,18986994.00
41209,37985744.00
41210,30483496.00
41211,37057348.00
41212,10098272.00
41213,6318545.50
41214,8906441.00
41215,5214303.00
41216,24202660.00
41217,13572727.00
41218,30076416.00
41219,15291680.00
41220,9320813.00
41221,21123336.00
41222,9555284.00
41223,55689416.00
41224,21735512.00
41225,9398555.00
41226,12695738.00
41227,9746152.00
41228,10007228.00
41229,11612093.00
41230,39528892.00
41231,8316555.00
41232,17076044.00
41233,17970740.00
41234,17825770.00
41235,14924744.00
41236,40913592.00
41237,31465256.00
41238,17194188.00
41239,20234706.00
41240,13010089.00
41241,13651030.00
41242,11477101.00
41243,19031348.00
41244,13963864.00
41245,8609416.00
41246,18561608.00
41247,36748952.00
41248,11067386.00
41249,22098796.00
41250,22687752.00
41251,16310351.00
41252,33051456.00
41253,13724785.00
41254,11239549.00
41255,37638304.00
41256,21560442.00
41257,12036787.00
41258,37725956.00
41259,13101352.00
41260,36765596.00
41261,35616796.00
41262,11528582.00
41263,24709918.00
41264,24784314.00
41265,14760572.00
41266,22850040.00
41267,6163137.50
41268,19835548.00
41269,14318354.00
41270,38025440.00
41271,20263150.00
41272,20902896.00
41273,22721780.00
41274,14559694.00
41275,23514420.00
41276,18489662.00
41277,11315894.00
41278,30203258.00
41279,18136404.00
41280,13217614.00
41281,11436200.00
41282,9173772.00
41283,23675018.00
41284,14248800.00
41285,15109327.00
41286,24497822.00
41287,7286614.00
41288,26639802.00
41289,21145102.00
41290,18600958.00
41291,5349092.00
41292,14020878.00
41293,15963471.00
41294,5230200.00
41295,107512984.00
41296,28497822.00
41297,19364702.00
41298,19355132.00
41299,12065290.00
41300,12742117.00
41301,13983960.00
41302,48002024.00
41303,13995898.00
41304,32721694.00
41305,9081153.00
41306,11138003.00
41307,9556092.00
41308,10229273.00
41309,25962778.00
41310,30441848.00
41311,26279828.00
41312,38738184.00
41313,43061124.00
41314,12023772.00
41315,57041968.00
41316,14460059.00
41317,10181500.00
41318,26173342.00
41319,7700739.00
41320,15548639.00
41321,15787032.00
41322,39762728.00
41323,23532076.00
41324,16075832.00
41325,50644420.00
41326,14173812.00
41327,24256540.00
41328,16730068.00
41329,31763604.00
41330,19357268.00
41331,11896722.00
41332,17532596.00
41333,4679017.00
41334,30813420.00
41335,9526511.00
41336,12794638.00
41337,76815776.00
41338,39182600.00
41339,20822630.00
41340,9824686.00
41341,21739142.00
41342,25815160.00
41343,21000710.00
41344,11126388.00
41345,26614564.00
41346,15697994.00
41347,6156518.00
41348,40323656.00
41349,22405694.00
41350,21199728.00
41351,19792162.00
41352,13965816.00
41353,31166156.00
41354,11095500.00
41355,9107028.00
41356,8789124.00
41357,16080404.00
41358,10175955.00
41359,23096756.00
41360,16152605.00
41361,16980666.00
41362,18478108.00
41363,42919920.00
41364,11146706.00
41365,17038170.00
41366,8368467.00
41367,11248607.00
41368,21228828.00
41369,8837292.00
41370,10082777.00
41371,9941580.00
41372,13819889.00
41373,9886916.00
41374,16945090.00
41375,21991924.00
41376,6637212.00
41377,10267679.00
41378,8112711.00
41379,26525834.00
41380,8203949.50
41381,21251458.00
41382,14002354.00
41383,13190968.00
41384,5418162.00
41385,4760891.00
41386,19347352.00
41387,25649936.00
41388,20697664.00
41389,10639760.00
41390,30927572.00
41391,9142560.00
41392,11852230.00
41393,12012835.00
41394,15897016.00
41395,13781239.00
41396,10756362.00
41397,8024577.50
41398,19461820.00
41399,21703298.00
41400,11976152.00
41401,14620812.00
41402,8995726.00
41403,18219158.00
41404,26092678.00
41405,53600280.00
41406,18320488.00
41407,32745018.00
41408,13770267.00
41409,12087493.00
41410,14969318.00
41411,14731570.00
41412,15655994.00
41413,14895916.00
41414,9488638.00
41415,33053080.00
41416,9958938.00
41417,9776582.00
41418,35119872.00
41419,11791757.00
41420,10035231.00
41421,20775890.00
41422,19796084.00
41423,11649772.00
41424,15774173.00
41425,9097730.00
41426,12740785.00
41427,7163646.00
41428,19882232.00
41429,4908872.00
41430,44353512.00
41431,7979187.00
41432,8874886.00
41433,13765580.00
41434,17662098.00
41435,13213490.00
41436,40943908.00
41437,16180081.00
41438,6812972.00
41439,6982845.00
41440,14218510.00
41441,12486909.00
41442,27578722.00
41443,24103266.00
41444,15987076.00
41445,13763919.00
41446,9365912.00
41447,40215380.00
41448,20030298.00
41449,15376649.00
41450,6023669.00
41451,7089541.00
41452,29638306.00
41453,28024936.00
41454,20776368.00
41455,10878446.00
41456,8767876.00
41457,32779576.00
41458,17665556.00
41459,24132964.00
41460,12540253.00
41461,7799291.00
41462,19920334.00
41463,10253946.00
41464,10532266.00
41465,17905182.00
41466,14232305.00
41467,21349788.00
41468,9038262.00
41469,14076736.00
41470,10068202.00
41471,22186028.00
41472,10580920.00
41473,31676684.00
41474,7532518.00
41475,35821176.00
41476,7609769.00
41477,10719541.00
41478,34191168.00
41479,10525630.00
41480,10398149.00
41481,24149740.00
41482,13750222.00
41483,34451728.00
41484,35289040.00
41485,11135067.00
41486,50836776.00
41487,11689704.00
41488,15317864.00
41489,7419950.50
41490,31608748.00
41491,31106618.00
41492,8195297.50
41493,8788916.00
41494,12975037.00
41495,12784835.00
41496,29584656.00
41497,23842502.00
41498,8154174.50
41499,6656918.50
41500,13249704.00
41501,14846042.00
41502,5292592.00
41503,20820974.00
41504,9263478.00
41505,11560475.00
41506,8173248.00
41507,7999939.00
41508,25367952.00
41509,21052398.00
41510,13458254.00
41511,13323574.00
41512,29171252.00
41513,12734495.00
41514,11406328.00
41515,16645143.00
41516,41287904.00
41517,31120612.00
41518,24189916.00
41519,11938725.00
41520,18688412.00
41521,33400520.00
41522,12476956.00
41523,42740980.00
41524,6745020.00
41525,5116159.00
41526,19007964.00
41527,9269658.00
41528,15778353.00
41529,8680286.00
41530,5946584.50
41531,20261624.00
41532,11258152.00
41533,30783640.00
41534,10983500.00
41535,38453520.00
41536,22020802.00
41537,17179768.00
41538,24750454.00
41539,9094998.00
41540,7213510.00
41541,9433292.00
41542,12975276.00
41543,17340544.00
41544,22255848.00
41545,7144702.50
41546,29991290.00
41547,15127995.00
41548,17362116.00
41549,31070220.00
41550,13474848.00
41551,19891580.00
41552,19065724.00
41553,32183396.00
41554,49924784.00
41555,25291346.00
41556,38787752.00
41557,12776404.00
41558,28896660.00
41559,8080480.00
41560,13782130.00
41561,13684330.00
41562,7519614.50
41563,12045990.00
41564,22382654.00
41565,8693344.00
41566,12903604.00
41567,21483930.00
41568,22825874.00
41569,27055262.00
41570,9536860.00
41571,45111144.00
41572,9119938.00
41573,14385932.00
41574,12860783.00
41575,13400594.00
41576,21020670.00
41577,15225034.00
41578,24898686.00
41579,17567880.00
41580,17395160.00
41581,18500820.00
41582,17959260.00
41583,20812556.00
41584,42604860.00
41585,38101252.00
41586,11001356.00
41587,18686272.00
41588,19554688.00
41589,23976372.00
41590,15052873.00
41591,35744916.00
41592,21926896.00
41593,24892762.00
41594,10556376.00
41595,14544975.00
41596,45304424.00
41597,21271278.00
41598,23074206.00
41599,11885352.00
41600,10143288.00
41601,19574884.00
41602,6108170.00
41603,28366512.00
41604,25941218.00
41605,11057213.00
41606,6282458.00
41607,12871677.00
41608,15850710.00
41609,17150140.00
41610,11699485.00
41611,9847043.00
41612,6327074.00
41613,24544528.00
41614,16698711.00
41615,12888051.00
41616,39992860.00
41617,10664940.00
41618,14191142.00
41619,17985180.00
41620,16424317.00
41621,19577004.00
41622,10737574.00
41623,43406556.00
41624,7784647.50
41625,11704294.00
41626,29470638.00
41627,16559590.00
41628,45677900.00
41629,11885608.00
41630,14917102.00
41631,16897354.00
41632,17644698.00
41633,19885450.00
41634,9768258.00
41635,3809499.00
41636,12252648.00
41637,11694070.00
41638,249820544.00
41639,9192534.00
41640,9385971.00
41641,10549402.00
41642,16345866.00
41643,25992984.00
41644,22607984.00
41645,12954586.00
41646,7298755.00
41647,18675822.00
41648,16749155.00
41649,3756085.00
41650,16203706.00
41651,8271744.00
41652,10264660.00
41653,9186234.00
41654,11061431.00
41655,9161997.00
41656,15431722.00
41657,8985378.00
41658,12552596.00
41659,61664656.00
41660,19974052.00
41661,28412744.00
41662,11379529.00
41663,36578056.00
41664,17267668.00
41665,19895734.00
41666,13410499.00
41667,12752416.00
41668,9776593.00
41669,29035660.00
41670,9272308.00
41671,32104460.00
41672,7936210.50
41673,41058536.00
41674,8626380.00
41675,13107082.00
41676,20916202.00
41677,25597278.00
41678,22328536.00
41679,6018085.00
41680,10649958.00
41681,13886522.00
41682,15845990.00
41683,31651380.00
41684,17098650.00
41685,18273298.00
41686,10015642.00
41687,7029561.00
41688,34737640.00
41689,14546780.00
41690,15025330.00
41691,23776058.00
41692,11166103.00
41693,15510450.00
41694,9218318.00
41695,13693690.00
41696,7755708.00
41697,18513804.00
41698,20155186.00
41699,20378336.00
41700,11743980.00
41701,9723842.00
41702,14299955.00
41703,13239910.00
41704,15231028.00
41705,43935172.00
41706,13745426.00
41707,10488366.00
41708,34410508.00
41709,38830648.00
41710,8259446.50
41711,32148922.00
41712,11847796.00
41713,16261820.00
41714,16905266.00
41715,22276308.00
41716,14858732.00
41717,8723305.00
41718,28829044.00
41719,12536492.00
41720,12368561.00
41721,14054179.00
41722,8907184.00
41723,12645938.00
41724,14425091.00
41725,15631921.00
41726,14546723.00
41727,9446368.00
41728,30144698.00
41729,19708808.00
41730,16161476.00
41731,13208387.00
41732,8258669.50
41733,25776012.00
41734,17573108.00
41735,20440684.00
41736,31335744.00
41737,277479680.00
41738,12481277.00
41739,20566876.00
41740,10843516.00
41741,11799781.00
41742,12973047.00
41743,9595880.00
41744,13718125.00
41745,21971288.00
41746,23720564.00
41747,19401732.00
41748,20073424.00
41749,38921932.00
41750,21247646.00
41751,14345068.00
41752,19476630.00
41753,13654156.00
41754,29201128.00
41755,19599984.00
41756,9344694.00
41757,27391568.00
41758,11032728.00
41759,11960812.00
41760,15996547.00
41761,12449938.00
41762,12119247.00
41763,11167707.00
41764,14702597.00
41765,16958574.00
41766,22897308.00
41767,28727622.00
41768,9020875.00
41769,5325826.00
41770,21400264.00
41771,20092118.00
41772,17783746.00
41773,25763052.00
41774,13332822.00
41775,10172967.00
41776,13569747.00
41777,9821006.00
41778,10652946.00
41779,15375128.00
41780,8937007.00
41781,17120626.00
41782,8504475.00
41783,17436244.00
41784,8452669.00
41785,4217673.00
41786,12918610.00
41787,7597117.50
41788,17996272.00
41789,36213312.00
41790,35739328.00
41791,32551828.00
41792,26625384.00
41793,31966808.00
41794,18057328.00
41795,17979612.00
41796,8181779.00
41797,16570892.00
41798,9481794.00
41799,14047212.00
41800,17772562.00
41801,10173680.00
41802,33323408.00
41803,6869469.00
41804,12752381.00
41805,39628408.00
41806,21608912.00
41807,10797344.00
41808,12406630.00
41809,16514157.00
41810,14371556.00
41811,11622241.00
41812,25579060.00
41813,14970300.00
41814,8115585.50
41815,28591424.00
41816,13068273.00
41817,12903008.00
41818,8124830.50
41819,25087944.00
41820,7851719.50
41821,17742804.00
41822,17090278.00
41823,18938076.00
41824,17534968.00
41825,12926179.00
41826,28647848.00
41827,15488401.00
41828,15477033.00
41829,15359187.00
41830,11713533.00
41831,10315942.00
41832,25562284.00
41833,12105166.00
41834,9380844.00
41835,12740785.00
41836,18642162.00
41837,25978444.00
41838,17442722.00
41839,20618172.00
41840,37485988.00
41841,21997428.00
41842,38489712.00
41843,35010136.00
41844,12395523.00
41845,28192876.00
41846,21198594.00
41847,16444387.00
41848,15046474.00
41849,27275934.00
41850,12391256.00
41851,12922468.00
41852,10922232.00
41853,8722894.00
41854,26338380.00
41855,10411285.00
41856,48883988.00
41857,16175082.00
41858,12828964.00
41859,9191852.00
41860,13186684.00
41861,24290636.00
41862,6990249.50
41863,8198419.00
41864,17386636.00
41865,36973884.00
41866,19197908.00
41867,14874639.00
41868,15943562.00
41869,26413258.00
41870,12255165.00
41871,16267459.00
41872,12704874.00
41873,11788063.00
41874,7127404.00
41875,26360484.00
41876,7782376.50
41877,26295888.00
41878,17209742.00
41879,8652559.00
41880,13145024.00
41881,13795476.00
41882,25321336.00
41883,15878460.00
41884,6301898.00
41885,7822510.50
41886,7115131.50
41887,12242822.00
41888,16832254.00
41889,8541812.00
41890,14002354.00
41891,30670924.00
41892,18793274.00
41893,9520601.00
41894,11911532.00
41895,11707416.00
41896,9992440.00
41897,15016212.00
41898,8110421.00
41899,11728707.00
41900,15267854.00
41901,15456751.00
41902,13698518.00
41903,12069882.00
41904,7581529.00
41905,6514974.50
41906,24182080.00
41907,14948431.00
41908,20251732.00
41909,16217998.00
41910,20311606.00
41911,25559640.00
41912,6681521.50
41913,10092502.00
41914,103456376.00
41915,22794352.00
41916,17331870.00
41917,9948095.00
41918,16575512.00
41919,13132305.00
41920,16816634.00
41921,10632983.00
41922,31335744.00
41923,9067398.00
41924,24035894.00
41925,7519614.50
41926,17755984.00
41927,5405682.00
41928,11287706.00
41929,19488608.00
41930,9822344.00
41931,28396104.00
41932,7449335.00
41933,6797798.00
41934,13261324.00
41935,11906026.00
41936,18681748.00
41937,16937022.00
41938,13299340.00
41939,14567071.00
41940,18555536.00
41941,25932752.00
41942,8887156.00
41943,13119937.00
41944,15093780.00
41945,16920308.00
41946,29164870.00
41947,24010152.00
41948,9924067.00
41949,20615262.00
41950,28411740.00
41951,23750256.00
41952,20503324.00
41953,14722915.00
41954,12891570.00
41955,16929124.00
41956,25269754.00
41957,18581494.00
41958,12760718.00
41959,11418104.00
41960,22139392.00
41961,14272823.00
41962,22170824.00
41963,18617734.00
41964,7307758.00
41965,14896893.00
41966,10760558.00
41967,9442066.00
41968,32167316.00
41969,10177168.00
41970,18937156.00
41971,10761295.00
41972,19610628.00
41973,51087452.00
41974,10647203.00
41975,11463794.00
41976,5354827.00
41977,20214912.00
41978,15363761.00
41979,4412937.00
41980,21061750.00
41981,14079107.00
41982,5038817.00
41983,13334358.00
41984,11323224.00
41985,15036686.00
41986,14823759.00
41987,15865281.00
41988,10695680.00
41989,9409319.00
41990,18658536.00
41991,10553128.00
41992,11201133.00
41993,71091848.00
41994,11055578.00
41995,14470732.00
41996,20603240.00
41997,33002772.00
41998,27588236.00
41999,8985279.00
42000,18700924.00
42001,5359301.00
42002,11473897.00
42003,13122227.00
42004,11270172.00
42005,21239632.00
42006,12729324.00
42007,21622804.00
42008,11797030.00
42009,49099160.00
42010,9626946.00
42011,14232748.00
42012,22241510.00
42013,14761284.00
42014,11387668.00
42015,15958406.00
42016,21213792.00
42017,27278854.00
42018,13986438.00
42019,30057244.00
42020,7434166.00
42021,21275276.00
42022,38862016.00
42023,7558208.00
42024,10792227.00
42025,8572546.00
42026,13477791.00
42027,16570492.00
42028,8374160.00
42029,43523568.00
42030,23401944.00
42031,16409489.00
42032,25107834.00
42033,17116578.00
42034,30596696.00
42035,14049848.00
42036,3982440.00
42037,12361691.00
42038,17442722.00
42039,16267459.00
42040,10068142.00
42041,15852936.00
42042,19911344.00
42043,6708039.50
42044,11803468.00
42045,18938664.00
42046,12417709.00
42047,8652847.00
42048,22452440.00
42049,26051298.00
42050,5847470.00
42051,9569446.00
42052,13474259.00
42053,19980244.00
42054,11345681.00
42055,6252187.00
42056,12108406.00
42057,10933661.00
42058,15376282.00
42059,11036659.00
42060,33735484.00
42061,43322164.00
42062,11778502.00
42063,17380200.00
42064,14487423.00
42065,10091238.00
42066,30112122.00
42067,36671816.00
42068,14198214.00
42069,22659184.00
42070,6376245.00
42071,13353149.00
42072,8442248.00
42073,13755281.00
42074,36665608.00
42075,11805586.00
42076,13007153.00
42077,11329883.00
42078,15697761.00
42079,15010202.00
42080,10556376.00
42081,8645780.00
42082,22652244.00
42083,25375458.00
42084,15528785.00
42085,15430269.00
42086,23206664.00
42087,17180118.00
42088,12093091.00
42089,17440334.00
42090,12397060.00
42091,17422678.00
42092,13335254.00
42093,36127124.00
42094,15283067.00
42095,13053612.00
42096,26435170.00
42097,26633624.00
42098,11763535.00
42099,4933561.00
42100,5235090.00
42101,12841929.00
42102,58469084.00
42103,16205710.00
42104,21276928.00
42105,17737340.00
42106,23467932.00
42107,21009302.00
42108,25889484.00
42109,16093175.00
42110,11213875.00
42111,25142446.00
42112,8473196.00
42113,4975775.00
42114,10759674.00
42115,10445296.00
42116,10952214.00
42117,16789840.00
42118,11614988.00
42119,10430172.00
42120,12946712.00
42121,16372525.00
42122,7349526.00
42123,22187974.00
42124,12928820.00
42125,24859356.00
42126,11861514.00
42127,13009871.00
42128,11720881.00
42129,8267473.50
42130,22256228.00
42131,20554776.00
42132,8034139.00
42133,3970621.00
42134,31327752.00
42135,10579418.00
42136,33079504.00
42137,11291181.00
42138,5805424.00
42139,14781391.00
42140,13038775.00
42141,23057182.00
42142,17006032.00
42143,12837436.00
42144,8753916.00
42145,39281648.00
42146,10558570.00
42147,13612426.00
42148,21045656.00
42149,11297704.00
42150,20801888.00
42151,30308638.00
42152,12152349.00
42153,13563455.00
42154,19619212.00
42155,11141650.00
42156,23387166.00
42157,24282988.00
42158,17991478.00
42159,19813796.00
42160,29755718.00
42161,22540696.00
42162,23025692.00
42163,13850356.00
42164,20826608.00
42165,10437478.00
42166,20775262.00
42167,13110831.00
42168,18781384.00
42169,37697740.00
42170,14906232.00
42171,17906924.00
42172,44109480.00
42173,16964214.00
42174,18742878.00
42175,15168867.00
42176,25583022.00
42177,23777054.00
42178,51828060.00
42179,14699677.00
42180,6482793.00
42181,10047728.00
42182,13883297.00
42183,8035301.00
42184,32886644.00
42185,11223926.00
42186,17696102.00
42187,8611578.00
42188,10194942.00
42189,17155396.00
42190,9485566.00
42191,7640747.50
42192,11569402.00
42193,16500819.00
42194,16053908.00
42195,4579216.00
42196,49602892.00
42197,46779416.00
42198,44968316.00
42199,12212628.00
42200,28307962.00
42201,16358797.00
42202,9168716.00
42203,15910957.00
42204,29182096.00
42205,10242410.00
42206,13062888.00
42207,17899012.00
42208,10921256.00
42209,8222565.00
42210,13793021.00
42211,14806309.00
42212,14494493.00
42213,13014418.00
42214,37932984.00
42215,7900134.00
42216,7330920.50
42217,9197241.00
42218,18032340.00
42219,9005716.00
42220,12838333.00
42221,15445955.00
42222,16750307.00
42223,10421006.00
42224,48906044.00
42225,12457679.00
42226,18795668.00
42227,12021213.00
42228,11296000.00
42229,16927830.00
42230,13278659.00
42231,17750764.00
42232,14289078.00
42233,15529649.00
42234,10738883.00
42235,32024052.00
42236,20193878.00
42237,11442204.00
42238,10932385.00
42239,7885988.50
42240,15933943.00
42241,9262984.00
42242,14797728.00
42243,14367807.00
42244,18256896.00
42245,14712932.00
42246,14752114.00
42247,25671814.00
42248,31771112.00
42249,5789214.00
42250,25712410.00
42251,31671322.00
42252,18266116.00
42253,11271258.00
42254,28756984.00
42255,22512064.00
42256,28599930.00
42257,18986304.00
42258,34687188.00
42259,15358589.00
42260,45900220.00
42261,7097131.50
42262,10021930.00
42263,22840372.00
42264,14120589.00
42265,28326530.00
42266,16385464.00
42267,8616563.00
42268,12708796.00
42269,10416988.00
42270,27204596.00
42271,7770327.50
42272,17887198.00
42273,5563921.50
42274,13789358.00
42275,26325650.00
42276,16262506.00
42277,21393984.00
42278,34703140.00
42279,8679425.00
42280,7029644.00
42281,39322908.00
42282,10696772.00
42283,13152503.00
42284,7632240.00
42285,19762872.00
42286,32472344.00
42287,47097168.00
42288,3670531.75
42289,31841484.00
42290,23043628.00
42291,8316166.00
42292,20541720.00
42293,17138960.00
42294,8570883.00
42295,9852838.00
42296,20555730.00
42297,11772870.00
42298,26166184.00
42299,6933155.00
42300,16837050.00
42301,7536756.00
42302,19170416.00
42303,5508514.00
42304,13301457.00
42305,14173284.00
42306,25027924.00
42307,7354937.50
42308,21615508.00
42309,17029872.00
42310,31523276.00
42311,14319726.00
42312,10457734.00
42313,6315030.00
42314,27278344.00
42315,6809429.00
42316,25107642.00
42317,41517440.00
42318,30818872.00
42319,16362915.00
42320,9531649.00
42321,36391324.00
42322,17234884.00
42323,16071462.00
42324,10025122.00
42325,14632046.00
42326,7969310.50
42327,13943165.00
42328,16032614.00
42329,63532148.00
42330,37864504.00
42331,16461856.00
42332,36555396.00
42333,9190900.00
42334,8439968.00
42335,8507750.00
42336,7654798.50
42337,13263892.00
42338,20132688.00
42339,21733384.00
42340,12080948.00
42341,19248502.00
42342,9313182.00
42343,2688063.00
42344,6308370.00
42345,16194269.00
42346,8735876.00
42347,30418192.00
42348,11161719.00
42349,51950648.00
42350,53354704.00
42351,41064088.00
42352,20004122.00
42353,20264552.00
42354,4247231.00
42355,15851510.00
42356,17136372.00
42357,13171532.00
42358,25956888.00
42359,19987668.00
42360,20816736.00
42361,15455363.00
42362,19933992.00
42363,13816274.00
42364,9788482.00
42365,22521158.00
42366,16183191.00
42367,17163978.00
42368,19867814.00
42369,13650092.00
42370,16926006.00
42371,22932172.00
42372,16218958.00
42373,5110969.00
42374,10734627.00
42375,10356874.00
42376,14787448.00
42377,23959252.00
42378,12815448.00
42379,11270820.00
42380,44725288.00
42381,11184986.00
42382,12058341.00
42383,13448261.00
42384,8731768.00
42385,16485711.00
42386,19488500.00
42387,12219814.00
42388,11014429.00
42389,14079416.00
42390,10758853.00
42391,14648250.00
42392,20465950.00
42393,17691256.00
42394,12011332.00
42395,8975465.00
42396,18032392.00
42397,17090958.00
42398,11036339.00
42399,14845728.00
42400,30686736.00
42401,15797100.00
42402,7070596.50
42403,53998044.00
42404,43769868.00
42405,18525772.00
42406,9874040.00
42407,9597210.00
42408,21603170.00
42409,24474374.00
42410,20879016.00
42411,9162027.00
42412,34515836.00
42413,95949472.00
42414,50809800.00
42415,14790495.00
42416,25310512.00
42417,23804304.00
42418,15422429.00
42419,13571420.00
42420,10699304.00
42421,4546330.00
42422,5563931.00
42423,19469768.00
42424,10437667.00
42425,14732978.00
42426,10038241.00
42427,15992643.00
42428,12075414.00
42429,23121336.00
42430,5510453.00
42431,13232365.00
42432,20783640.00
42433,10452003.00
42434,14353041.00
42435,31151948.00
42436,11020906.00
42437,11191566.00
42438,22135756.00
42439,36054128.00
42440,32555294.00
42441,13138339.00
42442,22674780.00
42443,33472216.00
42444,14886534.00
42445,26219876.00
42446,88874264.00
42447,8177258.00
42448,4929004.00
42449,6213172.00
42450,13430208.00
42451,15826395.00
42452,32960216.00
42453,26146054.00
42454,15445188.00
42455,12891647.00
42456,5015152.00
42457,7271136.50
42458,13335936.00
42459,9913936.00
42460,8599202.00
42461,22300426.00
42462,20484096.00
42463,8812000.00
42464,17489908.00
42465,13376355.00
42466,11359666.00
42467,6186382.50
42468,18447450.00
42469,21155268.00
42470,19474726.00
42471,26965434.00
42472,10328629.00
42473,81541872.00
42474,14868524.00
42475,16563191.00
42476,13764150.00
42477,18577990.00
42478,11501708.00
42479,7300390.50
42480,3839699.75
42481,11673142.00
42482,15021368.00
42483,148490400.00
42484,10581140.00
42485,25860934.00
42486,8873818.00
42487,19834260.00
42488,13688411.00
42489,16818198.00
42490,11486258.00
42491,44043728.00
42492,17515510.00
42493,8651900.00
42494,15247860.00
42495,94483304.00
42496,22704826.00
42497,7129599.50
42498,18542184.00
42499,36808972.00
42500,7463016.50
42501,14146964.00
42502,29813236.00
42503,9239422.00
42504,6025959.50
42505,4917926.00
42506,278460608.00
42507,22540500.00
42508,51950568.00
42509,57189260.00
42510,12817100.00
42511,19928672.00
42512,6066370.00
42513,17234884.00
42514,11866216.00
42515,5240627.00
42516,17665630.00
42517,16526765.00
42518,37758256.00
42519,21064430.00
42520,19156624.00
42521,8270985.50
42522,32780148.00
42523,19693750.00
42524,17424776.00
42525,9689905.00
42526,13724003.00
42527,22072792.00
42528,25929292.00
42529,8979415.00
42530,8946376.00
42531,9840152.00
42532,9152224.00
42533,50917064.00
42534,15681746.00
42535,8497510.00
42536,41960276.00
42537,13205466.00
42538,38940328.00
42539,10137990.00
42540,15009612.00
42541,25639856.00
42542,18308850.00
42543,17901908.00
42544,73750336.00
42545,16053780.00
42546,38737856.00
42547,19673596.00
42548,14547406.00
42549,18312054.00
42550,22859254.00
42551,19315808.00
42552,17715662.00
42553,14658708.00
42554,8985756.00
42555,8658977.00
42556,13947073.00
42557,21865146.00
42558,9492694.00
42559,19259424.00
42560,11229288.00
42561,21529624.00
42562,18320604.00
42563,18775312.00
42564,9696982.00
42565,6062016.00
42566,13731620.00
42567,33358238.00
42568,19868412.00
42569,20998830.00
42570,15800660.00
42571,8361831.50
42572,12128471.00
42573,24777300.00
42574,25938532.00
42575,26083640.00
42576,10040499.00
42577,21857222.00
42578,12071574.00
42579,32378426.00
42580,11323982.00
42581,12709768.00
42582,23405154.00
42583,15811956.00
42584,44583712.00
42585,1494137.00
42586,17029224.00
42587,17443570.00
42588,5878329.00
42589,8654462.00
42590,21655934.00
42591,4268836.00
42592,7803755.50
42593,6101143.00
42594,19961906.00
42595,11486700.00
42596,10058259.00
42597,17485656.00
42598,9978841.00
42599,42436492.00
42600,22452440.00
42601,39921080.00
42602,7390306.00
42603,8647456.00
42604,10199820.00
42605,12718577.00
42606,11560412.00
42607,20872006.00
42608,19798798.00
42609,6517298.00
42610,31171876.00
42611,12549585.00
42612,14640417.00
42613,10457734.00
42614,10225108.00
42615,4929487.00
42616,18999116.00
42617,10543055.00
42618,9410498.00
42619,12851930.00
42620,18794426.00
42621,11364118.00
42622,11627140.00
42623,21086074.00
42624,27318508.00
42625,15604375.00
42626,20960098.00
42627,33350620.00
42628,7955661.50
42629,50764136.00
42630,31366792.00
42631,13894109.00
42632,9525058.00
42633,47811304.00
42634,19117462.00
42635,25652452.00
42636,11122353.00
42637,15389332.00
42638,18496810.00
42639,11096127.00
42640,28107416.00
42641,11981286.00
42642,27411236.00
42643,8694252.00
42644,8516060.00
42645,21767610.00
42646,23474972.00
42647,18392964.00
42648,11437012.00
42649,12107885.00
42650,12024678.00
42651,8760476.00
42652,10713565.00
42653,11528332.00
42654,42942084.00
42655,25497256.00
42656,10341597.00
42657,5252067.00
42658,14094391.00
42659,10727140.00
42660,12281725.00
42661,17720684.00
42662,8258499.00
42663,26152902.00
42664,34076744.00
42665,14467552.00
42666,10945746.00
42667,19111382.00
42668,14154484.00
42669,9650116.00
42670,11289370.00
42671,11539574.00
42672,16689871.00
42673,21509062.00
42674,19021732.00
42675,8131488.50
42676,12009060.00
42677,7387519.50
42678,14420260.00
42679,36381568.00
42680,23740678.00
42681,8750124.00
42682,9792060.00
42683,11454086.00
42684,26142600.00
42685,13833594.00
42686,19303794.00
42687,11212259.00
42688,28038616.00
42689,12993403.00
42690,28071562.00
42691,14772541.00
42692,11752995.00
42693,27985144.00
42694,24963864.00
42695,18831264.00
42696,12491866.00
42697,25938636.00
42698,16250171.00
42699,10515695.00
42700,6815815.50
42701,26839462.00
42702,7428837.00
42703,7685787.50
42704,33943528.00
42705,11379529.00
42706,20271884.00
42707,5497301.00
42708,15337473.00
42709,13314776.00
42710,11724696.00
42711,19019874.00
42712,12821289.00
42713,17537248.00
42714,7696973.00
42715,9423681.00
42716,4749894.00
42717,15429504.00
42718,11118348.00
42719,10996573.00
42720,14557155.00
42721,39467584.00
42722,15403264.00
42723,33079504.00
42724,13384650.00
42725,11907086.00
42726,13158851.00
42727,39227572.00
42728,17658948.00
42729,12377234.00
42730,10560114.00
42731,9590699.00
42732,16880076.00
42733,20976624.00
42734,12962429.00
42735,8548398.00
42736,4124115.00
42737,32269470.00
42738,14292449.00
42739,13427396.00
42740,5668460.00
42741,6155862.00
42742,19806406.00
42743,30463604.00
42744,29762496.00
42745,11154522.00
42746,13706010.00
42747,26241890.00
42748,10422312.00
42749,13674052.00
42750,36177376.00
42751,5447851.00
42752,17532092.00
42753,8211577.00
42754,21787078.00
42755,22321844.00
42756,18427796.00
42757,11348006.00
42758,20691232.00
42759,26194066.00
42760,16311812.00
42761,25419096.00
42762,14289235.00
42763,18219556.00
42764,18190490.00
42765,30735960.00
42766,24083668.00
42767,17396952.00
42768,9835652.00
42769,75363624.00
42770,18973152.00
42771,41146240.00
42772,10493198.00
42773,27862940.00
42774,19044802.00
42775,13801157.00
42776,36118940.00
42777,12959735.00
42778,8108850.00
42779,20724914.00
42780,21581196.00
42781,9138373.00
42782,21020958.00
42783,5129266.00
42784,19085688.00
42785,9001392.00
42786,11091630.00
42787,11360968.00
42788,8596911.00
42789,41395872.00
42790,16178143.00
42791,18175880.00
42792,13683747.00
42793,8202886.00
42794,22659016.00
42795,12316602.00
42796,13577322.00
42797,17097134.00
42798,9580073.00
42799,22558428.00
42800,19362128.00
42801,14957204.00
42802,16703438.00
42803,18105748.00
42804,6832205.50
42805,16329065.00
42806,24402228.00
42807,9236192.00
42808,5815627.00
42809,23498688.00
42810,13312707.00
42811,30945726.00
42812,28399464.00
42813,19993144.00
42814,13291011.00
42815,14018098.00
42816,7677653.00
42817,24144454.00
42818,10032306.00
42819,8801398.00
42820,20566684.00
42821,20767408.00
42822,12781830.00
42823,20889162.00
42824,12328788.00
42825,8923681.00
42826,29145912.00
42827,10630700.00
42828,31520028.00
42829,9736108.00
42830,12677652.00
42831,8745651.00
42832,10039578.00
42833,15239718.00
42834,14824518.00
42835,23835752.00
42836,8341617.50
42837,16697376.00
42838,35820996.00
42839,13723313.00
42840,9711062.00
42841,11312335.00
42842,13642483.00
42843,8779239.00
42844,19161750.00
42845,12727446.00
42846,10506012.00
42847,23537862.00
42848,16146490.00
42849,17358118.00
42850,21578844.00
42851,11258545.00
42852,36285408.00
42853,19478508.00
42854,39053872.00
42855,22362038.00
42856,13925480.00
42857,22225992.00
42858,10556376.00
42859,9329686.00
42860,20535004.00
42861,11842205.00
42862,13940659.00
42863,16247414.00
42864,35974496.00
42865,42936888.00
42866,12005537.00
42867,14565097.00
42868,22477754.00
42869,17595016.00
42870,13864120.00
42871,9395946.00
42872,12155580.00
42873,7169856.00
42874,12369070.00
42875,32549080.00
42876,10489658.00
42877,21708020.00
42878,15454815.00
42879,6960608.00
42880,17167718.00
42881,9855512.00
42882,27676824.00
42883,12910909.00
42884,18516856.00
42885,10885044.00
42886,22156744.00
42887,5362146.00
42888,39149120.00
42889,11828826.00
42890,13882030.00
42891,14217807.00
42892,27693274.00
42893,10655284.00
42894,10763420.00
42895,16180396.00
42896,16151869.00
42897,13769853.00
42898,10914683.00
42899,31130430.00
42900,7781089.50
42901,21913368.00
42902,22625126.00
42903,21234902.00
42904,12655139.00
42905,16514668.00
42906,9276874.00
42907,14420109.00
42908,10008428.00
42909,16852596.00
42910,28936280.00
42911,11251844.00
42912,10505174.00
42913,19896122.00
42914,14967684.00
42915,7900319.50
42916,20281028.00
42917,17722218.00
42918,24548288.00
42919,6854951.50
42920,25010106.00
42921,14430106.00
42922,41234188.00
42923,11600600.00
42924,22621880.00
42925,6420590.00
42926,9419574.00
42927,11085478.00
42928,17187868.00
42929,14112827.00
42930,15529825.00
42931,16562708.00
42932,22422026.00
42933,16313226.00
42934,9225882.00
42935,13221964.00
42936,11494540.00
42937,40309840.00
42938,23195934.00
42939,9535543.00
42940,9723945.00
42941,14686858.00
42942,5295868.00
42943,21309860.00
42944,21996358.00
42945,5438488.50
42946,28459838.00
42947,38222224.00
42948,25161464.00
42949,16026668.00
42950,22189716.00
42951,12940637.00
42952,11840780.00
42953,15354857.00
42954,23016112.00
42955,16809674.00
42956,11930038.00
42957,9568342.00
42958,26562304.00
42959,17056902.00
42960,106284912.00
42961,15232899.00
42962,20114518.00
42963,12360233.00
42964,16897042.00
42965,9142183.00
42966,15274996.00
42967,13501888.00
42968,14560159.00
42969,25142308.00
42970,31096780.00
42971,22300514.00
42972,39378292.00
42973,15301544.00
42974,14791347.00
42975,17946412.00
42976,7426448.00
42977,9784940.00
42978,8163136.50
42979,9793913.00
42980,28054188.00
42981,16367142.00
42982,9976388.00
42983,12210275.00
42984,13108317.00
42985,7020458.00
42986,5707946.00
42987,11154986.00
42988,8245081.50
42989,8311494.50
42990,13310600.00
42991,34828620.00
42992,18065624.00
42993,49940832.00
42994,18914190.00
42995,22118470.00
42996,9598710.00
42997,23078708.00
42998,5190976.00
42999,10288414.00
43000,35220276.00
43001,9138373.00
43002,20730746.00
43003,19610628.00
43004,14781121.00
43005,10379053.00
43006,46207784.00
43007,8711498.00
43008,7602006.00
43009,40618712.00
43010,10394936.00
43011,17066068.00
43012,15606175.00
43013,26566726.00
43014,20097692.00
43015,8324267.50
43016,20214462.00
43017,25681976.00
43018,35893052.00
43019,12711037.00
43020,17145244.00
43021,6798613.00
43022,17944094.00
43023,15946495.00
43024,9682156.00
43025,10147917.00
43026,21777324.00
43027,16139003.00
43028,21932514.00
43029,6688018.50
43030,7195953.50
43031,23341844.00
43032,23270462.00
43033,17482134.00
43034,8652197.00
43035,15673372.00
43036,12988874.00
43037,13757725.00
43038,14943976.00
43039,25331682.00
43040,7463627.00
43041,16605245.00
43042,15091167.00
43043,6769549.00
43044,14085722.00
43045,15791370.00
43046,5866478.50
43047,39335208.00
43048,33737012.00
43049,5899683.00
43050,24303882.00
43051,24424972.00
43052,10181975.00
43053,15040828.00
43054,9651896.00
43055,9896850.00
43056,20739644.00
43057,10576684.00
43058,12050621.00
43059,11914339.00
43060,25623864.00
43061,11488340.00
43062,13357089.00
43063,20028256.00
43064,15116259.00
43065,10338601.00
43066,21536804.00
43067,13890647.00
43068,6213769.00
43069,12470154.00
43070,18501446.00
43071,17600148.00
43072,39814628.00
43073,11212300.00
43074,12508955.00
43075,31462508.00
43076,16924994.00
43077,14596956.00
43078,19053714.00
43079,14535520.00
43080,22873920.00
43081,20946242.00
43082,12268013.00
43083,30756212.00
43084,17465948.00
43085,13278026.00
43086,5265988.00
43087,21755892.00
43088,39801832.00
43089,34609316.00
43090,28264748.00
43091,8289013.00
43092,26060260.00
43093,28477702.00
43094,34069076.00
43095,8416772.00
43096,24646388.00
43097,15512451.00
43098,20174178.00
43099,14122621.00
43100,9053679.00
43101,19531222.00
43102,8646067.00
43103,13633258.00
43104,15861804.00
43105,20277706.00
43106,11840780.00
43107,11500311.00
43108,30335412.00
43109,33967164.00
43110,21889786.00
43111,22385920.00
43112,21927208.00
43113,5884086.00
43114,22784808.00
43115,31049372.00
43116,69652824.00
43117,16188076.00
43118,15184159.00
43119,16607709.00
43120,20503466.00
43121,5969028.00
43122,11198004.00
43123,44264340.00
43124,12009231.00
43125,9115742.00
43126,14573385.00
43127,21588322.00
43128,38924376.00
43129,15321929.00
43130,21430136.00
43131,10136256.00
43132,34378020.00
43133,14848122.00
43134,20665176.00
43135,32222620.00
43136,17567042.00
43137,29932260.00
43138,9708762.00
43139,8450349.00
43140,13114560.00
43141,19655452.00
43142,32136716.00
43143,22669720.00
43144,30117102.00
43145,13549516.00
43146,18970878.00
43147,9651869.00
43148,13507596.00
43149,13234708.00
43150,18807912.00
43151,17459576.00
43152,8824530.00
43153,19493402.00
43154,10930074.00
43155,17761528.00
43156,12779005.00
43157,29659404.00
43158,7018813.50
43159,11334290.00
43160,20007106.00
43161,39429340.00
43162,14775415.00
43163,18525580.00
43164,18097848.00
43165,33810420.00
43166,16070651.00
43167,7117131.00
43168,24244588.00
43169,22204600.00
43170,9700174.00
43171,8165062.00
43172,21817414.00
43173,13003830.00
43174,6531172.00
43175,10294866.00
43176,7678857.50
43177,22600350.00
43178,17050476.00
43179,48361808.00
43180,44309176.00
43181,9443421.00
43182,14700063.00
43183,26850448.00
43184,6161595.00
43185,7512812.00
43186,10917283.00
43187,21248432.00
43188,26479930.00
43189,4573044.00
43190,8696686.00
43191,11640669.00
43192,37214024.00
43193,23549960.00
43194,38822936.00
43195,12630208.00
43196,6213572.00
43197,8597076.00
43198,17924510.00
43199,11391311.00
43200,33337848.00
43201,14635130.00
43202,27278632.00
43203,5639360.00
43204,20578748.00
43205,8694858.00
43206,18245068.00
43207,21449304.00
43208,12605334.00
43209,12268013.00
43210,12990812.00
43211,7396935.00
43212,9144558.00
43213,10516940.00
43214,9551718.00
43215,23447000.00
43216,8387571.00
43217,13735704.00
43218,11241965.00
43219,11732052.00
43220,21424752.00
43221,12474414.00
43222,31778682.00
43223,8201852.00
43224,7719736.50
43225,21842310.00
43226,27074786.00
43227,17578122.00
43228,15492886.00
43229,12153628.00
43230,7265382.00
43231,25762274.00
43232,14186116.00
43233,8106924.00
43234,12453197.00
43235,22062552.00
43236,13408760.00
43237,13081684.00
43238,17452122.00
43239,4525461.00
43240,13841972.00
43241,10955366.00
43242,10386973.00
43243,17896238.00
43244,8230355.00
43245,21710520.00
43246,7235666.50
43247,149368624.00
43248,15594975.00
43249,11849190.00
43250,19028400.00
43251,22992162.00
43252,35223108.00
43253,22440290.00
43254,8018000.50
43255,11709661.00
43256,36274076.00
43257,8784992.00
43258,38161004.00
43259,19391094.00
43260,16914530.00
43261,16460032.00
43262,23435100.00
43263,12487354.00
43264,14876684.00
43265,7590285.50
43266,15275484.00
43267,17442638.00
43268,12535224.00
43269,29461126.00
43270,7491767.00
43271,24893196.00
43272,41627256.00
43273,9285902.00
43274,20984144.00
43275,5645522.00
43276,7755904.00
43277,20168698.00
43278,16615630.00
43279,10242564.00
43280,15784433.00
43281,10414452.00
43282,58076544.00
43283,40308836.00
43284,17960466.00
43285,10239446.00
43286,14849149.00
43287,9090349.00
43288,18415796.00
43289,9492823.00
43290,22078476.00
43291,12493907.00
43292,7415972.00
43293,37168172.00
43294,26484416.00
43295,7547602.00
43296,13187805.00
43297,20797776.00
43298,19011716.00
43299,7965094.50
43300,14925140.00
43301,6825744.50
43302,14640908.00
43303,13427396.00
43304,18945116.00
43305,32017594.00
43306,7812479.50
43307,10025078.00
43308,8694982.00
43309,28517236.00
43310,9567622.00
43311,16998368.00
43312,12920113.00
43313,21449724.00
43314,14040794.00
43315,11042236.00
43316,17060288.00
43317,9277492.00
43318,15978230.00
43319,21035908.00
43320,12326834.00
43321,12320686.00
43322,11891404.00
43323,14243574.00
43324,20438140.00
43325,33503660.00
43326,27159912.00
43327,33241704.00
43328,9804576.00
43329,22901870.00
43330,26383704.00
43331,10287576.00
43332,11208658.00
43333,13102488.00
43334,12818305.00
43335,10849985.00
43336,12511332.00
43337,12827837.00
43338,19637002.00
43339,18956258.00
43340,4919718.00
43341,13265024.00
43342,24397456.00
43343,16510266.00
43344,14255841.00
43345,22159924.00
43346,9788005.00
43347,18878250.00
43348,10136024.00
43349,8814426.00
43350,22481886.00
43351,12007754.00
43352,8098901.00
43353,43395736.00
43354,40419620.00
43355,11663668.00
43356,21620312.00
43357,58211880.00
43358,30658476.00
43359,13140406.00
43360,10576578.00
43361,8593885.00
43362,4687065.00
43363,31701018.00
43364,15822172.00
43365,18234546.00
43366,12940174.00
43367,15101222.00
43368,16923020.00
43369,19590784.00
43370,17466016.00
43371,23344826.00
43372,10055425.00
43373,29149894.00
43374,22132736.00
43375,14181372.00
43376,11074609.00
43377,9771010.00
43378,20664996.00
43379,11527052.00
43380,18445760.00
43381,6969662.00
43382,29059240.00
43383,38946672.00
43384,49332076.00
43385,7831197.50
43386,10940989.00
43387,23313880.00
43388,11256200.00
43389,17239526.00
43390,14873501.00
43391,8593885.00
43392,20799918.00
43393,24109766.00
43394,19502614.00
43395,12143441.00
43396,19927116.00
43397,15893923.00
43398,12324628.00
43399,23983646.00
43400,11036590.00
43401,11357156.00
43402,4820252.00
43403,8944502.00
43404,57268064.00
43405,8937418.00
43406,11313842.00
43407,15434491.00
43408,34751344.00
43409,6673076.50
43410,19359010.00
43411,18527356.00
43412,22791132.00
43413,10031717.00
43414,14646420.00
43415,13167418.00
43416,20487610.00
43417,25959544.00
43418,12047386.00
43419,19614416.00
43420,23792372.00
43421,5292592.00
43422,47006268.00
43423,15867660.00
43424,12850572.00
43425,12785568.00
43426,9250659.00
43427,34949108.00
43428,13725810.00
43429,11756584.00
43430,7674098.00
43431,13741550.00
43432,33373852.00
43433,22462446.00
43434,15413082.00
43435,20606400.00
43436,30573382.00
43437,5724758.00
43438,14995023.00
43439,4853682.00
43440,15344010.00
43441,13575777.00
43442,8538833.00
43443,21748588.00
43444,62502712.00
43445,13235265.00
43446,9946851.00
43447,18305864.00
43448,11900868.00
43449,31475136.00
43450,7272371.00
43451,14906760.00
43452,16983416.00
43453,46875852.00
43454,21996680.00
43455,20036968.00
43456,11392773.00
43457,25826600.00
43458,8010673.50
43459,10165468.00
43460,12185276.00
43461,10181785.00
43462,25809018.00
43463,12229061.00
43464,9736484.00
43465,8229758.50
43466,36196580.00
43467,31307060.00
43468,14040643.00
43469,31908764.00
43470,11863972.00
43471,15613747.00
43472,23195240.00
43473,16003370.00
43474,10593924.00
43475,21093664.00
43476,16865422.00
43477,27562452.00
43478,16070917.00
43479,6863495.50
43480,24996474.00
43481,11263631.00
43482,10750764.00
43483,27786344.00
43484,19720832.00
43485,11571423.00
43486,15027293.00
43487,18368952.00
43488,8779407.00
43489,29645114.00
43490,9000556.00
43491,39397284.00
43492,39312768.00
43493,16110337.00
43494,12133149.00
43495,5858819.00
43496,11142226.00
43497,23004840.00
43498,9437193.00
43499,38481228.00
43500,17955600.00
43501,12580522.00
43502,10260522.00
43503,39074100.00
43504,31716888.00
43505,18774894.00
43506,13829987.00
43507,7690573.50
43508,11941358.00
43509,8446440.00
43510,7191373.00
43511,8660440.00
43512,6516905.00
43513,7349832.50
43514,9890788.00
43515,5586001.50
43516,9243694.00
43517,20879016.00
43518,16546834.00
43519,13881772.00
43520,10642228.00
43521,13551739.00
43522,7991348.00
43523,25257588.00
43524,14288206.00
43525,15129283.00
43526,9367208.00
43527,17837828.00
43528,23092068.00
43529,13691773.00
43530,13506011.00
43531,8375809.50
43532,12761137.00
43533,20197298.00
43534,7742908.00
43535,32516976.00
43536,11689412.00
43537,6620250.00
43538,5290076.00
43539,16852526.00
43540,20861650.00
43541,16002715.00
43542,32405428.00
43543,21326598.00
43544,17336416.00
43545,14007244.00
43546,14621300.00
43547,18043788.00
43548,12576070.00
43549,53815456.00
43550,12722612.00
43551,5900403.00
43552,16157742.00
43553,8504114.00
43554,8644630.00
43555,32153280.00
43556,31411322.00
43557,12329829.00
43558,22061726.00
43559,12193258.00
43560,19898744.00
43561,12371450.00
43562,11568146.00
43563,11295112.00
43564,14031981.00
43565,6666627.00
43566,21835428.00
43567,27408730.00
43568,10781736.00
43569,6696850.50
43570,28313152.00
43571,103014632.00
43572,8391077.00
43573,12373238.00
43574,6961402.00
43575,20908074.00
43576,25301164.00
43577,20546610.00
43578,18579294.00
43579,24429684.00
43580,12391656.00
43581,8110741.00
43582,8132341.00
43583,22376304.00
43584,27128564.00
43585,27775592.00
43586,5187433.00
43587,15653286.00
43588,21284266.00
43589,34382348.00
43590,10611295.00
43591,13674559.00
43592,7511066.00
43593,59541068.00
43594,15374141.00
43595,16277626.00
43596,40053836.00
43597,16419295.00
43598,10530288.00
43599,22132248.00
43600,116365280.00
43601,17858810.00
43602,20131134.00
43603,15097509.00
43604,21078640.00
43605,43216072.00
43606,17040696.00
43607,13100718.00
43608,8006697.00
43609,17076000.00
43610,12340174.00
43611,28511838.00
43612,13916116.00
43613,13859776.00
43614,18967836.00
43615,9677403.00
43616,12558616.00
43617,38595860.00
43618,11714885.00
43619,10172967.00
43620,12818883.00
43621,20932676.00
43622,19941668.00
43623,13126397.00
43624,6094050.00
43625,50004960.00
43626,16100038.00
43627,14179000.00
43628,17040538.00
43629,16022689.00
43630,12384460.00
43631,52707188.00
43632,12770863.00
43633,10007228.00
43634,9927744.00
43635,5918509.00
43636,7459319.50
43637,18272760.00
43638,13656067.00
43639,23143610.00
43640,24888390.00
43641,6569229.00
43642,20629942.00
43643,39261188.00
43644,26213968.00
43645,12430738.00
43646,49365724.00
43647,57321320.00
43648,10512464.00
43649,29402760.00
43650,19329918.00
43651,28607244.00
43652,9640100.00
43653,13420314.00
43654,17076148.00
43655,16260360.00
43656,28687622.00
43657,13291370.00
43658,29010106.00
43659,15467653.00
43660,4850597.00
43661,28767224.00
43662,20711592.00
43663,13502642.00
43664,25214236.00
43665,31966946.00
43666,15483373.00
43667,33277932.00
43668,19099796.00
43669,25034060.00
43670,10462418.00
43671,8694982.00
43672,15342508.00
43673,9380808.00
43674,14084326.00
43675,7654582.50
43676,16937126.00
43677,9562088.00
43678,21339440.00
43679,14325027.00
43680,20863206.00
43681,13695594.00
43682,4879783.00
43683,10382028.00
43684,12372960.00
43685,46819672.00
43686,23037914.00
43687,25177836.00
43688,17775438.00
43689,15539411.00
43690,20066886.00
43691,12646318.00
43692,14928904.00
43693,14726440.00
43694,7134950.50
43695,11091994.00
43696,18773688.00
43697,7296140.00
43698,22562412.00
43699,12375186.00
43700,9501506.00
43701,26748094.00
43702,13068573.00
43703,48656288.00
43704,7939230.50
43705,61187120.00
43706,52701820.00
43707,24078942.00
43708,45855780.00
43709,11803003.00
43710,36387188.00
43711,8884784.00
43712,15273866.00
43713,25072774.00
43714,55957764.00
43715,7853096.50
43716,14035436.00
43717,14342732.00
43718,7211595.50
43719,19896626.00
43720,21864140.00
43721,14968614.00
43722,12033738.00
43723,28226112.00
43724,22482662.00
43725,35577608.00
43726,9544984.00
43727,39377788.00
43728,9987996.00
43729,12475087.00
43730,14072614.00
43731,37354080.00
43732,31752876.00
43733,19501926.00
43734,13696536.00
43735,8297213.50
43736,19222274.00
43737,17345846.00
43738,15943904.00
43739,16974922.00
43740,15321908.00
43741,9531162.00
43742,30785608.00
43743,15712828.00
43744,15036963.00
43745,21013400.00
43746,19925354.00
43747,9999890.00
43748,8943934.00
43749,42493008.00
43750,19154742.00
43751,13691773.00
43752,30236808.00
43753,13220730.00
43754,20371922.00
43755,6808802.50
43756,12168893.00
43757,27326842.00
43758,12008709.00
43759,10568915.00
43760,12174129.00
43761,51246192.00
43762,12421974.00
43763,9997240.00
43764,30800302.00
43765,9325102.00
43766,38493156.00
43767,10439669.00
43768,10900422.00
43769,20312354.00
43770,58690572.00
43771,15255532.00
43772,13218866.00
43773,23098046.00
43774,30221768.00
43775,9325800.00
43776,7267302.50
43777,18508512.00
43778,16645142.00
43779,17623820.00
43780,12088794.00
43781,30351214.00
43782,20761678.00
43783,7278264.50
43784,16348511.00
43785,34208496.00
43786,15076022.00
43787,14760699.00
43788,13267453.00
43789,16880198.00
43790,36141976.00
43791,63319156.00
43792,13295999.00
43793,36455972.00
43794,12431224.00
43795,15251978.00
43796,7071566.50
43797,16216335.00
43798,18032392.00
43799,9690766.00
43800,22418608.00
43801,40302284.00
43802,14254432.00
43803,17965456.00
43804,30372120.00
43805,17814046.00
43806,13012731.00
43807,11865658.00
43808,16605413.00
43809,14999636.00
43810,11341667.00
43811,16341286.00
43812,19091020.00
43813,10540905.00
43814,21973568.00
43815,16739828.00
43816,16161152.00
43817,12080253.00
43818,24387776.00
43819,6885248.00
43820,8356162.00
43821,12678404.00
43822,27210864.00
43823,22119060.00
43824,17484074.00
43825,13293103.00
43826,9317940.00
43827,13116390.00
43828,15784001.00
43829,10430226.00
43830,17093294.00
43831,11965798.00
43832,20486842.00
43833,13318875.00
43834,10092680.00
43835,9130624.00
43836,28840634.00
43837,9551119.00
43838,29859014.00
43839,21345478.00
43840,47623240.00
43841,10930570.00
43842,9271022.00
43843,14666684.00
43844,11388253.00
43845,6610820.00
43846,8343265.50
43847,29314280.00
43848,20731772.00
43849,28759058.00
43850,23473990.00
43851,12943754.00
43852,12972887.00
43853,9582220.00
43854,16848332.00
43855,11786150.00
43856,17626600.00
43857,10491328.00
43858,23187578.00
43859,19553732.00
43860,8615206.00
43861,17234940.00
43862,7625008.50
43863,25336920.00
43864,20132104.00
43865,11253132.00
43866,18309624.00
43867,13057974.00
43868,14513853.00
43869,11312536.00
43870,25950952.00
43871,18695060.00
43872,22903768.00
43873,28202626.00
43874,9010794.00
43875,44146896.00
43876,5452011.00
43877,15897679.00
43878,12825992.00
43879,24881064.00
43880,27481826.00
43881,16289311.00
43882,5476939.00
43883,11088346.00
43884,8593272.00
43885,22519856.00
43886,28260232.00
43887,16958604.00
43888,14613846.00
43889,12599021.00
43890,9804173.00
43891,27445448.00
43892,19804480.00
43893,13054542.00
43894,10601058.00
43895,12729551.00
43896,16914156.00
43897,16175482.00
43898,20990242.00
43899,22554228.00
43900,4454022.00
43901,6315316.00
43902,27312070.00
43903,36870956.00
43904,9525399.00
43905,18001740.00
43906,12017185.00
43907,48618024.00
43908,16268561.00
43909,19414600.00
43910,32800384.00
43911,20610848.00
43912,11030180.00
43913,18649694.00
43914,7691716.00
43915,13004111.00
43916,46474000.00
43917,28345676.00
43918,6183406.50
43919,15951660.00
43920,13253057.00
43921,12598621.00
43922,8611727.00
43923,21090592.00
43924,10479602.00
43925,16265338.00
43926,3946190.00
43927,25078518.00
43928,7905479.00
43929,32538532.00
43930,7420614.50
43931,20048132.00
43932,25004892.00
43933,23750994.00
43934,8604110.00
43935,21024324.00
43936,17619634.00
43937,9613391.00
43938,11903756.00
43939,10004680.00
43940,17524512.00
43941,16670519.00
43942,26632780.00
43943,11537046.00
43944,18771644.00
43945,6509549.00
43946,8749934.00
43947,17139480.00
43948,68496920.00
43949,35328844.00
43950,22789434.00
43951,11657238.00
43952,13304436.00
43953,9516578.00
43954,14968614.00
43955,18540906.00
43956,6808195.00
43957,9044063.00
43958,12887909.00
43959,11523671.00
43960,10854036.00
43961,18966104.00
43962,15989121.00
43963,40293280.00
43964,15684200.00
43965,22517358.00
43966,33385400.00
43967,11698271.00
43968,9122264.00
43969,17744198.00
43970,7711074.00
43971,30083794.00
43972,22237458.00
43973,12139380.00
43974,6989744.00
43975,13309734.00
43976,29908772.00
43977,13134676.00
43978,12420541.00
43979,33055296.00
43980,12089544.00
43981,22053722.00
43982,9197740.00
43983,7987786.00
43984,27789542.00
43985,12507581.00
43986,16679995.00
43987,22661714.00
43988,13390208.00
43989,17664664.00
43990,16198139.00
43991,8741257.00
43992,12327034.00
43993,22900272.00
43994,13447671.00
43995,30825744.00
43996,13161896.00
43997,4514597.00
43998,14194728.00
43999,8450185.00
44000,50290728.00
44001,8572562.00
44002,28824680.00
44003,11507196.00
44004,13983686.00
44005,14496051.00
44006,20413858.00
44007,15595302.00
44008,91361784.00
44009,21638726.00
44010,15279515.00
44011,6914823.50
44012,13537226.00
44013,21061750.00
44014,10043812.00
44015,31598544.00
44016,7110986.00
44017,6814779.50
44018,22784006.00
44019,5931878.00
44020,9394499.00
44021,7989712.00
44022,15498449.00
44023,17474798.00
44024,18667614.00
44025,15898708.00
44026,18206224.00
44027,12730956.00
44028,19374796.00
44029,30507600.00
44030,24436308.00
44031,11650620.00
44032,10168918.00
44033,43873096.00
44034,11200005.00
44035,28894334.00
44036,46930464.00
44037,14223037.00
44038,21545606.00
44039,12385923.00
44040,17626036.00
44041,14039694.00
44042,12419107.00
44043,19181972.00
44044,13655159.00
44045,20051248.00
44046,21334750.00
44047,23061864.00
44048,22485096.00
44049,10311106.00
44050,11654540.00
44051,15186525.00
44052,11070499.00
44053,16453839.00
44054,15118743.00
44055,21683980.00
44056,12950039.00
44057,13005469.00
44058,11392067.00
44059,13379782.00
44060,21221608.00
44061,14774284.00
44062,7609487.50
44063,13648596.00
44064,37576276.00
44065,16760753.00
44066,11611374.00
44067,9164798.00
44068,79886592.00
44069,36087780.00
44070,15556001.00
44071,11636443.00
44072,33798476.00
44073,10818216.00
44074,17906904.00
44075,14702742.00
44076,46017340.00
44077,21420796.00
44078,11678842.00
44079,28733742.00
44080,10575982.00
44081,6976618.00
44082,15685434.00
44083,18055850.00
44084,8457192.00
44085,9066948.00
44086,26373248.00
44087,9117542.00
44088,91193136.00
44089,17035644.00
44090,12932376.00
44091,23012624.00
44092,14372308.00
44093,12167204.00
44094,22778910.00
44095,4623682.00
44096,99180312.00
44097,14984247.00
44098,16116653.00
44099,8661122.00
44100,16464616.00
44101,15473772.00
44102,8540630.00
44103,20435376.00
44104,8040660.00
44105,22317068.00
44106,12706874.00
44107,14818237.00
44108,12558488.00
44109,11889548.00
44110,54138804.00
44111,11703795.00
44112,7739564.00
44113,13160078.00
44114,10181975.00
44115,111591544.00
44116,11980980.00
44117,13581284.00
44118,13227244.00
44119,11154979.00
44120,8397942.00
44121,31381306.00
44122,21142620.00
44123,15078808.00
44124,10891965.00
44125,17454078.00
44126,9435896.00
44127,10825245.00
44128,12371020.00
44129,10966382.00
44130,20354532.00
44131,11177755.00
44132,4749420.00
44133,25359232.00
44134,14624748.00
44135,6777037.50
44136,8951000.00
44137,46169988.00
44138,15068136.00
44139,24783238.00
44140,10593924.00
44141,8362718.50
44142,20292182.00
44143,39722764.00
44144,15421882.00
44145,9935410.00
44146,13582152.00
44147,14860438.00
44148,13813821.00
44149,12562533.00
44150,17900162.00
44151,7774843.00
44152,18501004.00
44153,54693072.00
44154,45264476.00
44155,28835676.00
44156,13114061.00
44157,10623327.00
44158,34812228.00
44159,26633160.00
44160,64401940.00
44161,9664238.00
44162,10921873.00
44163,15163995.00
44164,13771412.00
44165,20109558.00
44166,27989164.00
44167,10399628.00
44168,22081472.00
44169,14754116.00
44170,4558598.00
44171,18889636.00
44172,12190290.00
44173,5301922.00
44174,16778820.00
44175,19201284.00
44176,17492002.00
44177,10000074.00
44178,6637222.00
44179,12453161.00
44180,9509402.00
44181,8394470.00
44182,14947457.00
44183,6995584.00
44184,19921864.00
44185,27473048.00
44186,10771940.00
44187,13704175.00
44188,48337328.00
44189,24502576.00
44190,23685064.00
44191,13665277.00
44192,11979976.00
44193,12311386.00
44194,18308850.00
44195,12308815.00
44196,20429720.00
44197,22617164.00
44198,13192637.00
44199,17430842.00
44200,8281209.50
44201,31448720.00
44202,38256208.00
44203,70740544.00
44204,19426722.00
44205,11644248.00
44206,8980228.00
44207,8139630.50
44208,23731072.00
44209,11183548.00
44210,12238966.00
44211,9146382.00
44212,8270054.50
44213,18738648.00
44214,13605580.00
44215,11213130.00
44216,12276780.00
44217,23140218.00
44218,12561170.00
44219,15201907.00
44220,15556736.00
44221,18315070.00
44222,31878008.00
44223,8901421.00
44224,11018052.00
44225,8928492.00
44226,25787156.00
44227,13087183.00
44228,23972358.00
44229,13208845.00
44230,10812687.00
44231,9599528.00
44232,20254856.00
44233,15517705.00
44234,33181128.00
44235,32096768.00
44236,17847388.00
44237,10623486.00
44238,17918478.00
44239,22317988.00
44240,8202886.00
44241,43910668.00
44242,13857208.00
44243,20355030.00
44244,8213101.50
44245,8288687.50
44246,10853318.00
44247,13418678.00
44248,11931814.00
44249,13837996.00
44250,11854967.00
44251,17147276.00
44252,13382451.00
44253,15472172.00
44254,22078476.00
44255,7478586.00
44256,16534371.00
44257,11297137.00
44258,23375728.00
44259,15224246.00
44260,12640274.00
44261,14488724.00
44262,40106148.00
44263,25346434.00
44264,13849094.00
44265,21644456.00
44266,20222196.00
44267,8580530.00
44268,10037032.00
44269,6621829.00
44270,21891304.00
44271,8692289.00
44272,10499303.00
44273,17477428.00
44274,15091754.00
44275,8215595.50
44276,19713740.00
44277,11657814.00
44278,13394092.00
44279,13140156.00
44280,14896765.00
44281,22677776.00
44282,39956476.00
44283,28599092.00
44284,14558927.00
44285,14950610.00
44286,15708841.00
44287,8969687.00
44288,11606474.00
44289,9075910.00
44290,7783441.50
44291,17099940.00
44292,9573428.00
44293,18317244.00
44294,9274048.00
44295,14560911.00
44296,14506511.00
44297,11483057.00
44298,16786808.00
44299,10438429.00
44300,10640084.00
44301,32469434.00
44302,24911508.00
44303,10804812.00
44304,8999109.00
44305,8904840.00
44306,10744070.00
44307,14537773.00
44308,29270008.00
44309,19626368.00
44310,13884049.00
44311,10392190.00
44312,14670852.00
44313,15179674.00
44314,22451136.00
44315,7653625.50
44316,63338948.00
44317,15846186.00
44318,34678892.00
44319,8674763.00
44320,15386929.00
44321,15373388.00
44322,16422232.00
44323,18931780.00
44324,13894150.00
44325,10541779.00
44326,20359888.00
44327,20994748.00
44328,13819725.00
44329,25792458.00
44330,12085674.00
44331,16143496.00
44332,25413028.00
44333,26819810.00
44334,5203141.00
44335,13665660.00
44336,18781384.00
44337,20372472.00
44338,27374220.00
44339,38917704.00
44340,10525913.00
44341,9157425.00
44342,11259677.00
44343,26025698.00
44344,16593452.00
44345,9764741.00
44346,22074416.00
44347,21873572.00
44348,13615980.00
44349,18719722.00
44350,15379905.00
44351,22561984.00
44352,17233242.00
44353,62145084.00
44354,26766202.00
44355,19650630.00
44356,35393784.00
44357,47986340.00
44358,14455652.00
44359,10663293.00
44360,11395817.00
44361,23841082.00
44362,19426722.00
44363,13900424.00
44364,6712094.50
44365,28703178.00
44366,19787156.00
44367,11797519.00
44368,14683148.00
44369,9540875.00
44370,12664186.00
44371,19604296.00
44372,8533244.00
44373,16614269.00
44374,16592648.00
44375,37500648.00
44376,26818562.00
44377,38111176.00
44378,20434072.00
44379,8368913.50
44380,9551718.00
44381,48543456.00
44382,12292397.00
44383,11150095.00
44384,11538086.00
44385,22710264.00
44386,14606799.00
44387,9296376.00
44388,7108089.50
44389,27745290.00
44390,21667194.00
44391,23401944.00
44392,6184570.00
44393,11246170.00
44394,15220493.00
44395,8276994.50
44396,17128854.00
44397,14368910.00
44398,34580356.00
44399,26190208.00
44400,9451377.00
44401,14045972.00
44402,8508363.00
44403,10051002.00
44404,15028042.00
44405,18143588.00
44406,14094298.00
44407,11964206.00
44408,23193192.00
44409,15867724.00
44410,17432654.00
44411,39688300.00
44412,12459099.00
44413,10127053.00
44414,29206918.00
44415,10850819.00
44416,24325406.00
44417,15865686.00
44418,22486872.00
44419,20009018.00
44420,48611944.00
44421,12413682.00
44422,13114136.00
44423,9396818.00
44424,42770616.00
44425,28321356.00
44426,12639100.00
44427,33738672.00
44428,21525668.00
44429,11160494.00
44430,16843456.00
44431,7510474.00
44432,7817776.00
44433,11002052.00
44434,21099026.00
44435,15617999.00
44436,7787542.50
44437,11295227.00
44438,9868540.00
44439,6845524.50
44440,34657604.00
44441,21565284.00
44442,12328390.00
44443,9797582.00
44444,27498700.00
44445,21068714.00
44446,33167616.00
44447,20529538.00
44448,6957634.50
44449,7677050.00
44450,29069684.00
44451,11961961.00
44452,23261592.00
44453,15202068.00
44454,10985181.00
44455,20799444.00
44456,23731576.00
44457,37368684.00
44458,21312172.00
44459,19497856.00
44460,13106249.00
44461,16926006.00
44462,22762240.00
44463,11100308.00
44464,13326212.00
44465,9770384.00
44466,12507261.00
44467,36308548.00
44468,15642770.00
44469,13666984.00
44470,25097392.00
44471,6121510.00
44472,16454116.00
44473,15284998.00
44474,23923676.00
44475,9039296.00
44476,11207461.00
44477,50012392.00
44478,15043544.00
44479,19636908.00
44480,18719722.00
44481,26632880.00
44482,24269678.00
44483,11112047.00
44484,7321717.00
44485,21437200.00
44486,20279772.00
44487,22756940.00
44488,18134570.00
44489,13927460.00
44490,11450300.00
44491,12323843.00
44492,19559038.00
44493,13989184.00
44494,8844690.00
44495,8594308.00
44496,28306084.00
44497,8723305.00
44498,19471956.00
44499,16920546.00
44500,21362522.00
44501,25081272.00
44502,71566360.00
44503,8835622.00
44504,9251376.00
44505,23206868.00
44506,12780250.00
44507,38795352.00
44508,18577252.00
44509,7736012.00
44510,25449022.00
44511,15399247.00
44512,10296684.00
44513,26360484.00
44514,10724178.00
44515,8518208.00
44516,13456641.00
44517,9327959.00
44518,17810010.00
44519,16846384.00
44520,10458741.00
44521,28969044.00
44522,9803545.00
44523,12790857.00
44524,37640856.00
44525,28429616.00
44526,9860826.00
44527,34659240.00
44528,16125969.00
44529,19231660.00
44530,20723482.00
44531,20300958.00
44532,12486828.00
44533,12861522.00
44534,9770384.00
44535,16860228.00
44536,14964682.00
44537,26981310.00
44538,7091405.50
44539,21471334.00
44540,15088760.00
44541,22922014.00
44542,7254669.00
44543,13702391.00
44544,9492278.00
44545,7480174.00
44546,64486064.00
44547,20825612.00
44548,17485054.00
44549,13627802.00
44550,15665228.00
44551,9209286.00
44552,14480353.00
44553,31854748.00
44554,12521692.00
44555,30853242.00
44556,17566272.00
44557,18143588.00
44558,6152336.00
44559,20256412.00
44560,8184323.00
44561,22593638.00
44562,12797260.00
44563,15939457.00
44564,12155416.00
44565,15332867.00
44566,11190596.00
44567,14073311.00
44568,11579332.00
44569,10234706.00
44570,26304740.00
44571,41647932.00
44572,7852606.50
44573,7314422.00
44574,13486286.00
44575,10662714.00
44576,13586703.00
44577,20631014.00
44578,12784562.00
44579,9650280.00
44580,23203246.00
44581,14636343.00
44582,13864881.00
44583,99003488.00
44584,37115368.00
44585,22031936.00
44586,13258019.00
44587,24336710.00
44588,17380418.00
44589,12851642.00
44590,8530524.00
44591,16271331.00
44592,25131176.00
44593,38874496.00
44594,16664648.00
44595,12153038.00
44596,11032319.00
44597,12927231.00
44598,10611111.00
44599,14923517.00
44600,15836113.00
44601,39949804.00
44602,17680522.00
44603,13740957.00
44604,8666828.00
44605,12751046.00
44606,20110512.00
44607,8402863.00
44608,29045638.00
44609,16668209.00
44610,22383674.00
44611,16997576.00
44612,17602496.00
44613,13060963.00
44614,12239267.00
44615,6098540.00
44616,6164885.00
44617,15472129.00
44618,12047886.00
44619,7423110.50
44620,37804092.00
44621,9390739.00
44622,7833468.00
44623,25490874.00
44624,20696208.00
44625,37045820.00
44626,21580456.00
44627,19033662.00
44628,10903052.00
44629,15812285.00
44630,14047622.00
44631,13850403.00
44632,7129801.00
44633,5943322.00
44634,8085176.50
44635,31271014.00
44636,11220330.00
44637,35360392.00
44638,24192552.00
44639,9058202.00
44640,45149456.00
44641,9899224.00
44642,6210525.00
44643,15002351.00
44644,20168082.00
44645,9168428.00
44646,8985445.00
44647,21946504.00
44648,11163766.00
44649,12094702.00
44650,29472894.00
44651,38386740.00
44652,15573268.00
44653,11672595.00
44654,11438030.00
44655,24011874.00
44656,12437644.00
44657,13053256.00
44658,17621654.00
44659,6289694.00
44660,10579768.00
44661,17730270.00
44662,18482420.00
44663,7314894.50
44664,12950720.00
44665,31978828.00
44666,5430683.00
44667,13791976.00
44668,12510225.00
44669,35407656.00
44670,6601114.00
44671,10151407.00
44672,9002920.00
44673,15027860.00
44674,11028381.00
44675,27390620.00
44676,10128912.00
44677,5565226.00
44678,12524314.00
44679,26420550.00
44680,17409630.00
44681,18534962.00
44682,20780546.00
44683,15165343.00
44684,15811875.00
44685,14792067.00
44686,18630494.00
44687,8516680.00
44688,29429982.00
44689,9515813.00
44690,15441859.00
44691,11326979.00
44692,10931718.00
44693,14385268.00
44694,60162804.00
44695,25954158.00
44696,14181583.00
44697,20676840.00
44698,14983084.00
44699,10079258.00
44700,34621496.00
44701,7456886.00
44702,11593594.00
44703,17915318.00
44704,11159323.00
44705,20964638.00
44706,11829748.00
44707,21288370.00
44708,19991348.00
44709,11036339.00
44710,8733094.00
44711,13279773.00
44712,7403686.50
44713,11797740.00
44714,10723954.00
44715,9151590.00
44716,9879412.00
44717,20367684.00
44718,20566510.00
44719,27934412.00
44720,6553486.50
44721,17506232.00
44722,17847388.00
44723,11392115.00
44724,16348000.00
44725,27174872.00
44726,12770705.00
44727,5042243.00
44728,10019055.00
44729,92671328.00
44730,19749618.00
44731,38048148.00
44732,11993381.00
44733,13796704.00
44734,17392022.00
44735,20916646.00
44736,32334984.00
44737,16739790.00
44738,16425422.00
44739,7865126.50
44740,21942530.00
44741,27735028.00
44742,18147310.00
44743,15982764.00
44744,10905746.00
44745,17825770.00
44746,9286660.00
44747,11864794.00
44748,20252530.00
44749,15497792.00
44750,17822584.00
44751,21457076.00
44752,47787600.00
44753,30998088.00
44754,9056498.00
44755,11908723.00
44756,17640786.00
44757,14571421.00
44758,22128244.00
44759,20429408.00
44760,11986569.00
44761,13545178.00
44762,11481155.00
44763,12393946.00
44764,19975344.00
44765,12070941.00
44766,17381726.00
44767,22091144.00
44768,13867342.00
44769,9991434.00
44770,62048952.00
44771,30593872.00
44772,27414552.00
44773,31580252.00
44774,7744330.00
44775,13267269.00
44776,8974896.00
44777,9145348.00
44778,18006044.00
44779,17198180.00
44780,21694924.00
44781,7503673.50
44782,13699507.00
44783,12007754.00
44784,13438692.00
44785,6213578.00
44786,23489478.00
44787,9315592.00
44788,7972272.50
44789,17597632.00
44790,38525752.00
44791,11722342.00
44792,8788289.00
44793,18841198.00
44794,25205876.00
44795,13908989.00
44796,26228196.00
44797,9762476.00
44798,8267693.00
44799,5273193.00
44800,6653479.50
44801,47277252.00
44802,28224848.00
44803,13421542.00
44804,13309940.00
44805,16907294.00
44806,18775690.00
44807,20370260.00
44808,21914322.00
44809,22298312.00
44810,19314164.00
44811,16391226.00
44812,16449960.00
44813,44400816.00
44814,12796745.00
44815,21348024.00
44816,9315366.00
44817,15485676.00
44818,13648347.00
44819,15845990.00
44820,8506721.00
44821,16103636.00
44822,8204778.00
44823,11760485.00
44824,24957470.00
44825,15564837.00
44826,10315742.00
44827,6340396.00
44828,20139982.00
44829,10632983.00
44830,49711440.00
44831,9785672.00
44832,5488528.00
44833,24242352.00
44834,18203242.00
44835,11769580.00
44836,18007836.00
44837,11064556.00
44838,22789894.00
44839,19004764.00
44840,18264638.00
44841,12020704.00
44842,56249880.00
44843,35386700.00
44844,33142948.00
44845,13430532.00
44846,23094124.00
44847,9448986.00
44848,8858282.00
44849,14057964.00
44850,16889618.00
44851,28882122.00
44852,7300240.00
44853,13862813.00
44854,16762117.00
44855,8527629.00
44856,13692620.00
44857,6347869.00
44858,9890286.00
44859,13077993.00
44860,15897679.00
44861,18221510.00
44862,12599025.00
44863,15424573.00
44864,31118044.00
44865,12022898.00
44866,10211764.00
44867,9711634.00
44868,24642740.00
44869,22609420.00
44870,5604873.00
44871,14221942.00
44872,17657640.00
44873,21183512.00
44874,16848166.00
44875,23323244.00
44876,11111457.00
44877,116629712.00
44878,7851582.50
44879,11981286.00
44880,19897368.00
44881,14658239.00
44882,30960336.00
44883,25284188.00
44884,22766300.00
44885,12401960.00
44886,278874432.00
44887,7825818.00
44888,27571546.00
44889,10030083.00
44890,15276515.00
44891,26008766.00
44892,9008202.00
44893,6006662.00
44894,31193048.00
44895,6854375.50
44896,14003832.00
44897,42699348.00
44898,18894166.00
44899,8079797.00
44900,40435216.00
44901,31123420.00
44902,27620806.00
44903,8932606.00
44904,21998278.00
44905,7517870.50
44906,17323110.00
44907,36013484.00
44908,14968614.00
44909,8397840.00
44910,17633122.00
44911,30663320.00
44912,7239794.50
44913,16294712.00
44914,18242586.00
44915,14403926.00
44916,7661206.50
44917,8657120.00
44918,13294607.00
44919,7071296.00
44920,7300689.50
44921,14895108.00
44922,7105171.00
44923,20818888.00
44924,19996536.00
44925,15426248.00
44926,14086652.00
44927,9844781.00
44928,8908428.00
44929,14319942.00
44930,17873790.00
44931,13788028.00
44932,34539696.00
44933,15101885.00
44934,14683267.00
44935,13711375.00
44936,5729005.00
44937,12703478.00
44938,16465050.00
44939,17989138.00
44940,12775601.00
44941,19375760.00
44942,19421888.00
44943,34988316.00
44944,12525699.00
44945,14653074.00
44946,21574618.00
44947,7471516.00
44948,22295270.00
44949,9368704.00
44950,5051060.00
44951,11370395.00
44952,16469851.00
44953,8345474.50
44954,8158807.00
44955,25120372.00
44956,19059638.00
44957,12840407.00
44958,8521998.00
44959,14767389.00
44960,50175976.00
44961,16145161.00
44962,18506178.00
44963,39984732.00
44964,14066711.00
44965,10724309.00
44966,5976044.00
44967,10430978.00
44968,18926150.00
44969,16846904.00
44970,14951948.00
44971,16240090.00
44972,78279760.00
44973,9785691.00
44974,8272945.50
44975,11148102.00
44976,52224680.00
44977,8665621.00
44978,19603882.00
44979,16830480.00
44980,18562972.00
44981,30769536.00
44982,32193168.00
44983,33749960.00
44984,14573111.00
44985,28679924.00
44986,9482299.00
44987,11022310.00
44988,11525004.00
44989,13627165.00
44990,6940961.50
44991,12995626.00
44992,20741930.00
44993,8228692.50
44994,13507368.00
44995,33352720.00
44996,14486053.00
44997,11567526.00
44998,9560482.00
44999,12468256.00
45000,16864060.00
45001,21914152.00
45002,16349606.00
45003,13269126.00
45004,10298806.00
45005,10238486.00
45006,9248176.00
45007,9336506.00
45008,35541768.00
45009,18982606.00
45010,22200482.00
45011,14934543.00
45012,13381929.00
45013,47929552.00
45014,65391604.00
45015,13102845.00
45016,21785644.00
45017,22457320.00
45018,18758152.00
45019,25282548.00
45020,15025782.00
45021,18634484.00
45022,36610060.00
45023,12845464.00
45024,27459710.00
45025,23010822.00
45026,4091794.00
45027,7947712.50
45028,14086687.00
45029,4566524.00
45030,10915610.00
45031,9037355.00
45032,13727880.00
45033,24741150.00
45034,19271112.00
45035,10200606.00
45036,23749894.00
45037,19745730.00
45038,9698142.00
45039,13848966.00
45040,12754620.00
45041,8577648.00
45042,10506061.00
45043,14407601.00
45044,18218316.00
45045,19150548.00
45046,11202674.00
45047,8656276.00
45048,16750241.00
45049,5864231.50
45050,13043516.00
45051,16872930.00
45052,16476634.00
45053,40667220.00
45054,18398390.00
45055,10882158.00
45056,18978538.00
45057,19870834.00
45058,15852426.00
45059,16099398.00
45060,10567824.00
45061,26875746.00
45062,13204273.00
45063,9911915.00
45064,12045990.00
45065,11203034.00
45066,20691924.00
45067,19109274.00
45068,11870843.00
45069,13477791.00
45070,7283329.50
45071,8832659.00
45072,13058194.00
45073,37168420.00
45074,17434182.00
45075,19734066.00
45076,6027634.00
45077,17700002.00
45078,18940352.00
45079,13803633.00
45080,12273526.00
45081,26198164.00
45082,8111601.50
45083,6664371.00
45084,10939109.00
45085,136919520.00
45086,7313309.50
45087,35388360.00
45088,41102236.00
45089,7245303.00
45090,13289094.00
45091,8346692.50
45092,29440698.00
45093,20515954.00
45094,27430028.00
45095,16203780.00
45096,6634972.00
45097,92642400.00
45098,13196503.00
45099,33262548.00
45100,14824420.00
45101,42958700.00
45102,9618803.00
45103,14127738.00
45104,27685328.00
45105,11112630.00
45106,10335503.00
45107,40898328.00
45108,13119060.00
45109,28123492.00
45110,17158586.00
45111,33055788.00
45112,26390882.00
45113,29327208.00
45114,22123510.00
45115,9923154.00
45116,28037870.00
45117,22264094.00
45118,10749094.00
45119,10104775.00
45120,7469882.00
45121,52103988.00
45122,19895154.00
45123,14128972.00
45124,26186316.00
45125,32983312.00
45126,23170074.00
45127,21207772.00
45128,22000796.00
45129,49708652.00
45130,22340590.00
45131,7344966.00
45132,13057894.00
45133,11459144.00
45134,11651240.00
45135,8051239.00
45136,8847555.00
45137,18699764.00
45138,25504348.00
45139,6869534.50
45140,14784573.00
45141,10204734.00
45142,13232365.00
45143,11885283.00
45144,11845608.00
45145,12332526.00
45146,13160605.00
45147,19674968.00
45148,21030938.00
45149,24123284.00
45150,47773844.00
45151,15706263.00
45152,9775452.00
45153,57891780.00
45154,19277792.00
45155,10933309.00
45156,13168539.00
45157,10322618.00
45158,11125004.00
45159,34338648.00
45160,8753010.00
45161,14610359.00
45162,8103104.00
45163,18278424.00
45164,12653193.00
45165,9026178.00
45166,24503780.00
45167,11095517.00
45168,16771334.00
45169,12081563.00
45170,21178826.00
45171,20364888.00
45172,12649105.00
45173,13083295.00
45174,29007324.00
45175,14700428.00
45176,18163160.00
45177,17603046.00
45178,22215738.00
45179,9147755.00
45180,16922216.00
45181,8261150.00
45182,12535543.00
45183,15147096.00
45184,6894650.00
45185,13334182.00
45186,14789244.00
45187,14328472.00
45188,18134854.00
45189,11416812.00
45190,13586703.00
45191,5968994.00
45192,39176508.00
45193,16320163.00
45194,21203606.00
45195,5708593.50
45196,61330280.00
45197,21313672.00
45198,16676893.00
45199,23432552.00
45200,7264441.00
45201,28981292.00
45202,18629472.00
45203,14235791.00
45204,7820882.00
45205,23941724.00
45206,35532012.00
45207,24668552.00
45208,7264108.00
45209,27101660.00
45210,8470335.00
45211,22748880.00
45212,11883284.00
45213,82326432.00
45214,18725840.00
45215,9031879.00
45216,9363868.00
45217,10692564.00
45218,10933896.00
45219,16285772.00
45220,15238886.00
45221,16510438.00
45222,12404721.00
45223,10047010.00
45224,14341280.00
45225,9772636.00
45226,14427564.00
45227,7826801.50
45228,16193636.00
45229,38965320.00
45230,22146152.00
45231,21205548.00
45232,18986304.00
45233,10291031.00
45234,11287706.00
45235,28065892.00
45236,150682976.00
45237,38000032.00
45238,13997943.00
45239,9122866.00
45240,12839772.00
45241,11488671.00
45242,18952952.00
45243,20638740.00
45244,11760908.00
45245,8730215.00
45246,32808948.00
45247,19646918.00
45248,22167192.00
45249,38216520.00
45250,26556802.00
45251,19604318.00
45252,21795056.00
45253,25845036.00
45254,16282025.00
45255,25360652.00
45256,13309533.00
45257,28517844.00
45258,18742140.00
45259,12510309.00
45260,5398279.00
45261,16180000.00
45262,18613544.00
45263,17696652.00
45264,9530610.00
45265,21486352.00
45266,14841989.00
45267,9208240.00
45268,17825034.00
45269,25867700.00
45270,22278138.00
45271,17569776.00
45272,9098924.00
45273,12234193.00
45274,14021181.00
45275,9858007.00
45276,30294764.00
45277,12855567.00
45278,21674698.00
45279,10659856.00
45280,7767608.50
45281,20002872.00
45282,4167871.00
45283,17021390.00
45284,7116495.50
45285,12897568.00
45286,23321496.00
45287,11362508.00
45288,6346268.00
45289,15532470.00
45290,7704619.00
45291,15903928.00
45292,22436336.00
45293,18661632.00
45294,17023606.00
45295,14079063.00
45296,18680858.00
45297,12369242.00
45298,22624488.00
45299,11580392.00
45300,18913188.00
45301,7747248.50
45302,10175937.00
45303,20991344.00
45304,22562312.00
45305,11122284.00
45306,8250123.00
45307,23182886.00
45308,29004108.00
45309,22960304.00
45310,22913764.00
45311,13695124.00
45312,38990200.00
45313,13336579.00
45314,15520778.00
45315,22814232.00
45316,6954982.00
45317,17354592.00
45318,39636816.00
45319,25791744.00
45320,4423515.00
45321,27015266.00
45322,10422585.00
45323,13100008.00
45324,27439340.00
45325,17070452.00
45326,13793416.00
45327,11367172.00
45328,20186720.00
45329,17605086.00
45330,28052648.00
45331,13912755.00
45332,28745948.00
45333,7871363.00
45334,7757184.50
45335,15880054.00
45336,11122848.00
45337,6004561.50
45338,23695184.00
45339,30540040.00
45340,12418056.00
45341,15455069.00
45342,41743536.00
45343,11379489.00
45344,25138206.00
45345,34658532.00
45346,11818909.00
45347,12701978.00
45348,24111558.00
45349,11934678.00
45350,7423536.50
45351,16736690.00
45352,19543990.00
45353,7023662.50
45354,6440251.00
45355,28176902.00
45356,25810860.00
45357,25473606.00
45358,17423544.00
45359,10672773.00
45360,13873018.00
45361,22872258.00
45362,13139325.00
45363,10593924.00
45364,25332306.00
45365,9925994.00
45366,8835668.00
45367,23798772.00
45368,7367846.50
45369,19805068.00
45370,17442722.00
45371,20508100.00
45372,19020796.00
45373,10790141.00
45374,14800269.00
45375,10003467.00
45376,25625744.00
45377,17919788.00
45378,7095218.00
45379,15540172.00
45380,10976470.00
45381,13255985.00
45382,16201393.00
45383,10829475.00
45384,91325136.00
45385,9689694.00
45386,15886513.00
45387,23091984.00
45388,10154006.00
45389,112968080.00
45390,96366952.00
45391,32471724.00
45392,8810486.00
45393,20833858.00
45394,15707852.00
45395,11567543.00
45396,13925061.00
45397,14112463.00
45398,21699784.00
45399,13665341.00
45400,11960064.00
45401,10423050.00
45402,23058960.00
45403,10672514.00
45404,30457354.00
45405,80801864.00
45406,35192040.00
45407,20093506.00
45408,22825030.00
45409,11032788.00
45410,12607244.00
45411,7817334.00
45412,17667308.00
45413,33228152.00
45414,23762004.00
45415,25346088.00
45416,13140740.00
45417,6375576.50
45418,25482816.00
45419,18056680.00
45420,8287982.50
45421,8088938.00
45422,15325844.00
45423,8006126.50
45424,37137316.00
45425,12616003.00
45426,14799688.00
45427,13125870.00
45428,8352141.00
45429,10760177.00
45430,11196186.00
45431,33694128.00
45432,11328422.00
45433,15618775.00
45434,21035908.00
45435,11646744.00
45436,12451933.00
45437,18116708.00
45438,14613873.00
45439,11645140.00
45440,15169061.00
45441,9458867.00
45442,6748177.50
45443,25642664.00
45444,11861075.00
45445,11892504.00
45446,32283864.00
45447,10912262.00
45448,14469245.00
45449,28672184.00
45450,8269478.00
45451,9214771.00
45452,22725240.00
45453,15278842.00
45454,9244178.00
45455,17364266.00
45456,13721126.00
45457,14876060.00
45458,20879158.00
45459,11494733.00
45460,10742888.00
45461,21611474.00
45462,45363572.00
45463,9820571.00
45464,14331279.00
45465,13376462.00
45466,28172200.00
45467,6934692.50
45468,11913603.00
45469,11925962.00
45470,13953464.00
45471,11290676.00
45472,22496568.00
45473,16675386.00
45474,8334029.00
45475,16068909.00
45476,8353617.50
45477,15427875.00
45478,12257688.00
45479,16986910.00
45480,19952794.00
45481,13862595.00
45482,20838356.00
45483,10260522.00
45484,21880514.00
45485,7205835.50
45486,22335480.00
45487,58724620.00
45488,6226404.00
45489,10850020.00
45490,18229236.00
45491,11059836.00
45492,25858064.00
45493,35336168.00
45494,10511338.00
45495,12158260.00
45496,14206624.00
45497,22601784.00
45498,19327080.00
45499,19254164.00
45500,28321356.00
45501,34404564.00
45502,15797100.00
45503,11307720.00
45504,19993708.00
45505,16968216.00
45506,17950312.00
45507,42805060.00
45508,12619610.00
45509,12439452.00
45510,7769937.50
45511,26174120.00
45512,37983240.00
45513,11176792.00
45514,19379142.00
45515,21385026.00
45516,24572900.00
45517,9356527.00
45518,9832298.00
45519,32700346.00
45520,11802054.00
45521,13963864.00
45522,14168634.00
45523,10350390.00
45524,46386520.00
45525,8085746.00
45526,39460000.00
45527,8268365.50
45528,20595388.00
45529,17227364.00
45530,12722205.00
45531,20287650.00
45532,18556218.00
45533,9668070.00
45534,7021089.50
45535,28614966.00
45536,10421556.00
45537,14594020.00
45538,9200700.00
45539,35541520.00
45540,15709076.00
45541,49777552.00
45542,11194924.00
45543,7602429.50
45544,11255656.00
45545,29373386.00
45546,19540246.00
45547,4102336.00
45548,17689484.00
45549,13086633.00
45550,12855398.00
45551,10974026.00
45552,18526928.00
45553,9029819.00
45554,23896578.00
45555,22566808.00
45556,46499312.00
45557,23021080.00
45558,21571500.00
45559,17354394.00
45560,20577806.00
45561,4068117.00
45562,21538328.00
45563,14657376.00
45564,7231979.50
45565,8849070.00
45566,8266371.00
45567,16089782.00
45568,11801693.00
45569,11062749.00
45570,17519800.00
45571,8418185.00
45572,11878755.00
45573,15118211.00
45574,29403020.00
45575,11370035.00
45576,13775971.00
45577,8338386.50
45578,20222196.00
45579,31652354.00
45580,17414410.00
45581,21989248.00
45582,23959528.00
45583,16935720.00
45584,12995412.00
45585,19637648.00
45586,6158112.00
45587,14164411.00
45588,10383452.00
45589,18032328.00
45590,37255764.00
45591,10211949.00
45592,12847165.00
45593,13909556.00
45594,14722728.00
45595,30627840.00
45596,25603706.00
45597,14996261.00
45598,10727768.00
45599,51260392.00
45600,10701905.00
45601,16427740.00
45602,15139855.00
45603,24041146.00
45604,44062288.00
45605,151616752.00
45606,10206640.00
45607,17005336.00
45608,10852032.00
45609,12969952.00
45610,9638750.00
45611,20210184.00
45612,28598650.00
45613,27508588.00
45614,18775690.00
45615,9684386.00
45616,19933992.00
45617,5939598.50
45618,10930356.00
45619,21097774.00
45620,38868900.00
45621,15044081.00
45622,21579694.00
45623,24772362.00
45624,13905754.00
45625,17540790.00
45626,26383324.00
45627,22010192.00
45628,29241680.00
45629,16384931.00
45630,9068418.00
45631,19094090.00
45632,15000817.00
45633,18960360.00
45634,15578971.00
45635,50026448.00
45636,13296650.00
45637,8734787.00
45638,7320289.50
45639,33391202.00
45640,20947808.00
45641,10032230.00
45642,26338700.00
45643,39612128.00
45644,30302714.00
45645,18074558.00
45646,11634941.00
45647,12235988.00
45648,13923884.00
45649,17863098.00
45650,14018829.00
45651,12661751.00
45652,12716525.00
45653,18226670.00
45654,16199028.00
45655,12183316.00
45656,20003840.00
45657,23644218.00
45658,23390498.00
45659,9205393.00
45660,20906820.00
45661,9855728.00
45662,26413258.00
45663,17765104.00
45664,5956637.00
45665,9061632.00
45666,5748125.00
45667,9877716.00
45668,167806624.00
45669,45825404.00
45670,21543742.00
45671,21628506.00
45672,15137562.00
45673,21790480.00
45674,17590128.00
45675,9175025.00
45676,15895409.00
45677,14341715.00
45678,9200466.00
45679,19370838.00
45680,13675983.00
45681,12509501.00
45682,10113952.00
45683,10681274.00
45684,17198584.00
45685,9932824.00
45686,9927744.00
45687,22240820.00
45688,19442366.00
45689,8039341.00
45690,7670879.50
45691,15509037.00
45692,11553882.00
45693,31946476.00
45694,13541934.00
45695,8391238.00
45696,10206136.00
45697,21107812.00
45698,24965788.00
45699,11176028.00
45700,11682609.00
45701,9151316.00
45702,15130532.00
45703,7175018.00
45704,11356753.00
45705,26643336.00
45706,26582692.00
45707,10685650.00
45708,18074558.00
45709,7125380.00
45710,8703312.00
45711,17421008.00
45712,37995904.00
45713,7519753.00
45714,15328374.00
45715,9661932.00
45716,9770205.00
45717,11986307.00
45718,17755342.00
45719,12230952.00
45720,7053632.50
45721,12228374.00
45722,47734160.00
45723,10658318.00
45724,14566113.00
45725,16915282.00
45726,22474804.00
45727,17685604.00
45728,10235795.00
45729,38492252.00
45730,12820127.00
45731,20824652.00
45732,12785007.00
45733,118820280.00
45734,9607545.00
45735,12910378.00
45736,8303277.50
45737,11969294.00
45738,7979824.00
45739,8615083.00
45740,19523208.00
45741,7103865.50
45742,16031395.00
45743,19966608.00
45744,17678272.00
45745,11559295.00
45746,24348680.00
45747,10491328.00
45748,9035474.00
45749,7164129.50
45750,11081105.00
45751,15266038.00
45752,21479842.00
45753,19010304.00
45754,22319948.00
45755,25029656.00
45756,22295430.00
45757,9182344.00
45758,8147101.00
45759,33066722.00
45760,21343748.00
45761,17364536.00
45762,10732970.00
45763,9468536.00
45764,21869822.00
45765,7769627.00
45766,26940350.00
45767,5967684.00
45768,55899276.00
45769,9100776.00
45770,29470248.00
45771,16045324.00
45772,20439356.00
45773,30144876.00
45774,12789873.00
45775,13664652.00
45776,11317359.00
45777,14165938.00
45778,19747000.00
45779,8332487.50
45780,8150782.00
45781,9033460.00
45782,14921580.00
45783,30706310.00
45784,12477548.00
45785,9638293.00
45786,7188390.00
45787,6871998.50
45788,31323384.00
45789,17859018.00
45790,18535304.00
45791,13931954.00
45792,11344079.00
45793,15997330.00
45794,26578624.00
45795,15454484.00
45796,42922284.00
45797,17062906.00
45798,39601724.00
45799,11199494.00
45800,11824543.00
45801,22651108.00
45802,21312338.00
45803,8028064.00
45804,49289496.00
45805,26076880.00
45806,8498680.00
45807,7812798.00
45808,21553500.00
45809,7661027.00
45810,7986240.00
45811,10433359.00
45812,11282619.00
45813,8650433.00
45814,18166260.00
45815,20040822.00
45816,31922078.00
45817,16641684.00
45818,12354781.00
45819,5412387.00
45820,12221901.00
45821,16665990.00
45822,6520605.00
45823,15791370.00
45824,9298509.00
45825,9382300.00
45826,11589624.00
45827,7468400.50
45828,10985103.00
45829,8462000.00
45830,6555714.00
45831,7381851.50
45832,25808396.00
45833,12156146.00
45834,19221014.00
45835,19543058.00
45836,8729267.00
45837,25453634.00
45838,11837254.00
45839,8850460.00
45840,8564981.00
45841,16291892.00
45842,24082846.00
45843,17075396.00
45844,31705416.00
45845,16554339.00
45846,18142748.00
45847,11671412.00
45848,21019952.00
45849,6904509.50
45850,18936264.00
45851,22262600.00
45852,13903369.00
45853,14782154.00
45854,11950490.00
45855,31475624.00
45856,11540221.00
45857,31553900.00
45858,31977200.00
45859,25301276.00
45860,31096780.00
45861,15800147.00
45862,27076808.00
45863,26086736.00
45864,52870668.00
45865,35234472.00
45866,19711738.00
45867,18502436.00
45868,16153284.00
45869,7475475.00
45870,9027186.00
45871,9020624.00
45872,15074245.00
45873,10339336.00
45874,14894892.00
45875,13652682.00
45876,18290122.00
45877,18799246.00
45878,16685222.00
45879,12498711.00
45880,14010996.00
45881,18891260.00
45882,12065665.00
45883,25847000.00
45884,21158766.00
45885,22301986.00
45886,8650341.00
45887,5309082.00
45888,12681597.00
45889,11538011.00
45890,12197571.00
45891,10181796.00
45892,12843110.00
45893,8228692.50
45894,11477782.00
45895,47753400.00
45896,13723325.00
45897,28874338.00
45898,11156879.00
45899,24500214.00
45900,8204106.00
45901,5948234.00
45902,35115540.00
45903,10450770.00
45904,11006115.00
45905,8354102.00
45906,11850886.00
45907,10720471.00
45908,19881344.00
45909,14699535.00
45910,14582167.00
45911,12254772.00
45912,21194764.00
45913,17715590.00
45914,11425933.00
45915,17767156.00
45916,16915614.00
45917,22653580.00
45918,101665600.00
45919,77923696.00
45920,32318800.00
45921,6969645.50
45922,9569042.00
45923,22084050.00
45924,13102449.00
45925,19258750.00
45926,6863495.50
45927,10829100.00
45928,11909044.00
45929,17685040.00
45930,15604643.00
45931,13283933.00
45932,6848759.50
45933,31315840.00
45934,18364088.00
45935,29268408.00
45936,19130858.00
45937,13644250.00
45938,22383448.00
45939,17646734.00
45940,13305076.00
45941,72274416.00
45942,28279498.00
45943,15109363.00
45944,9914176.00
45945,11801332.00
45946,11885573.00
45947,21285280.00
45948,22341460.00
45949,12290380.00
45950,79179984.00
45951,8442316.00
45952,9482832.00
45953,16787106.00
45954,21597982.00
45955,31654372.00
45956,16711812.00
45957,7620488.50
45958,16868024.00
45959,18522402.00
45960,10027049.00
45961,6650038.00
45962,13476099.00
45963,19908018.00
45964,11979281.00
45965,30219464.00
45966,47069312.00
45967,12586796.00
45968,39287216.00
45969,10816724.00
45970,56019980.00
45971,7038394.00
45972,14917102.00
45973,4631284.00
45974,9910080.00
45975,21117746.00
45976,20203720.00
45977,11751124.00
45978,10109257.00
45979,9246385.00
45980,29418252.00
45981,17624900.00
45982,13822013.00
45983,23659700.00
45984,16424353.00
45985,10465612.00
45986,39004704.00
45987,9534809.00
45988,4596846.00
45989,17167298.00
45990,48148968.00
45991,21630348.00
45992,19098908.00
45993,7727992.50
45994,7983188.50
45995,44031200.00
45996,12636372.00
45997,10780970.00
45998,25005428.00
45999,28228480.00
46000,9727964.00
46001,20080544.00
46002,8098198.00
46003,11878559.00
46004,7396029.00
46005,12674095.00
46006,17594398.00
46007,38825280.00
46008,16693087.00
46009,9653189.00
46010,9436584.00
46011,18734582.00
46012,13648596.00
46013,11429405.00
46014,38868900.00
46015,19951644.00
46016,13242993.00
46017,36248632.00
46018,39648380.00
46019,15795156.00
46020,13859674.00
46021,10181975.00
46022,23526680.00
46023,12725819.00
46024,11426630.00
46025,14378065.00
46026,25275776.00
46027,20449808.00
46028,18030700.00
46029,47692560.00
46030,19398112.00
46031,6438477.00
46032,96113800.00
46033,7192381.00
46034,20299574.00
46035,24819112.00
46036,9020544.00
46037,24676314.00
46038,31628316.00
46039,7058431.50
46040,21051688.00
46041,15523835.00
46042,18557236.00
46043,12648515.00
46044,16840154.00
46045,15948456.00
46046,5418162.00
46047,26339980.00
46048,15115249.00
46049,12869752.00
46050,9445574.00
46051,33160568.00
46052,17528268.00
46053,13417411.00
46054,29464704.00
46055,6643543.50
46056,23833352.00
46057,27744604.00
46058,5657070.00
46059,23225640.00
46060,15673233.00
46061,57339684.00
46062,22246748.00
46063,10847690.00
46064,23988582.00
46065,14118465.00
46066,26550254.00
46067,11510008.00
46068,7510044.00
46069,36813880.00
46070,9585273.00
46071,11635028.00
46072,15071645.00
46073,14511229.00
46074,16904758.00
46075,10612576.00
46076,22279936.00
46077,15199430.00
46078,6651456.50
46079,9275557.00
46080,20490966.00
46081,11741445.00
46082,16891854.00
46083,24278298.00
46084,9915932.00
46085,16220151.00
46086,8721412.00
46087,11027724.00
46088,15606746.00
46089,11584198.00
46090,12797850.00
46091,11765339.00
46092,8644630.00
46093,20648552.00
46094,26069428.00
46095,15506780.00
46096,10777960.00
46097,9203322.00
46098,12372230.00
46099,20859932.00
46100,7400813.50
46101,31167856.00
46102,31337844.00
46103,9695030.00
46104,11595862.00
46105,22555832.00
46106,10177832.00
46107,21824488.00
46108,37331132.00
46109,25992984.00
46110,9762160.00
46111,40136476.00
46112,13235265.00
46113,12535032.00
46114,19892228.00
46115,26195590.00
46116,35600696.00
46117,10296162.00
46118,11683168.00
46119,20752364.00
46120,9550978.00
46121,36707952.00
46122,15595873.00
46123,17849270.00
46124,12471835.00
46125,10935062.00
46126,29026040.00
46127,8143152.00
46128,27682828.00
46129,10562400.00
46130,9876884.00
46131,22137768.00
46132,20222196.00
46133,5295868.00
46134,11559850.00
46135,14207549.00
46136,16997638.00
46137,10353745.00
46138,6860189.50
46139,10755566.00
46140,22645470.00
46141,12902164.00
46142,16079485.00
46143,26432312.00
46144,11210801.00
46145,22506998.00
46146,19180872.00
46147,8799352.00
46148,22624488.00
46149,17277738.00
46150,14818408.00
46151,41701056.00
46152,28790568.00
46153,23431070.00
46154,19933140.00
46155,17954848.00
46156,18051806.00
46157,7886812.00
46158,12320614.00
46159,13526285.00
46160,8210654.50
46161,8869414.00
46162,8203899.50
46163,18223266.00
46164,22078952.00
46165,36445596.00
46166,40648516.00
46167,10945733.00
46168,5632385.50
46169,21718016.00
46170,13583738.00
46171,13197055.00
46172,13140406.00
46173,22617576.00
46174,7362525.00
46175,27294942.00
46176,18320488.00
46177,16399675.00
46178,16291194.00
46179,91047144.00
46180,14481978.00
46181,6908312.50
46182,10967081.00
46183,13519965.00
46184,15182048.00
46185,33757848.00
46186,24067128.00
46187,21364372.00
46188,31428940.00
46189,11008640.00
46190,35723436.00
46191,24443750.00
46192,14679766.00
46193,34986228.00
46194,15476436.00
46195,17861326.00
46196,30615668.00
46197,26626072.00
46198,10731249.00
46199,4250774.00
46200,18426916.00
46201,8833293.00
46202,21569900.00
46203,11405672.00
46204,15210394.00
46205,16224083.00
46206,20384920.00
46207,27123234.00
46208,22721780.00
46209,14638188.00
46210,38036632.00
46211,23353292.00
46212,19317164.00
46213,29641740.00
46214,6547031.00
46215,18577282.00
46216,10582082.00
46217,20269552.00
46218,21589836.00
46219,15749533.00
46220,11573313.00
46221,20432952.00
46222,13379779.00
46223,14464828.00
46224,12866557.00
46225,10183930.00
46226,7780726.50
46227,62393636.00
46228,37178452.00
46229,10158492.00
46230,32952984.00
46231,10156565.00
46232,15006154.00
46233,8542507.00
46234,14456626.00
46235,12095985.00
46236,11995850.00
46237,38569920.00
46238,17488440.00
46239,23822336.00
46240,22633186.00
46241,16890416.00
46242,13264195.00
46243,18209226.00
46244,6779648.00
46245,16212477.00
46246,7519614.50
46247,9954724.00
46248,27554590.00
46249,14771809.00
46250,22424524.00
46251,14325169.00
46252,17474110.00
46253,17887198.00
46254,7810314.00
46255,17553112.00
46256,53747496.00
46257,11378161.00
46258,16547630.00
46259,9873300.00
46260,13263892.00
46261,12758047.00
46262,8522416.00
46263,15837172.00
46264,12200088.00
46265,8717216.00
46266,14369212.00
46267,41234820.00
46268,13036858.00
46269,30307492.00
46270,13049548.00
46271,11481014.00
46272,10830202.00
46273,6016903.00
46274,13838868.00
46275,12962628.00
46276,16834020.00
46277,24921380.00
46278,22369436.00
46279,15102218.00
46280,18694356.00
46281,13448648.00
46282,26677284.00
46283,18499534.00
46284,11498606.00
46285,18179564.00
46286,11595292.00
46287,10683249.00
46288,22829400.00
46289,23868190.00
46290,12103203.00
46291,14378682.00
46292,16466550.00
46293,13270304.00
46294,30105918.00
46295,10781272.00
46296,30175580.00
46297,6888077.00
46298,12992020.00
46299,5944555.00
46300,16781862.00
46301,11581943.00
46302,12816209.00
46303,30580744.00
46304,9126132.00
46305,14289994.00
46306,17785712.00
46307,15486167.00
46308,13481245.00
46309,18790826.00
46310,6115204.00
46311,17331030.00
46312,16585617.00
46313,8279947.00
46314,28769188.00
46315,34616116.00
46316,13581530.00
46317,14040972.00
46318,27465482.00
46319,7475195.00
46320,16128406.00
46321,13742412.00
46322,25009608.00
46323,31417792.00
46324,15287485.00
46325,24630868.00
46326,12045990.00
46327,35607828.00
46328,4427803.00
46329,14997432.00
46330,18951916.00
46331,8283347.00
46332,12365916.00
46333,8476609.00
46334,7002438.00
46335,11845444.00
46336,19980104.00
46337,7286372.00
46338,11681810.00
46339,33026908.00
46340,28422738.00
46341,10107666.00
46342,17277204.00
46343,25082328.00
46344,8950578.00
46345,6574875.00
46346,6940864.50
46347,13726540.00
46348,9726404.00
46349,7913113.00
46350,15017236.00
46351,23371120.00
46352,11776506.00
46353,11405313.00
46354,8491392.00
46355,29062572.00
46356,8244690.50
46357,13577322.00
46358,11575666.00
46359,14107725.00
46360,18211704.00
46361,31357808.00
46362,7812410.00
46363,16746200.00
46364,5690406.00
46365,9158403.00
46366,31837652.00
46367,7582300.00
46368,5286852.00
46369,80893712.00
46370,21030870.00
46371,16068236.00
46372,14871194.00
46373,5676597.00
46374,35644804.00
46375,4723482.00
46376,8072867.00
46377,11550633.00
46378,37638408.00
46379,8572810.00
46380,7961611.50
46381,20130892.00
46382,15072913.00
46383,19941708.00
46384,35770552.00
46385,19243556.00
46386,17863744.00
46387,8725524.00
46388,15143813.00
46389,36567792.00
46390,14028822.00
46391,19503134.00
46392,13739599.00
46393,8434706.00
46394,37982372.00
46395,14820320.00
46396,13591148.00
46397,20126118.00
46398,7626279.50
46399,18671422.00
46400,13667721.00
46401,56362508.00
46402,29605992.00
46403,14940042.00
46404,18844442.00
46405,24075064.00
46406,20326658.00
46407,21939514.00
46408,13149155.00
46409,9543533.00
46410,8071741.00
46411,38440204.00
46412,37705468.00
46413,28301050.00
46414,13207802.00
46415,13159937.00
46416,18267076.00
46417,37106648.00
46418,8442316.00
46419,8281793.50
46420,23702604.00
46421,13613784.00
46422,17365892.00
46423,4546124.00
46424,28884660.00
46425,8507615.00
46426,13695598.00
46427,21307476.00
46428,13027245.00
46429,15065106.00
46430,7918196.50
46431,18674810.00
46432,16484311.00
46433,8503792.00
46434,11146947.00
46435,14953714.00
46436,30146600.00
46437,9598490.00
46438,12785568.00
46439,13813955.00
46440,46884704.00
46441,17646556.00
46442,5163045.00
46443,14550072.00
46444,32372760.00
46445,14901103.00
46446,34284584.00
46447,26696620.00
46448,15013879.00
46449,10241016.00
46450,23374976.00
46451,425936.00
46452,22607074.00
46453,7603633.50
46454,20868732.00
46455,10510958.00
46456,14741084.00
46457,9162752.00
46458,11022179.00
46459,21937716.00
46460,12143642.00
46461,18781350.00
46462,6849839.50
46463,16275683.00
46464,21901156.00
46465,12035433.00
46466,12771071.00
46467,26162768.00
46468,94894808.00
46469,23913368.00
46470,30308712.00
46471,16748654.00
46472,23976372.00
46473,12441295.00
46474,11219666.00
46475,20543656.00
46476,21263400.00
46477,29586918.00
46478,21352794.00
46479,48874920.00
46480,15730458.00
46481,45287296.00
46482,15911218.00
46483,12047857.00
46484,13170732.00
46485,10141760.00
46486,10634527.00
46487,26981414.00
46488,15395788.00
46489,48618024.00
46490,10606338.00
46491,14814109.00
46492,12857308.00
46493,10200348.00
46494,16118653.00
46495,18011652.00
46496,21705260.00
46497,12858930.00
46498,26505552.00
46499,36821908.00
46500,14278278.00
46501,47367644.00
46502,31334632.00
46503,14110342.00
46504,38896292.00
46505,10954623.00
46506,10707210.00
46507,37174744.00
46508,32778420.00
46509,16106868.00
46510,20025708.00
46511,13396320.00
46512,17422794.00
46513,17021760.00
46514,12797265.00
46515,22032028.00
46516,12609117.00
46517,21145426.00
46518,16996006.00
46519,21006698.00
46520,28020324.00
46521,11146988.00
46522,12811427.00
46523,78002832.00
46524,8469253.00
46525,37655344.00
46526,9696760.00
46527,21181102.00
46528,12128321.00
46529,9861812.00
46530,25941218.00
46531,40690948.00
46532,22729602.00
46533,11057981.00
46534,20698892.00
46535,18374648.00
46536,11095517.00
46537,18154556.00
46538,35956632.00
46539,12162243.00
46540,10257546.00
46541,25886736.00
46542,11287835.00
46543,9491427.00
46544,38595420.00
46545,12316270.00
46546,18966478.00
46547,9492277.00
46548,14168646.00
46549,19085964.00
46550,22820926.00
46551,25472222.00
46552,13540879.00
46553,11137213.00
46554,10643112.00
46555,13084700.00
46556,8090842.00
46557,11719951.00
46558,12072872.00
46559,12746954.00
46560,18508512.00
46561,642561.00
46562,9304802.00
46563,19329332.00
46564,11904750.00
46565,13943981.00
46566,18982100.00
46567,14063834.00
46568,11113500.00
46569,11710752.00
46570,23640488.00
46571,15074245.00
46572,15856042.00
46573,15148067.00
46574,29831012.00
46575,15439843.00
46576,25701040.00
46577,21569900.00
46578,28747280.00
46579,11043108.00
46580,5863968.00
46581,27885242.00
46582,21784604.00
46583,19728312.00
46584,20060416.00
46585,8524566.00
46586,15586220.00
46587,8328922.00
46588,13748118.00
46589,17289886.00
46590,17084462.00
46591,48809320.00
46592,62922792.00
46593,6292442.00
46594,30993290.00
46595,23537862.00
46596,22078476.00
46597,28473516.00
46598,10603977.00
46599,19660318.00
46600,19864300.00
46601,17443830.00
46602,13344739.00
46603,12634595.00
46604,14416497.00
46605,11728804.00
46606,8084930.00
46607,9033460.00
46608,14216991.00
46609,8571028.00
46610,1810324736.00
46611,8787666.00
46612,31885304.00
46613,7984070.00
46614,17726366.00
46615,11270797.00
46616,28145456.00
46617,28844608.00
46618,38914956.00
46619,33194490.00
46620,17178348.00
46621,10094248.00
46622,14899110.00
46623,22214768.00
46624,20338120.00
46625,17990734.00
46626,8692749.00
46627,9938696.00
46628,12585467.00
46629,13927020.00
46630,11085486.00
46631,20497568.00
46632,14088195.00
46633,44323736.00
46634,24878732.00
46635,51380584.00
46636,19644482.00
46637,41344740.00
46638,7715483.00
46639,14963959.00
46640,11296120.00
46641,13986365.00
46642,11885142.00
46643,14217912.00
46644,30065920.00
46645,50001988.00
46646,23761328.00
46647,18228620.00
46648,9382788.00
46649,18792074.00
46650,18676680.00
46651,7658159.50
46652,35669300.00
46653,18032932.00
46654,16705228.00
46655,11462324.00
46656,14349769.00
46657,14810520.00
46658,38957456.00
46659,23312832.00
46660,10352754.00
46661,15249688.00
46662,20125026.00
46663,20207620.00
46664,21746106.00
46665,24881064.00
46666,27330968.00
46667,26061684.00
46668,28662064.00
46669,116902400.00
46670,23803678.00
46671,10288238.00
46672,9978893.00
46673,26320610.00
46674,14764310.00
46675,10244538.00
46676,18301300.00
46677,22838454.00
46678,15005522.00
46679,7194027.50
46680,11739448.00
46681,8902720.00
46682,14072381.00
46683,16152122.00
46684,19666294.00
46685,11645449.00
46686,27118416.00
46687,17754312.00
46688,17432860.00
46689,21729044.00
46690,17992470.00
46691,10333406.00
46692,6934094.50
46693,19481838.00
46694,17971040.00
46695,20042634.00
46696,18928780.00
46697,11517862.00
46698,28935686.00
46699,34786272.00
46700,26904364.00
46701,13809509.00
46702,17806270.00
46703,7084039.50
46704,17279794.00
46705,15839014.00
46706,11106292.00
46707,16294596.00
46708,36199012.00
46709,17217996.00
46710,12102367.00
46711,9851045.00
46712,13923412.00
46713,17129524.00
46714,34787984.00
46715,8878140.00
46716,6464462.50
46717,20598120.00
46718,9834248.00
46719,13835425.00
46720,9771400.00
46721,13539005.00
46722,104583424.00
46723,21311598.00
46724,7733552.50
46725,6950487.00
46726,9803388.00
46727,10768204.00
46728,25786394.00
46729,30438556.00
46730,14059363.00
46731,22452440.00
46732,44214704.00
46733,15693169.00
46734,29502498.00
46735,16796868.00
46736,17659038.00
46737,19784308.00
46738,9542089.00
46739,7553796.00
46740,6809512.50
46741,24734534.00
46742,33756212.00
46743,32070586.00
46744,15405533.00
46745,32601936.00
46746,17746880.00
46747,20793880.00
46748,23953516.00
46749,13346941.00
46750,17828010.00
46751,13577871.00
46752,23440028.00
46753,20714300.00
46754,12422182.00
46755,42313188.00
46756,25087944.00
46757,10304516.00
46758,14047622.00
46759,13803510.00
46760,11645984.00
46761,14585612.00
46762,10543022.00
46763,28696632.00
46764,276232224.00
46765,11986994.00
46766,22942100.00
46767,16493967.00
46768,10366094.00
46769,10498347.00
46770,21332184.00
46771,27742054.00
46772,12479927.00
46773,9343920.00
46774,16859440.00
46775,6861828.50
46776,6119700.00
46777,9503648.00
46778,4733448.00
46779,10886077.00
46780,19902806.00
46781,21576724.00
46782,19637556.00
46783,17031048.00
46784,13749344.00
46785,11486156.00
46786,9960210.00
46787,11962401.00
46788,9172496.00
46789,28691356.00
46790,12233036.00
46791,20325278.00
46792,17591322.00
46793,37148152.00
46794,31514800.00
46795,8768037.00
46796,24945488.00
46797,9927151.00
46798,15766918.00
46799,11945407.00
46800,15158947.00
46801,37930740.00
46802,70061272.00
46803,45225276.00
46804,13844572.00
46805,17401896.00
46806,27465044.00
46807,10414014.00
46808,11757420.00
46809,4788648.00
46810,17447652.00
46811,17500048.00
46812,12401960.00
46813,10995369.00
46814,4609300.00
46815,39798960.00
46816,11752257.00
46817,29522462.00
46818,6209070.50
46819,11235859.00
46820,21315846.00
46821,8915628.00
46822,17731558.00
46823,22408826.00
46824,7001806.50
46825,18450246.00
46826,6078418.00
46827,18901358.00
46828,22343040.00
46829,10651288.00
46830,21198900.00
46831,20461646.00
46832,16843710.00
46833,8798246.00
46834,25494796.00
46835,22744652.00
46836,21020334.00
46837,19152124.00
46838,20312156.00
46839,10575852.00
46840,12938339.00
46841,11436059.00
46842,30974106.00
46843,11447620.00
46844,11385714.00
46845,11382185.00
46846,8040208.00
46847,12044556.00
46848,16928544.00
46849,12701347.00
46850,5929929.00
46851,37369228.00
46852,22207184.00
46853,22016804.00
46854,6628942.00
46855,51380584.00
46856,21973568.00
46857,25041850.00
46858,15703995.00
46859,9343533.00
46860,19263302.00
46861,18201146.00
46862,18300084.00
46863,9970348.00
46864,17210526.00
46865,16329851.00
46866,13167507.00
46867,18092876.00
46868,22542544.00
46869,14592653.00
46870,10788576.00
46871,6421418.00
46872,12324924.00
46873,13337059.00
46874,16429120.00
46875,13275424.00
46876,6829261.00
46877,11523972.00
46878,13015199.00
46879,17833760.00
46880,13294348.00
46881,14103919.00
46882,28278912.00
46883,14812532.00
46884,15918266.00
46885,4147606.00
46886,21334380.00
46887,6245724.00
46888,7684514.50
46889,39306988.00
46890,9385653.00
46891,13795008.00
46892,90109320.00
46893,31794462.00
46894,119524000.00
46895,16882042.00
46896,35644804.00
46897,7128712.50
46898,20427238.00
46899,15702028.00
46900,7389497.50
46901,14399686.00
46902,12760957.00
46903,9654016.00
46904,19187156.00
46905,13911068.00
46906,5579574.00
46907,12427092.00
46908,62523504.00
46909,5787597.00
46910,11863935.00
46911,9021552.00
46912,23075044.00
46913,13523580.00
46914,19502614.00
46915,21315220.00
46916,8605858.00
46917,18100488.00
46918,25189614.00
46919,16239533.00
46920,24424852.00
46921,9332652.00
46922,11707400.00
46923,12035482.00
46924,27346248.00
46925,10572320.00
46926,16761398.00
46927,16786248.00
46928,13763534.00
46929,12151238.00
46930,15961571.00
46931,11299720.00
46932,25423368.00
46933,7010667.50
46934,30580712.00
46935,37425620.00
46936,26526930.00
46937,11268049.00
46938,15763668.00
46939,8268580.00
46940,9110548.00
46941,21913368.00
46942,44164300.00
46943,22446372.00
46944,14515684.00
46945,12477530.00
46946,16849740.00
46947,26181196.00
46948,19043710.00
46949,11391576.00
46950,16085587.00
46951,31383488.00
46952,12903328.00
46953,34047812.00
46954,30473436.00
46955,33425448.00
46956,14949372.00
46957,8924348.00
46958,10961990.00
46959,23401944.00
46960,11363332.00
46961,46842564.00
46962,8982961.00
46963,9899184.00
46964,10769576.00
46965,37801792.00
46966,13283466.00
46967,16883730.00
46968,22299880.00
46969,18441232.00
46970,22349160.00
46971,10129626.00
46972,146768912.00
46973,17785766.00
46974,4595098.00
46975,19021348.00
46976,21188548.00
46977,18478802.00
46978,12176192.00
46979,25642926.00
46980,12785006.00
46981,16726031.00
46982,12332526.00
46983,20717590.00
46984,29089296.00
46985,6422045.00
46986,24170904.00
46987,14614321.00
46988,25118316.00
46989,28003228.00
46990,88911008.00
46991,13556918.00
46992,14082281.00
46993,39125664.00
46994,18135874.00
46995,33729588.00
46996,11548694.00
46997,18055850.00
46998,16344690.00
46999,4839277.00
47000,13293949.00
47001,11036339.00
47002,16471496.00
47003,39067404.00
47004,33736844.00
47005,9913426.00
47006,22376140.00
47007,16855582.00
47008,8331694.50
47009,11084225.00
47010,5129266.00
47011,8330236.00
47012,15599656.00
47013,66910496.00
47014,14391459.00
47015,20931340.00
47016,4523159.00
47017,7896296.50
47018,8083209.50
47019,55223076.00
47020,42493008.00
47021,17580356.00
47022,8622328.00
47023,9650197.00
47024,8809193.00
47025,21996680.00
47026,12273526.00
47027,9233232.00
47028,21320726.00
47029,11790243.00
47030,23857748.00
47031,38136228.00
47032,25509232.00
47033,14492709.00
47034,21784192.00
47035,26076880.00
47036,13545009.00
47037,10413061.00
47038,18044346.00
47039,13677125.00
47040,10909243.00
47041,16923600.00
47042,7654331.50
47043,18494756.00
47044,40991336.00
47045,4878555.00
47046,26029258.00
47047,12037871.00
47048,21793490.00
47049,5557869.00
47050,22069960.00
47051,5382029.00
47052,34207264.00
47053,9555718.00
47054,8542806.00
47055,10127806.00
47056,20140680.00
47057,20639122.00
47058,10542056.00
47059,24325076.00
47060,20693584.00
47061,54695972.00
47062,11141065.00
47063,25805522.00
47064,22742796.00
47065,25653702.00
47066,12465788.00
47067,42470436.00
47068,17073772.00
47069,11288342.00
47070,8523016.00
47071,17685040.00
47072,9146044.00
47073,49297384.00
47074,9526089.00
